ACCOUNT_ID,BILL_NUMBER,PIN,DISABLED
1,39P016478P,123456,0
2,39P016643P,123456,0
3,37P122201P,123456,0
4,39P119201P,123456,0
5,37P013100P,123456,0
6,37P013099P,123456,0
7,37P107801P,123456,0
8,39P205899P,123456,0
9,39P016644P,123456,0
10,37P103201P,123456,0
11,38P106001P,123456,0
12,37P111902P,123456,0
13,37P205320P,123456,0
14,37P119105P,123456,0
15,37P102605P,123456,0
16,39P016645P,123456,0
17,37P122108P,123456,0
18,37P122110P,123456,0
19,37P122101P,123456,0
20,37P122105P,123456,0
21,37P122107P,123456,0
22,37P114308P,123456,0
23,39P118301P,123456,0
24,37P205441P,123456,0
25,37P013202P,123456,0
26,37P102503P,123456,0
27,39P016499P,123456,0
28,37P119102P,123456,0
29,37P105915P,123456,0
30,37P101502P,123456,0
31,37P101501P,123456,0
32,39P016479P,123456,0
33,37P013182P,123456,0
34,37P013223P,123456,0
35,37P013214P,123456,0
36,37P013116P,123456,0
37,37P013181P,123456,0
38,39P016480P,123456,0
39,37P013037P,123456,0
40,37P123910P,123456,0
41,39P015943P,123456,0
42,37P013180P,123456,0
43,37P013213P,123456,0
44,37P102501P,123456,0
45,37P013122P,123456,0
46,37P013032P,123456,0
47,37P013029P,123456,0
48,37P105605P,123456,0
49,37P108301P,123456,0
50,37P205566P,123456,0
51,37P013120P,123456,0
52,37P116408P,123456,0
53,37P013165P,123456,0
54,39P016540P,123456,0
55,39P016481P,123456,0
56,37P116405P,123456,0
57,39P016316P,123456,0
58,37P118936P,123456,0
59,38P100240P,123456,0
60,39P117705P,123456,0
61,38P105631P,123456,0
62,38P207453P,123456,0
63,38P100213P,123456,0
64,38P104705P,123456,0
65,37P116404P,123456,0
66,38P100354P,123456,0
67,37P106223P,123456,0
68,38P104703P,123456,0
69,37P116403P,123456,0
70,37P104002P,123456,0
71,37P106210P,123456,0
72,37P106211P,123456,0
73,39P016649P,123456,0
74,39P016494P,123456,0
75,39P016648P,123456,0
76,37P205486P,123456,0
77,38P100211P,123456,0
78,39P117710P,123456,0
79,37P013222P,123456,0
80,37P123401P,123456,0
81,39P301490P,123456,0
82,39P016544P,123456,0
83,37P120834P,123456,0
84,37P117306P,123456,0
85,37P205371P,123456,0
86,39P301861P,123456,0
87,37P205335P,123456,0
88,37P205430P,123456,0
89,37P013076P,123456,0
90,37P103133P,123456,0
91,39P016546P,123456,0
92,37P119201P,123456,0
93,37P115001P,123456,0
94,38P104402P,123456,0
95,37P114614P,123456,0
96,37P013074P,123456,0
97,37P114603P,123456,0
98,37P205379P,123456,0
99,39P015906P,123456,0
100,39P016655P,123456,0
101,37P105101P,123456,0
102,37P106109P,123456,0
103,39P016313P,123456,0
104,38P100353P,123456,0
105,37P013087P,123456,0
106,37P013244P,123456,0
107,38P104102P,123456,0
108,38P104209P,123456,0
109,38P104201P,123456,0
110,37P013085P,123456,0
111,37P205337P,123456,0
112,39P130155P,123456,0
113,39P132710P,123456,0
114,37P114125P,123456,0
115,39P016660P,123456,0
116,37P116201P,123456,0
117,39P016550P,123456,0
118,39P016548P,123456,0
119,39P201440P,123456,0
120,37P207427P,123456,0
121,39P200920P,123456,0
122,39P016659P,123456,0
123,39P200902P,123456,0
124,39P200905P,123456,0
125,37P013083P,123456,0
126,39P201352P,123456,0
127,39P301934P,123456,0
128,37P013082P,123456,0
129,39P200901P,123456,0
130,37P112412P,123456,0
131,39P016637P,123456,0
132,39P016662P,123456,0
133,37P114801P,123456,0
134,39P129604P,123456,0
135,39P129602P,123456,0
136,39P301712P,123456,0
137,39P301723P,123456,0
138,39P234110P,123456,0
139,37P112309P,123456,0
140,37P205600P,123456,0
141,39P132715P,123456,0
142,37P112310P,123456,0
143,37P013212P,123456,0
144,39P016665P,123456,0
145,37P106902P,123456,0
146,37P013078P,123456,0
147,39P015967P,123456,0
148,39P133029P,123456,0
149,39P133031P,123456,0
150,39P301484P,123456,0
151,39P132703P,123456,0
152,39P016668P,123456,0
153,39P016307P,123456,0
154,39P016666P,123456,0
155,39P016667P,123456,0
156,39P301483P,123456,0
157,39P133020P,123456,0
158,39P016305P,123456,0
159,39P301788P,123456,0
160,39P301654P,123456,0
161,39P016297P,123456,0
162,39P016670P,123456,0
163,39P016669P,123456,0
164,37P100701P,123456,0
165,39P133121P,123456,0
166,39P133136P,123456,0
167,39P301481P,123456,0
168,39P116819P,123456,0
169,38P134629P,123456,0
170,39P134629P,123456,0
171,39P204732P,123456,0
172,37P114804P,123456,0
173,39P133208P,123456,0
174,39P133206P,123456,0
175,37P013073P,123456,0
176,37P013077P,123456,0
177,37P013072P,123456,0
178,38P104011P,123456,0
179,37P105117P,123456,0
180,39P015941P,123456,0
181,39P016671P,123456,0
182,37P112205P,123456,0
183,37P013164P,123456,0
184,39P133112P,123456,0
185,39P203423P,123456,0
186,39P016291P,123456,0
187,39P203411P,123456,0
188,39P301593P,123456,0
189,37P125303P,123456,0
190,39P016672P,123456,0
191,39P016673P,123456,0
192,39P133201P,123456,0
193,39P129001P,123456,0
194,39P129010P,123456,0
195,39P129009P,123456,0
196,39P129019P,123456,0
197,39P301478P,123456,0
198,39P301821P,123456,0
199,39P132607P,123456,0
200,39P129410P,123456,0
201,37P103808P,123456,0
202,39P301476P,123456,0
203,37P013240P,123456,0
204,38P100334P,123456,0
205,37P103804P,123456,0
206,39P113601P,123456,0
207,39P108705P,123456,0
208,37P101406P,123456,0
209,39P200616P,123456,0
210,39P200503P,123456,0
211,39P202708P,123456,0
212,39P135230P,123456,0
213,39P133226P,123456,0
214,39P015969P,123456,0
215,39P133308P,123456,0
216,39P133316P,123456,0
217,39P016674P,123456,0
218,39P016675P,123456,0
219,39P016289P,123456,0
220,39P202904P,123456,0
221,39P113501P,123456,0
222,37P129402P,123456,0
223,39P201351P,123456,0
224,39P201363P,123456,0
225,39P301724P,123456,0
226,39P016677P,123456,0
227,39P133314P,123456,0
228,39P301412P,123456,0
229,39P301290P,123456,0
230,39P016195P,123456,0
231,39P223735P,123456,0
232,39P200403P,123456,0
233,39P200804P,123456,0
234,39P301731P,123456,0
235,39P016679P,123456,0
236,39P016678P,123456,0
237,39P131202P,123456,0
238,39P206719P,123456,0
239,39P200808P,123456,0
240,37P013238P,123456,0
241,39P301890P,123456,0
242,37P013237P,123456,0
243,37P107253P,123456,0
244,39P016680P,123456,0
245,39P016681P,123456,0
246,39P301608P,123456,0
247,37P117421P,123456,0
248,37P205506P,123456,0
249,39P112701P,123456,0
250,39P206736P,123456,0
251,39P207021P,123456,0
252,39P016657P,123456,0
253,39P207022P,123456,0
254,39P301800P,123456,0
255,39P206720P,123456,0
256,37P117314P,123456,0
257,37P103004P,123456,0
258,39P206732P,123456,0
259,39P128705P,123456,0
260,39P128909P,123456,0
261,37P112329P,123456,0
262,39P128907P,123456,0
263,39P129305P,123456,0
264,39P301799P,123456,0
265,39P302042P,123456,0
266,39P113905P,123456,0
267,37P013215P,123456,0
268,38P103701P,123456,0
269,39P016654P,123456,0
270,38P100333P,123456,0
271,38P101111P,123456,0
272,39P203408P,123456,0
273,39P123613P,123456,0
274,39P103303P,123456,0
275,39P206722P,123456,0
276,39P308015P,123456,0
277,39P132602P,123456,0
278,39P132518P,123456,0
279,39P129304P,123456,0
280,39P132601P,123456,0
281,39P205378P,123456,0
282,39P132510P,123456,0
283,39P132511P,123456,0
284,39P016286P,123456,0
285,39P301907P,123456,0
286,39P205711P,123456,0
287,39P203594P,123456,0
288,37P102702P,123456,0
289,39P129916P,123456,0
290,39P016551P,123456,0
291,39P113309P,123456,0
292,37P102706P,123456,0
293,39P203419P,123456,0
294,38P100104P,123456,0
295,39P128818P,123456,0
296,39P207199P,123456,0
297,39P223727P,123456,0
298,39P207179P,123456,0
299,37P013127P,123456,0
300,39P301659P,123456,0
301,39P129309P,123456,0
302,38P103409P,123456,0
303,39P111201P,123456,0
304,39P126004P,123456,0
305,39P132508P,123456,0
306,37P123913P,123456,0
307,39P205714P,123456,0
308,38P102906P,123456,0
309,39P100112P,123456,0
310,38P103404P,123456,0
311,37P102005P,123456,0
312,37P205553P,123456,0
313,37P102008P,123456,0
314,39P123709P,123456,0
315,39P016653P,123456,0
316,39P133305P,123456,0
317,39P301925P,123456,0
318,39P132514P,123456,0
319,39P016285P,123456,0
320,39P205360P,123456,0
321,39P203418P,123456,0
322,39P205835P,123456,0
323,39P205798P,123456,0
324,39P203405P,123456,0
325,39P205641P,123456,0
326,39P015930P,123456,0
327,39P206635P,123456,0
328,39P015926P,123456,0
329,39P015927P,123456,0
330,39P205645P,123456,0
331,39P205639P,123456,0
332,39P203403P,123456,0
333,39P301526P,123456,0
334,39P016284P,123456,0
335,39P016283P,123456,0
336,39P128908P,123456,0
337,39P016280P,123456,0
338,39P016281P,123456,0
339,39P206513P,123456,0
340,39P207113P,123456,0
341,39P202393P,123456,0
342,39P207105P,123456,0
343,37P013046P,123456,0
344,39P016476P,123456,0
345,39P016541P,123456,0
346,39P132505P,123456,0
347,39P132515P,123456,0
348,37P205408P,123456,0
349,37P102004P,123456,0
350,39P129210P,123456,0
351,39P301462P,123456,0
352,39P128816P,123456,0
353,39P301575P,123456,0
354,39P016160P,123456,0
355,39P301236P,123456,0
356,39P302101P,123456,0
357,39P105307P,123456,0
358,37P101909P,123456,0
359,39P206643P,123456,0
360,39P016198P,123456,0
361,39P126502P,123456,0
362,39P132501P,123456,0
363,39P108704P,123456,0
364,39P132407P,123456,0
365,39P206611P,123456,0
366,39P301860P,123456,0
367,39P107603P,123456,0
368,39P129207P,123456,0
369,39P206606P,123456,0
370,39P131602P,123456,0
371,39P301990P,123456,0
372,39P301730P,123456,0
373,39P201361P,123456,0
374,39P128812P,123456,0
375,39P016650P,123456,0
376,39P015925P,123456,0
377,39P132406P,123456,0
378,39P016224P,123456,0
379,37P124802P,123456,0
380,39P128710P,123456,0
381,39P016646P,123456,0
382,39P132414P,123456,0
383,37P101401P,123456,0
384,38P100216P,123456,0
385,39P204302P,123456,0
386,39P015974P,123456,0
387,39P128709P,123456,0
388,37P124801P,123456,0
389,39P133005P,123456,0
390,39P301917P,123456,0
391,39P302055P,123456,0
392,39P133999P,123456,0
393,37P205542P,123456,0
394,39P100004P,123456,0
395,39P301649P,123456,0
396,37P114812P,123456,0
397,37P112703P,123456,0
398,37P122214P,123456,0
399,37P100913P,123456,0
400,37P117801P,123456,0
401,37P013101P,123456,0
402,37P114201P,123456,0
403,37P117901P,123456,0
404,39P016496P,123456,0
405,39P016477P,123456,0
406,37P013104P,123456,0
407,39P119701P,123456,0
408,38P106003P,123456,0
409,38P105401P,123456,0
410,37P013186P,123456,0
411,37P117808P,123456,0
412,37P117803P,123456,0
413,39P016640P,123456,0
414,39P016641P,123456,0
415,39P016642P,123456,0
416,37P117603P,123456,0
417,37P115402P,123456,0
418,39P119803P,123456,0
419,38P106108P,123456,0
420,37P114101P,123456,0
421,37P013105P,123456,0
422,39P016638P,123456,0
423,37P013062P,123456,0
424,37P100906P,123456,0
425,37P114103P,123456,0
426,39P016635P,123456,0
427,37P113901P,123456,0
428,37P121516P,123456,0
429,37P013226P,123456,0
430,37P106815P,123456,0
431,37P103306P,123456,0
432,38P100356P,123456,0
433,38P106401P,123456,0
434,37P013113P,123456,0
435,37P100901P,123456,0
436,38P100357P,123456,0
437,39P133114P,123456,0
438,37P101718P,123456,0
439,37P205554P,123456,0
440,39P301501P,123456,0
441,39P016321P,123456,0
442,37P113701P,123456,0
443,39P301590P,123456,0
444,37P117809P,123456,0
445,37P205558P,123456,0
446,37P122206P,123456,0
447,39P016542P,123456,0
448,37P122212P,123456,0
449,37P203125P,123456,0
450,37P123909P,123456,0
451,37P123905P,123456,0
452,39P016492P,123456,0
453,39P016470P,123456,0
454,37P123906P,123456,0
455,37P013166P,123456,0
456,37P205426P,123456,0
457,37P111302P,123456,0
458,39P301733P,123456,0
459,37P100903P,123456,0
460,37P109006P,123456,0
461,37P205886P,123456,0
462,37P205887P,123456,0
463,39P122101P,123456,0
464,37P121901P,123456,0
465,39P016467P,123456,0
466,37P115204P,123456,0
467,37P205573P,123456,0
468,37P125520P,123456,0
469,37P104201P,123456,0
470,39P201358P,123456,0
471,37P101719P,123456,0
472,38P105902P,123456,0
473,38P207412P,123456,0
474,39P016491P,123456,0
475,39P016466P,123456,0
476,37P013106P,123456,0
477,37P205450P,123456,0
478,37P013190P,123456,0
479,37P103402P,123456,0
480,39P016490P,123456,0
481,39P016463P,123456,0
482,37P117301P,123456,0
483,37P205522P,123456,0
484,37P118006P,123456,0
485,37P115203P,123456,0
486,38P106602P,123456,0
487,37P108402P,123456,0
488,37P101318P,123456,0
489,37P120803P,123456,0
490,37P013044P,123456,0
491,37P120707P,123456,0
492,37P205913P,123456,0
493,37P013045P,123456,0
494,37P120801P,123456,0
495,39P016325P,123456,0
496,37P120705P,123456,0
497,37P013060P,123456,0
498,37P013061P,123456,0
499,37P120701P,123456,0
500,37P121502P,123456,0
501,37P013235P,123456,0
502,39P016461P,123456,0
503,39P016488P,123456,0
504,39P016462P,123456,0
505,38P100228P,123456,0
506,37P106242P,123456,0
507,37P106206P,123456,0
508,37P102101P,123456,0
509,39P015964P,123456,0
510,39P015965P,123456,0
511,37P013111P,123456,0
512,37P120811P,123456,0
513,37P120832P,123456,0
514,37P013063P,123456,0
515,37P106205P,123456,0
516,39P123103P,123456,0
517,37P205482P,123456,0
518,37P013229P,123456,0
519,37P120828P,123456,0
520,37P013064P,123456,0
521,37P102002P,123456,0
522,37P013065P,123456,0
523,37P102003P,123456,0
524,37P120810P,123456,0
525,39P123002P,123456,0
526,37P120510P,123456,0
527,37P102121P,123456,0
528,37P110309P,123456,0
529,37P013108P,123456,0
530,37P205332P,123456,0
531,37P013066P,123456,0
532,37P205360P,123456,0
533,37P100904P,123456,0
534,37P120807P,123456,0
535,37P112405P,123456,0
536,39P016485P,123456,0
537,37P109705P,123456,0
538,37P205555P,123456,0
539,37P135121P,123456,0
540,37P122008P,123456,0
541,37P106816P,123456,0
542,38P101205P,123456,0
543,38P102801P,123456,0
544,39P122210P,123456,0
545,38P100229P,123456,0
546,39P016484P,123456,0
547,39P016460P,123456,0
548,37P204913P,123456,0
549,39P016543P,123456,0
550,37P205405P,123456,0
551,38P110612P,123456,0
552,39P301792P,123456,0
553,38P110510P,123456,0
554,38P102001P,123456,0
555,39P016634P,123456,0
556,38P102903P,123456,0
557,38P100125P,123456,0
558,38P103001P,123456,0
559,38P100201P,123456,0
560,38P100234P,123456,0
561,38P103002P,123456,0
562,39P016180P,123456,0
563,38P103003P,123456,0
564,38P103004P,123456,0
565,38P103010P,123456,0
566,38P102716P,123456,0
567,38P103011P,123456,0
568,38P102708P,123456,0
569,38P104708P,123456,0
570,38P102715P,123456,0
571,38P105101P,123456,0
572,39P301559P,123456,0
573,37P110603P,123456,0
574,39P130603P,123456,0
575,38P101001P,123456,0
576,39P016633P,123456,0
577,39P016483P,123456,0
578,38P207437P,123456,0
579,38P100235P,123456,0
580,39P130307P,123456,0
581,39P130303P,123456,0
582,38P101903P,123456,0
583,37P110501P,123456,0
584,39P016482P,123456,0
585,39P124203P,123456,0
586,38P114115P,123456,0
587,37P110702P,123456,0
588,38P101403P,123456,0
589,38P103007P,123456,0
590,38P122617P,123456,0
591,38P211112P,123456,0
592,38P102607P,123456,0
593,38P102606P,123456,0
594,37P111101P,123456,0
595,38P100106P,123456,0
596,38P107905P,123456,0
597,38P107906P,123456,0
598,39P016632P,123456,0
599,39P124801P,123456,0
600,38P111838P,123456,0
601,39P129018P,123456,0
602,38P103302P,123456,0
603,39P016456P,123456,0
604,39P016631P,123456,0
605,37P111401P,123456,0
606,38P207432P,123456,0
607,38P101409P,123456,0
608,38P100501P,123456,0
609,38P100237P,123456,0
610,37P013015P,123456,0
611,39P016629P,123456,0
612,39P016630P,123456,0
613,37P205509P,123456,0
614,38P111815P,123456,0
615,39P201369P,123456,0
616,38P101804P,123456,0
617,39P015970P,123456,0
618,38P111827P,123456,0
619,38P100107P,123456,0
620,38P101401P,123456,0
621,37P013067P,123456,0
622,38P100238P,123456,0
623,38P107910P,123456,0
624,37P112705P,123456,0
625,38P100242P,123456,0
626,37P112311P,123456,0
627,38P101404P,123456,0
628,37P112409P,123456,0
629,37P112306P,123456,0
630,38P100904P,123456,0
631,37P112401P,123456,0
632,37P013125P,123456,0
633,37P112407P,123456,0
634,37P116607P,123456,0
635,37P112414P,123456,0
636,37P112709P,123456,0
637,38P207498P,123456,0
638,38P100150P,123456,0
639,37P013242P,123456,0
640,38P106205P,123456,0
641,37P013109P,123456,0
642,38P106501P,123456,0
643,37P112101P,123456,0
644,38P109701P,123456,0
645,38P114205P,123456,0
646,38P207441P,123456,0
647,37P112327P,123456,0
648,37P205570P,123456,0
649,37P205594P,123456,0
650,39P100102P,123456,0
651,39P114901P,123456,0
652,38P100245P,123456,0
653,39P108901P,123456,0
654,39P015903P,123456,0
655,39P100103P,123456,0
656,37P013266P,123456,0
657,37P119306P,123456,0
658,39P123410P,123456,0
659,37P205908P,123456,0
660,37P106906P,123456,0
661,37P205550P,123456,0
662,38P100358P,123456,0
663,39P107205P,123456,0
664,39P109004P,123456,0
665,39P114902P,123456,0
666,38P100359P,123456,0
667,38P100152P,123456,0
668,38P111805P,123456,0
669,38P112805P,123456,0
670,38P112802P,123456,0
671,39P016095P,123456,0
672,38P100154P,123456,0
673,38P100221P,123456,0
674,39P016451P,123456,0
675,39P016453P,123456,0
676,39P016031P,123456,0
677,37P115101P,123456,0
678,38P109005P,123456,0
679,38P112602P,123456,0
680,39P016625P,123456,0
681,38P111204P,123456,0
682,39P102405P,123456,0
683,39P301509P,123456,0
684,39P016032P,123456,0
685,39P102403P,123456,0
686,39P016033P,123456,0
687,39P016034P,123456,0
688,38P205716P,123456,0
689,39P108801P,123456,0
690,38P203199P,123456,0
691,39P113003P,123456,0
692,38P107402P,123456,0
693,39P016450P,123456,0
694,38P207478P,123456,0
695,39P102401P,123456,0
696,39P016035P,123456,0
697,39P108806P,123456,0
698,38P207462P,123456,0
699,39P102602P,123456,0
700,39P100301P,123456,0
701,38P119306P,123456,0
702,39P015905P,123456,0
703,38P109001P,123456,0
704,39P109201P,123456,0
705,37P110101P,123456,0
706,39P016448P,123456,0
707,39P016331P,123456,0
708,39P102303P,123456,0
709,37P013204P,123456,0
710,37P205575P,123456,0
711,39P102304P,123456,0
712,37P117202P,123456,0
713,37P117105P,123456,0
714,38P109206P,123456,0
715,37P205563P,123456,0
716,37P013130P,123456,0
717,37P122044P,123456,0
718,37P115911P,123456,0
719,37P118105P,123456,0
720,39P108602P,123456,0
721,38P109702P,123456,0
722,39P129007P,123456,0
723,37P118201P,123456,0
724,38P100361P,123456,0
725,39P102216P,123456,0
726,37P120101P,123456,0
727,37P013131P,123456,0
728,37P118206P,123456,0
729,38P110101P,123456,0
730,37P120107P,123456,0
731,37P118401P,123456,0
732,37P120122P,123456,0
733,39P016329P,123456,0
734,38P100362P,123456,0
735,38P109803P,123456,0
736,37P118602P,123456,0
737,37P205521P,123456,0
738,37P118207P,123456,0
739,37P120114P,123456,0
740,37P205390P,123456,0
741,39P016618P,123456,0
742,39P016446P,123456,0
743,39P016328P,123456,0
744,37P120512P,123456,0
745,37P120118P,123456,0
746,37P120514P,123456,0
747,39P109404P,123456,0
748,37P201125P,123456,0
749,39P102802P,123456,0
750,37P120515P,123456,0
751,37P120501P,123456,0
752,39P016039P,123456,0
753,39P016613P,123456,0
754,39P016327P,123456,0
755,37P115902P,123456,0
756,37P118213P,123456,0
757,37P120513P,123456,0
758,37P116103P,123456,0
759,37P205392P,123456,0
760,37P013206P,123456,0
761,37P013197P,123456,0
762,37P205407P,123456,0
763,39P115109P,123456,0
764,37P013054P,123456,0
765,39P301708P,123456,0
766,39P016041P,123456,0
767,39P016326P,123456,0
768,37P116106P,123456,0
769,37P013110P,123456,0
770,37P013132P,123456,0
771,37P013055P,123456,0
772,37P205493P,123456,0
773,38P110306P,123456,0
774,37P116105P,123456,0
775,39P016621P,123456,0
776,37P116107P,123456,0
777,37P120407P,123456,0
778,39P108406P,123456,0
779,37P120906P,123456,0
780,39P109504P,123456,0
781,37P120826P,123456,0
782,39P100703P,123456,0
783,39P301957P,123456,0
784,39P016399P,123456,0
785,39P108309P,123456,0
786,39P016042P,123456,0
787,37P115801P,123456,0
788,37P205397P,123456,0
789,39P016043P,123456,0
790,38P112101P,123456,0
791,39P016400P,123456,0
792,39P016082P,123456,0
793,39P105102P,123456,0
794,38P110506P,123456,0
795,39P122007P,123456,0
796,37P205494P,123456,0
797,39P129911P,123456,0
798,39P101903P,123456,0
799,39P016080P,123456,0
800,39P016081P,123456,0
801,39P016465P,123456,0
802,39P108203P,123456,0
803,39P108206P,123456,0
804,39P108204P,123456,0
805,38P112304P,123456,0
806,38P112302P,123456,0
807,39P130202P,123456,0
808,39P016330P,123456,0
809,39P128817P,123456,0
810,39P016624P,123456,0
811,39P016076P,123456,0
812,39P016079P,123456,0
813,37P123427P,123456,0
814,37P116002P,123456,0
815,37P119401P,123456,0
816,39P130403P,123456,0
817,39P129504P,123456,0
818,39P016626P,123456,0
819,38P110531P,123456,0
820,37P205593P,123456,0
821,37P121213P,123456,0
822,39P306744P,123456,0
823,39P108002P,123456,0
824,39P110001P,123456,0
825,39P016029P,123456,0
826,38P110515P,123456,0
827,38P207485P,123456,0
828,38P111610P,123456,0
829,38P112008P,123456,0
830,38P112003P,123456,0
831,39P203268P,123456,0
832,37P013170P,123456,0
833,39P301802P,123456,0
834,39P016411P,123456,0
835,39P110102P,123456,0
836,39P135804P,123456,0
837,39P016070P,123456,0
838,39P016412P,123456,0
839,39P135801P,123456,0
840,38P100164P,123456,0
841,37P119901P,123456,0
842,39P016162P,123456,0
843,39P129906P,123456,0
844,37P013133P,123456,0
845,37P120417P,123456,0
846,39P135101P,123456,0
847,37P013172P,123456,0
848,37P013173P,123456,0
849,38P100149P,123456,0
850,37P120012P,123456,0
851,39P016069P,123456,0
852,37P013174P,123456,0
853,37P013175P,123456,0
854,39P130417P,123456,0
855,39P130416P,123456,0
856,37P013135P,123456,0
857,37P013176P,123456,0
858,37P120014P,123456,0
859,37P013136P,123456,0
860,37P120024P,123456,0
861,38P112011P,123456,0
862,37P106817P,123456,0
863,37P013178P,123456,0
864,37P120007P,123456,0
865,37P120017P,123456,0
866,37P120008P,123456,0
867,37P120009P,123456,0
868,39P130407P,123456,0
869,39P016455P,123456,0
870,39P301589P,123456,0
871,38P112203P,123456,0
872,39P015933P,123456,0
873,39P016437P,123456,0
874,39P107902P,123456,0
875,39P134414P,123456,0
876,39P110202P,123456,0
877,39P135104P,123456,0
878,39P301707P,123456,0
879,39P016048P,123456,0
880,39P127711P,123456,0
881,39P301796P,123456,0
882,39P016414P,123456,0
883,39P127720P,123456,0
884,39P110203P,123456,0
885,39P016206P,123456,0
886,39P128101P,123456,0
887,39P016415P,123456,0
888,39P127706P,123456,0
889,39P016416P,123456,0
890,39P016417P,123456,0
891,38P100202P,123456,0
892,39P135702P,123456,0
893,39P130625P,123456,0
894,39P016627P,123456,0
895,39P128105P,123456,0
896,37P120902P,123456,0
897,39P016163P,123456,0
898,39P016318P,123456,0
899,37P120812P,123456,0
900,39P127601P,123456,0
901,39P130804P,123456,0
902,39P302014P,123456,0
903,39P016049P,123456,0
904,39P016050P,123456,0
905,39P127602P,123456,0
906,39P016207P,123456,0
907,39P016060P,123456,0
908,39P016317P,123456,0
909,39P122701P,123456,0
910,39P129803P,123456,0
911,39P129907P,123456,0
912,39P130414P,123456,0
913,39P130812P,123456,0
914,39P130811P,123456,0
915,39P130810P,123456,0
916,39P120309P,123456,0
917,39P120308P,123456,0
918,37P100104P,123456,0
919,39P130814P,123456,0
920,39P016471P,123456,0
921,39P301732P,123456,0
922,39P301913P,123456,0
923,39P135420P,123456,0
924,39P135518P,123456,0
925,39P135113P,123456,0
926,39P016051P,123456,0
927,39P016614P,123456,0
928,39P135201P,123456,0
929,39P130912P,123456,0
930,39P135112P,123456,0
931,39P135118P,123456,0
932,39P016418P,123456,0
933,39P130902P,123456,0
934,39P110402P,123456,0
935,39P203132P,123456,0
936,37P013146P,123456,0
937,39P131017P,123456,0
938,39P130903P,123456,0
939,39P301594P,123456,0
940,39P016684P,123456,0
941,39P301984P,123456,0
942,38P100218P,123456,0
943,39P301510P,123456,0
944,39P104702P,123456,0
945,37P121401P,123456,0
946,39P200913P,123456,0
947,39P200701P,123456,0
948,39P131085P,123456,0
949,39P110505P,123456,0
950,37P100103P,123456,0
951,39P016315P,123456,0
952,39P016059P,123456,0
953,37P100304P,123456,0
954,39P016419P,123456,0
955,38P110601P,123456,0
956,39P015937P,123456,0
957,38P110602P,123456,0
958,39P103705P,123456,0
959,39P103702P,123456,0
960,38P100219P,123456,0
961,39P107505P,123456,0
962,38P110603P,123456,0
963,38P110604P,123456,0
964,39P129513P,123456,0
965,39P131101P,123456,0
966,39P131109P,123456,0
967,39P129510P,123456,0
968,39P200611P,123456,0
969,37P205530P,123456,0
970,39P131063P,123456,0
971,39P301364P,123456,0
972,39P129505P,123456,0
973,38P110701P,123456,0
974,39P131144P,123456,0
975,39P129508P,123456,0
976,39P110601P,123456,0
977,39P016210P,123456,0
978,39P016211P,123456,0
979,38P100250P,123456,0
980,39P135608P,123456,0
981,39P133912P,123456,0
982,39P133905P,123456,0
983,39P302045P,123456,0
984,39P016314P,123456,0
985,39P301365P,123456,0
986,39P122710P,123456,0
987,39P016421P,123456,0
988,39P133911P,123456,0
989,37P122805P,123456,0
990,39P129502P,123456,0
991,38P110712P,123456,0
992,39P016055P,123456,0
993,39P016612P,123456,0
994,38P100115P,123456,0
995,39P200801P,123456,0
996,39P016194P,123456,0
997,39P134208P,123456,0
998,39P016052P,123456,0
999,39P016054P,123456,0
1000,37P205891P,123456,0
1001,39P134304P,123456,0
1002,37P100117P,123456,0
1003,37P013049P,123456,0
1004,39P200601P,123456,0
1005,39P302332P,123456,0
1006,39P104703P,123456,0
1007,39P016423P,123456,0
1008,39P016056P,123456,0
1009,39P135301P,123456,0
1010,39P016312P,123456,0
1011,39P016053P,123456,0
1012,39P016425P,123456,0
1013,39P132411P,123456,0
1014,39P016424P,123456,0
1015,39P133716P,123456,0
1016,39P016469P,123456,0
1017,38P207414P,123456,0
1018,39P016611P,123456,0
1019,39P100201P,123456,0
1020,39P015938P,123456,0
1021,39P200610P,123456,0
1022,39P016610P,123456,0
1023,39P016045P,123456,0
1024,39P016047P,123456,0
1025,39P200609P,123456,0
1026,39P134717P,123456,0
1027,39P134715P,123456,0
1028,39P134716P,123456,0
1029,39P131110P,123456,0
1030,39P234264P,123456,0
1031,39P131111P,123456,0
1032,39P016213P,123456,0
1033,38P100301P,123456,0
1034,39P016152P,123456,0
1035,39P016214P,123456,0
1036,39P016468P,123456,0
1037,39P015918P,123456,0
1038,39P130302P,123456,0
1039,39P200504P,123456,0
1040,39P301729P,123456,0
1041,39P302010P,123456,0
1042,39P016426P,123456,0
1043,39P301598P,123456,0
1044,37P013137P,123456,0
1045,39P134702P,123456,0
1046,39P205874P,123456,0
1047,39P135507P,123456,0
1048,39P301791P,123456,0
1049,39P131218P,123456,0
1050,39P107301P,123456,0
1051,39P134712P,123456,0
1052,39P223722P,123456,0
1053,39P134720P,123456,0
1054,39P134728P,123456,0
1055,39P135514P,123456,0
1056,39P016040P,123456,0
1057,39P135310P,123456,0
1058,39P133040P,123456,0
1059,39P133014P,123456,0
1060,39P205431P,123456,0
1061,39P133028P,123456,0
1062,37P205490P,123456,0
1063,39P016038P,123456,0
1064,39P133026P,123456,0
1065,39P133012P,123456,0
1066,39P016138P,123456,0
1067,39P202902P,123456,0
1068,39P133236P,123456,0
1069,39P133300P,123456,0
1070,39P016140P,123456,0
1071,39P202703P,123456,0
1072,39P016310P,123456,0
1073,39P202715P,123456,0
1074,39P133011P,123456,0
1075,39P133237P,123456,0
1076,39P016141P,123456,0
1077,39P133220P,123456,0
1078,39P016143P,123456,0
1079,39P016144P,123456,0
1080,39P133008P,123456,0
1081,39P131622P,123456,0
1082,39P016037P,123456,0
1083,39P133721P,123456,0
1084,39P016145P,123456,0
1085,39P016146P,123456,0
1086,39P016147P,123456,0
1087,38P112311P,123456,0
1088,37P122667P,123456,0
1089,39P016309P,123456,0
1090,39P016430P,123456,0
1091,37P013248P,123456,0
1092,39P205650P,123456,0
1093,39P301264P,123456,0
1094,37P013209P,123456,0
1095,37P122606P,123456,0
1096,37P122649P,123456,0
1097,37P013210P,123456,0
1098,38P110235P,123456,0
1099,39P016608P,123456,0
1100,39P016019P,123456,0
1101,37P013211P,123456,0
1102,37P122616P,123456,0
1103,39P016607P,123456,0
1104,39P016432P,123456,0
1105,39P131217P,123456,0
1106,39P135422P,123456,0
1107,39P016153P,123456,0
1108,39P134610P,123456,0
1109,39P130628P,123456,0
1110,39P130609P,123456,0
1111,39P134607P,123456,0
1112,39P301007P,123456,0
1113,39P125623P,123456,0
1114,39P234175P,123456,0
1115,39P016217P,123456,0
1116,39P135416P,123456,0
1117,39P135501P,123456,0
1118,39P134278P,123456,0
1119,39P223401P,123456,0
1120,39P133287P,123456,0
1121,39P016036P,123456,0
1122,39P201608P,123456,0
1123,39P200117P,123456,0
1124,37P121902P,123456,0
1125,39P206395P,123456,0
1126,38P112219P,123456,0
1127,39P301652P,123456,0
1128,39P301544P,123456,0
1129,39P016303P,123456,0
1130,39P016304P,123456,0
1131,39P016306P,123456,0
1132,39P301728P,123456,0
1133,39P200102P,123456,0
1134,39P131405P,123456,0
1135,39P205729P,123456,0
1136,39P016604P,123456,0
1137,39P016057P,123456,0
1138,39P205926P,123456,0
1139,39P016218P,123456,0
1140,39P016027P,123456,0
1141,37P100208P,123456,0
1142,37P013150P,123456,0
1143,39P105021P,123456,0
1144,39P134506P,123456,0
1145,39P301694P,123456,0
1146,39P129701P,123456,0
1147,37P013153P,123456,0
1148,39P016661P,123456,0
1149,38P207489P,123456,0
1150,39P016061P,123456,0
1151,39P016024P,123456,0
1152,39P016063P,123456,0
1153,39P301273P,123456,0
1154,37P013154P,123456,0
1155,37P100230P,123456,0
1156,39P104502P,123456,0
1157,39P111205P,123456,0
1158,39P016603P,123456,0
1159,39P103735P,123456,0
1160,38P100116P,123456,0
1161,37P122097P,123456,0
1162,37P122003P,123456,0
1163,39P104501P,123456,0
1164,39P111203P,123456,0
1165,37P013141P,123456,0
1166,37P122007P,123456,0
1167,38P110707P,123456,0
1168,37P013155P,123456,0
1169,39P130502P,123456,0
1170,38P112706P,123456,0
1171,38P100118P,123456,0
1172,37P121922P,123456,0
1173,39P100701P,123456,0
1174,38P100336P,123456,0
1175,39P013018P,123456,0
1176,37P203143P,123456,0
1177,39P107001P,123456,0
1178,38P100338P,123456,0
1179,37P100212P,123456,0
1180,38P112207P,123456,0
1181,37P013157P,123456,0
1182,39P202201P,123456,0
1183,39P111405P,123456,0
1184,39P201305P,123456,0
1185,39P202113P,123456,0
1186,39P301512P,123456,0
1187,39P301514P,123456,0
1188,39P130701P,123456,0
1189,38P115012P,123456,0
1190,38P115011P,123456,0
1191,39P201402P,123456,0
1192,39P202114P,123456,0
1193,39P223634P,123456,0
1194,39P016296P,123456,0
1195,39P015971P,123456,0
1196,39P223742P,123456,0
1197,39P202115P,123456,0
1198,39P202011P,123456,0
1199,39P302103P,123456,0
1200,39P204766P,123456,0
1201,39P205731P,123456,0
1202,39P134504P,123456,0
1203,39P223447P,123456,0
1204,39P301797P,123456,0
1205,39P205811P,123456,0
1206,39P202134P,123456,0
1207,39P016408P,123456,0
1208,39P301437P,123456,0
1209,39P015946P,123456,0
1210,39P124826P,123456,0
1211,39P104401P,123456,0
1212,39P302269P,123456,0
1213,39P016294P,123456,0
1214,39P201306P,123456,0
1215,39P201401P,123456,0
1216,39P201307P,123456,0
1217,39P205801P,123456,0
1218,39P207703P,123456,0
1219,39P202025P,123456,0
1220,39P201312P,123456,0
1221,39P203905P,123456,0
1222,39P203906P,123456,0
1223,39P205775P,123456,0
1224,39P133304P,123456,0
1225,39P205632P,123456,0
1226,39P301735P,123456,0
1227,39P205014P,123456,0
1228,37P013115P,123456,0
1229,39P205745P,123456,0
1230,39P205738P,123456,0
1231,39P202150P,123456,0
1232,39P130702P,123456,0
1233,39P206208P,123456,0
1234,39P301553P,123456,0
1235,39P206219P,123456,0
1236,39P301969P,123456,0
1237,39P016600P,123456,0
1238,39P016601P,123456,0
1239,39P301587P,123456,0
1240,39P206203P,123456,0
1241,39P202180P,123456,0
1242,39P202142P,123456,0
1243,39P202162P,123456,0
1244,39P301975P,123456,0
1245,39P201310P,123456,0
1246,39P201321P,123456,0
1247,39P201614P,123456,0
1248,39P201367P,123456,0
1249,39P301231P,123456,0
1250,39P016599P,123456,0
1251,39P202117P,123456,0
1252,39P206202P,123456,0
1253,39P202120P,123456,0
1254,39P201403P,123456,0
1255,39P130508P,123456,0
1256,39P301738P,123456,0
1257,39P206222P,123456,0
1258,39P301592P,123456,0
1259,39P016016P,123456,0
1260,39P016427P,123456,0
1261,39P301745P,123456,0
1262,39P301607P,123456,0
1263,39P016221P,123456,0
1264,39P015948P,123456,0
1265,39P301892P,123456,0
1266,39P016015P,123456,0
1267,39P206256P,123456,0
1268,39P301747P,123456,0
1269,38P110624P,123456,0
1270,39P016288P,123456,0
1271,39P016012P,123456,0
1272,39P016013P,123456,0
1273,37P205524P,123456,0
1274,39P016175P,123456,0
1275,39P223738P,123456,0
1276,39P016176P,123456,0
1277,39P205784P,123456,0
1278,39P016010P,123456,0
1279,39P016011P,123456,0
1280,39P103802P,123456,0
1281,39P016664P,123456,0
1282,39P301938P,123456,0
1283,39P205790P,123456,0
1284,39P016287P,123456,0
1285,39P016009P,123456,0
1286,39P205785P,123456,0
1287,39P205786P,123456,0
1288,39P107606P,123456,0
1289,39P016008P,123456,0
1290,39P301833P,123456,0
1291,37P013158P,123456,0
1292,39P301871P,123456,0
1293,39P134413P,123456,0
1294,39P116302P,123456,0
1295,39P016005P,123456,0
1296,39P301967P,123456,0
1297,39P301944P,123456,0
1298,39P016179P,123456,0
1299,39P016282P,123456,0
1300,39P131504P,123456,0
1301,39P131506P,123456,0
1302,37P205564P,123456,0
1303,37P205488P,123456,0
1304,39P134305P,123456,0
1305,37P100622P,123456,0
1306,37P123006P,123456,0
1307,39P016251P,123456,0
1308,38P114207P,123456,0
1309,39P116304P,123456,0
1310,39P106301P,123456,0
1311,39P016226P,123456,0
1312,37P100616P,123456,0
1313,38P100340P,123456,0
1314,39P016071P,123456,0
1315,39P015950P,123456,0
1316,39P301321P,123456,0
1317,38P114208P,123456,0
1318,38P114203P,123456,0
1319,39P016072P,123456,0
1320,37P123002P,123456,0
1321,37P205912P,123456,0
1322,38P113116P,123456,0
1323,38P114601P,123456,0
1324,38P100341P,123456,0
1325,38P101202P,123456,0
1326,37P205406P,123456,0
1327,39P131509P,123456,0
1328,38P100342P,123456,0
1329,37P100521P,123456,0
1330,39P016279P,123456,0
1331,39P016196P,123456,0
1332,37P013160P,123456,0
1333,39P301715P,123456,0
1334,39P301829P,123456,0
1335,39P131510P,123456,0
1336,37P123103P,123456,0
1337,39P104223P,123456,0
1338,38P101033P,123456,0
1339,37P100608P,123456,0
1340,39P302555P,123456,0
1341,37P100504P,123456,0
1342,39P016278P,123456,0
1343,37P123904P,123456,0
1344,37P123901P,123456,0
1345,38P114811P,123456,0
1346,39P134207P,123456,0
1347,38P113114P,123456,0
1348,38P100158P,123456,0
1349,38P110711P,123456,0
1350,38P100322P,123456,0
1351,38P100324P,123456,0
1352,38P114702P,123456,0
1353,38P207455P,123456,0
1354,39P016274P,123456,0
1355,38P100328P,123456,0
1356,38P114703P,123456,0
1357,39P203106P,123456,0
1358,39P131511P,123456,0
1359,39P301591P,123456,0
1360,37P123902P,123456,0
1361,39P016000P,123456,0
1362,39P016272P,123456,0
1363,39P016001P,123456,0
1364,37P101635P,123456,0
1365,39P301911P,123456,0
1366,37P013161P,123456,0
1367,39P102102P,123456,0
1368,39P113303P,123456,0
1369,39P016127P,123456,0
1370,39P016075P,123456,0
1371,39P131605P,123456,0
1372,39P234511P,123456,0
1373,37P122635P,123456,0
1374,39P201607P,123456,0
1375,39P015902P,123456,0
1376,39P015999P,123456,0
1377,39P301727P,123456,0
1378,39P201704P,123456,0
1379,39P223579P,123456,0
1380,39P016514P,123456,0
1381,39P016513P,123456,0
1382,38P114308P,123456,0
1383,38P111111P,123456,0
1384,39P015997P,123456,0
1385,39P015998P,123456,0
1386,38P111112P,123456,0
1387,38P100360P,123456,0
1388,38P114307P,123456,0
1389,38P100352P,123456,0
1390,38P111402P,123456,0
1391,38P207476P,123456,0
1392,39P301239P,123456,0
1393,39P301910P,123456,0
1394,39P201854P,123456,0
1395,37P013121P,123456,0
1396,39P134209P,123456,0
1397,39P134206P,123456,0
1398,39P016227P,123456,0
1399,39P129912P,123456,0
1400,39P204312P,123456,0
1401,39P134113P,123456,0
1402,39P134108P,123456,0
1403,39P134106P,123456,0
1404,39P016229P,123456,0
1405,39P205925P,123456,0
1406,39P128604P,123456,0
1407,39P016230P,123456,0
1408,39P201842P,123456,0
1409,39P015914P,123456,0
1410,39P134105P,123456,0
1411,38P114413P,123456,0
1412,39P123488P,123456,0
1413,39P202332P,123456,0
1414,39P203159P,123456,0
1415,39P133746P,123456,0
1416,39P016435P,123456,0
1417,39P016436P,123456,0
1418,39P016434P,123456,0
1419,38P208402P,123456,0
1420,38P115006P,123456,0
1421,38P207479P,123456,0
1422,38P208404P,123456,0
1423,39P301698P,123456,0
1424,39P123533P,123456,0
1425,39P202397P,123456,0
1426,39P201837P,123456,0
1427,39P202601P,123456,0
1428,39P016264P,123456,0
1429,39P015915P,123456,0
1430,39P203910P,123456,0
1431,39P203904P,123456,0
1432,39P203903P,123456,0
1433,39P015996P,123456,0
1434,39P301817P,123456,0
1435,39P103701P,123456,0
1436,39P204301P,123456,0
1437,39P015916P,123456,0
1438,39P234268P,123456,0
1439,39P016004P,123456,0
1440,39P205681P,123456,0
1441,39P205676P,123456,0
1442,39P016183P,123456,0
1443,39P301977P,123456,0
1444,39P204424P,123456,0
1445,39P204009P,123456,0
1446,39P204015P,123456,0
1447,39P204102P,123456,0
1448,39P205633P,123456,0
1449,39P301232P,123456,0
1450,38P100332P,123456,0
1451,39P204205P,123456,0
1452,39P202045P,123456,0
1453,39P205773P,123456,0
1454,39P301581P,123456,0
1455,37P013038P,123456,0
1456,39P015994P,123456,0
1457,39P201405P,123456,0
1458,39P204404P,123456,0
1459,39P134104P,123456,0
1460,39P201606P,123456,0
1461,39P206502P,123456,0
1462,39P134124P,123456,0
1463,39P016261P,123456,0
1464,39P015992P,123456,0
1465,39P201601P,123456,0
1466,39P016231P,123456,0
1467,39P016409P,123456,0
1468,39P016438P,123456,0
1469,39P016439P,123456,0
1470,39P016440P,123456,0
1471,39P016441P,123456,0
1472,39P016442P,123456,0
1473,39P016443P,123456,0
1474,39P203709P,123456,0
1475,39P016232P,123456,0
1476,39P201510P,123456,0
1477,39P203111P,123456,0
1478,37P013092P,123456,0
1479,37P013036P,123456,0
1480,39P301700P,123456,0
1481,39P111519P,123456,0
1482,39P234173P,123456,0
1483,39P203502P,123456,0
1484,39P201408P,123456,0
1485,39P206003P,123456,0
1486,39P015990P,123456,0
1487,39P016135P,123456,0
1488,39P016233P,123456,0
1489,39P134009P,123456,0
1490,39P016444P,123456,0
1491,39P301630P,123456,0
1492,39P207144P,123456,0
1493,39P016445P,123456,0
1494,39P302003P,123456,0
1495,39P205028P,123456,0
1496,39P202213P,123456,0
1497,39P301710P,123456,0
1498,39P206008P,123456,0
1499,39P016253P,123456,0
1500,39P015988P,123456,0
1501,39P015989P,123456,0
1502,39P131704P,123456,0
1503,39P206010P,123456,0
1504,39P131711P,123456,0
1505,39P205314P,123456,0
1506,38P101301P,123456,0
1507,37P124919P,123456,0
1508,39P203202P,123456,0
1509,39P201545P,123456,0
1510,39P201330P,123456,0
1511,39P015987P,123456,0
1512,39P103801P,123456,0
1513,39P206017P,123456,0
1514,39P134016P,123456,0
1515,39P201338P,123456,0
1516,39P201375P,123456,0
1517,39P016077P,123456,0
1518,39P301572P,123456,0
1519,39P206014P,123456,0
1520,39P223636P,123456,0
1521,39P205371P,123456,0
1522,39P206776P,123456,0
1523,39P302062P,123456,0
1524,39P128805P,123456,0
1525,39P016187P,123456,0
1526,39P016237P,123456,0
1527,39P016238P,123456,0
1528,39P016549P,123456,0
1529,39P133335P,123456,0
1530,39P301844P,123456,0
1531,39P301623P,123456,0
1532,39P301780P,123456,0
1533,39P301820P,123456,0
1534,39P201334P,123456,0
1535,39P203598P,123456,0
1536,39P201546P,123456,0
1537,39P223625P,123456,0
1538,39P301958P,123456,0
1539,39P203205P,123456,0
1540,39P131811P,123456,0
1541,39P131806P,123456,0
1542,39P016250P,123456,0
1543,39P203208P,123456,0
1544,39P128808P,123456,0
1545,39P131809P,123456,0
1546,38P124834P,123456,0
1547,39P016155P,123456,0
1548,39P201323P,123456,0
1549,39P203209P,123456,0
1550,39P016240P,123456,0
1551,39P201329P,123456,0
1552,39P125316P,123456,0
1553,39P223451P,123456,0
1554,39P201326P,123456,0
1555,39P129807P,123456,0
1556,39P015986P,123456,0
1557,37P013241P,123456,0
1558,39P016249P,123456,0
1559,39P205727P,123456,0
1560,39P133909P,123456,0
1561,39P131905P,123456,0
1562,39P301600P,123456,0
1563,39P016189P,123456,0
1564,39P203437P,123456,0
1565,39P016447P,123456,0
1566,39P131906P,123456,0
1567,39P016242P,123456,0
1568,39P235133P,123456,0
1569,39P133907P,123456,0
1570,39P107605P,123456,0
1571,39P104701P,123456,0
1572,39P302032P,123456,0
1573,39P223748P,123456,0
1574,39P016243P,123456,0
1575,39P016244P,123456,0
1576,39P133915P,123456,0
1577,39P016245P,123456,0
1578,39P203007P,123456,0
1579,39P205417P,123456,0
1580,39P201324P,123456,0
1581,37P013162P,123456,0
1582,39P015957P,123456,0
1583,39P016246P,123456,0
1584,39P206521P,123456,0
1585,39P016248P,123456,0
1586,37P013228P,123456,0
1587,39P201320P,123456,0
1588,39P016078P,123456,0
1589,39P128814P,123456,0
1590,39P202238P,123456,0
1591,39P202326P,123456,0
1592,39P133808P,123456,0
1593,39P129111P,123456,0
1594,39P301884P,123456,0
1595,39P301595P,123456,0
1596,39P133807P,123456,0
1597,39P105101P,123456,0
1598,39P016406P,123456,0
1599,39P015984P,123456,0
1600,39P133810P,123456,0
1601,37P205723P,123456,0
1602,39P133806P,123456,0
1603,39P131236P,123456,0
1604,39P133804P,123456,0
1605,37P100801P,123456,0
1606,37P107351P,123456,0
1607,39P015923P,123456,0
1608,39P202105P,123456,0
1609,39P206613P,123456,0
1610,39P206644P,123456,0
1611,39P206706P,123456,0
1612,37P124607P,123456,0
1613,39P016254P,123456,0
1614,39P223746P,123456,0
1615,39P132011P,123456,0
1616,39P132012P,123456,0
1617,39P132014P,123456,0
1618,39P301836P,123456,0
1619,37P013239P,123456,0
1620,37P013221P,123456,0
1621,37P013224P,123456,0
1622,39P132202P,123456,0
1623,39P133991P,123456,0
1624,39P132201P,123456,0
1625,39P132204P,123456,0
1626,39P128611P,123456,0
1627,39P301855P,123456,0
1628,37P205561P,123456,0
1629,39P105701P,123456,0
1630,39P016256P,123456,0
1631,39P016257P,123456,0
1632,39P016260P,123456,0
1633,39P016258P,123456,0
1634,39P016404P,123456,0
1635,39P301346P,123456,0
1636,39P016259P,123456,0
1637,39P132321P,123456,0
1638,39P132334P,123456,0
1639,39P204387P,123456,0
1640,39P129110P,123456,0
1641,39P132301P,123456,0
1642,39P132302P,123456,0
1643,39P016156P,123456,0
1644,37P101904P,123456,0
1645,39P100211P,123456,0
1646,39P206667P,123456,0
1647,39P205989P,123456,0
1648,39P132306P,123456,0
1649,39P206519P,123456,0
1650,37P117232P,123456,0
1651,39P205142P,123456,0
1652,39P128704P,123456,0
1653,39P132307P,123456,0
1654,37P013219P,123456,0
1655,39P132308P,123456,0
1656,38P102301P,123456,0
1657,39P132309P,123456,0
1658,39P016262P,123456,0
1659,39P016263P,123456,0
1660,39P016239P,123456,0
1661,39P016403P,123456,0
1662,37P013216P,123456,0
1663,37P013070P,123456,0
1664,37P101801P,123456,0
1665,38P102101P,123456,0
1666,39P132312P,123456,0
1667,39P203301P,123456,0
1668,39P133729P,123456,0
1669,39P203401P,123456,0
1670,39P301686P,123456,0
1671,39P133606P,123456,0
1672,39P016402P,123456,0
1673,39P015981P,123456,0
1674,39P015983P,123456,0
1675,39P204149P,123456,0
1676,39P016269P,123456,0
1677,39P133604P,123456,0
1678,39P301916P,123456,0
1679,39P301743P,123456,0
1680,39P016270P,123456,0
1681,39P016475P,123456,0
1682,39P133601P,123456,0
1683,39P133506P,123456,0
1684,39P133505P,123456,0
1685,39P302059P,123456,0
1686,39P133504P,123456,0
1687,39P206018P,123456,0
1688,37P013208P,123456,0
1689,39P206655P,123456,0
1690,39P203402P,123456,0
1691,39P301668P,123456,0
1692,39P016236P,123456,0
1693,39P016234P,123456,0
1694,39P015979P,123456,0
1695,39P016219P,123456,0
1696,37P013203P,123456,0
1697,39P301349P,123456,0
1698,39P133503P,123456,0
1699,39P133502P,123456,0
1700,39P206751P,123456,0
1701,39P204305P,123456,0
1702,39P015975P,123456,0
1703,39P015977P,123456,0
1704,39P206402P,123456,0
1705,39P206328P,123456,0
1706,39P016397P,123456,0
1707,39P302058P,123456,0
1708,39P302918P,123456,0
1709,39P131058P,123456,0
1710,39P207201P,123456,0
1711,39P207203P,123456,0
1712,39P207204P,123456,0
1713,39P301883P,123456,0
1714,39P207307P,123456,0
1715,39P207225P,123456,0
1716,39P207410P,123456,0
1717,39P207402P,123456,0
1718,39P207471P,123456,0
1719,39P207409P,123456,0
1720,39P207224P,123456,0
1721,39P207411P,123456,0
1722,39P207483P,123456,0
1723,39P207413P,123456,0
1724,39P207415P,123456,0
1725,39P207492P,123456,0
1726,39P207510P,123456,0
1727,39P207496P,123456,0
1728,39P207316P,123456,0
1729,39P207501P,123456,0
1730,39P207452P,123456,0
1731,39P207508P,123456,0
1732,37P131061P,123456,0
1733,37P131062P,123456,0
1734,39P301877P,123456,0
1735,39P301993P,123456,0
1736,39P301609P,123456,0
1737,39P205999P,123456,0
1738,37P124543P,123456,0
1739,37P205584P,123456,0
1740,37P124306P,123456,0
1741,37P125535P,123456,0
1742,37P125675P,123456,0
1743,37P105362P,123456,0
1744,37P013256P,123456,0
1745,37P124638P,123456,0
1746,37P125331P,123456,0
1747,37P124613P,123456,0
1748,37P124639P,123456,0
1749,37P013253P,123456,0
1750,37P013254P,123456,0
1751,37P124319P,123456,0
1752,37P124618P,123456,0
1753,37P124636P,123456,0
1754,37P124563P,123456,0
1755,37P124925P,123456,0
1756,37P013258P,123456,0
1757,37P124338P,123456,0
1758,37P124322P,123456,0
1759,37P124339P,123456,0
1760,37P124420P,123456,0
1761,37P124530P,123456,0
1762,37P124521P,123456,0
1763,37P124515P,123456,0
1764,37P124612P,123456,0
1765,37P124706P,123456,0
1766,37P124907P,123456,0
1767,37P124603P,123456,0
1768,37P131077P,123456,0
1769,37P131097P,123456,0
1770,37P205894P,123456,0
1771,37P205898P,123456,0
1772,37P205905P,123456,0
1773,37P125302P,123456,0
1774,37P124902P,123456,0
1775,37P125704P,123456,0
1776,37P125901P,123456,0
1777,37P126005P,123456,0
1778,37P205439P,123456,0
1779,37P205483P,123456,0
1780,37P205907P,123456,0
1781,39P223744P,123456,0
1782,39P205769P,123456,0
1783,37P100210P,123456,0
1784,39P201388P,123456,0
1785,37P123915P,123456,0
1786,39P302104P,123456,0
1787,39P202049P,123456,0
1788,39P016457P,123456,0
1789,39P129606P,123456,0
1790,37P101504P,123456,0
1791,38P115015P,123456,0
1792,37P131098P,123456,0
1793,39P202189P,123456,0
1794,39P133510P,123456,0
1795,39P202116P,123456,0
1796,39P300802P,123456,0
1797,37P106124P,123456,0
1798,39P200921P,123456,0
1799,37P100814P,123456,0
1800,39P134018P,123456,0
1801,37P102504P,123456,0
1802,37P103404P,123456,0
1803,39P132849P,123456,0
1804,39P112910P,123456,0
1805,39P016028P,123456,0
1806,38P101302P,123456,0
1807,37P102067P,123456,0
1808,38P100233P,123456,0
1809,38P102815P,123456,0
1810,39P016181P,123456,0
1811,39P205143P,123456,0
1812,37P013205P,123456,0
1813,37P112421P,123456,0
1814,39P134424P,123456,0
1815,39P205611P,123456,0
1816,39P128506P,123456,0
1817,39P201629P,123456,0
1818,39P301929P,123456,0
1819,37P112630P,123456,0
1820,37P126302P,123456,0
1821,39P202050P,123456,0
1822,39P206209P,123456,0
1823,39P206342P,123456,0
1824,38P112610P,123456,0
1825,37P205491P,123456,0
1826,39P128722P,123456,0
1827,37P100918P,123456,0
1828,37P122600P,123456,0
1829,37P129403P,123456,0
1830,39P301515P,123456,0
1831,37P106213P,123456,0
1832,39P301660P,123456,0
1833,37P123907P,123456,0
1834,39P123920P,123456,0
1835,39P131215P,123456,0
1836,39P206707P,123456,0
1837,39P202051P,123456,0
1838,38P101106P,123456,0
1839,39P132608P,123456,0
1840,39P104301P,123456,0
1841,39P302360P,123456,0
1842,39P122631P,123456,0
1843,39P131521P,123456,0
1844,39P200903P,123456,0
1845,39P130913P,123456,0
1846,37P131063P,123456,0
1847,39P201604P,123456,0
1848,39P108902P,123456,0
1849,39P132612P,123456,0
1850,39P206226P,123456,0
1851,39P207737P,123456,0
1852,39P301518P,123456,0
1853,37P205336P,123456,0
1854,39P206724P,123456,0
1855,39P106501P,123456,0
1856,39P128813P,123456,0
1857,39P301603P,123456,0
1858,39P112101P,123456,0
1859,39P129216P,123456,0
1860,38P110502P,123456,0
1861,39P104906P,123456,0
1862,37P208013P,123456,0
1863,39P130626P,123456,0
1864,39P016124P,123456,0
1865,39P302102P,123456,0
1866,39P308420P,123456,0
1867,38P113301P,123456,0
1868,39P205789P,123456,0
1869,39P133801P,123456,0
1870,39P130422P,123456,0
1871,38P100326P,123456,0
1872,39P134013P,123456,0
1873,39P016044P,123456,0
1874,39P130304P,123456,0
1875,39P119702P,123456,0
1876,37P201126P,123456,0
1877,39P112111P,123456,0
1878,37P106110P,123456,0
1879,37P205568P,123456,0
1880,39P301853P,123456,0
1881,39P122711P,123456,0
1882,37P205591P,123456,0
1883,39P207102P,123456,0
1884,37P203127P,123456,0
1885,37P013012P,123456,0
1886,37P013013P,123456,0
1887,37P013014P,123456,0
1888,37P013016P,123456,0
1889,37P013021P,123456,0
1890,37P013022P,123456,0
1891,37P013023P,123456,0
1892,37P013024P,123456,0
1893,37P013025P,123456,0
1894,38P100113P,123456,0
1895,37P013026P,123456,0
1896,37P013028P,123456,0
1897,37P013031P,123456,0
1898,37P013033P,123456,0
1899,37P013034P,123456,0
1900,37P013035P,123456,0
1901,38P100320P,123456,0
1902,37P013095P,123456,0
1903,37P013020P,123456,0
1904,37P013041P,123456,0
1905,37P013048P,123456,0
1906,37P013088P,123456,0
1907,37P013047P,123456,0
1908,37P120712P,123456,0
1909,37P013068P,123456,0
1910,37P013056P,123456,0
1911,37P013081P,123456,0
1912,37P013114P,123456,0
1913,37P013089P,123456,0
1914,37P013090P,123456,0
1915,38P100220P,123456,0
1916,37P013091P,123456,0
1917,38P100335P,123456,0
1918,38P100151P,123456,0
1919,37P013096P,123456,0
1920,37P013102P,123456,0
1921,39P015944P,123456,0
1922,39P015909P,123456,0
1923,39P015910P,123456,0
1924,38P100222P,123456,0
1925,39P015911P,123456,0
1926,38P100223P,123456,0
1927,39P015912P,123456,0
1928,38P100156P,123456,0
1929,39P015920P,123456,0
1930,38P100161P,123456,0
1931,38P100339P,123456,0
1932,38P100344P,123456,0
1933,38P100346P,123456,0
1934,38P100350P,123456,0
1935,38P100351P,123456,0
1936,38P100241P,123456,0
1937,38P100236P,123456,0
1938,39P016171P,123456,0
1939,39P016169P,123456,0
1940,39P016168P,123456,0
1941,39P016166P,123456,0
1942,39P016366P,123456,0
1943,39P016158P,123456,0
1944,39P016367P,123456,0
1945,39P016151P,123456,0
1946,39P016368P,123456,0
1947,39P016142P,123456,0
1948,39P016370P,123456,0
1949,39P016371P,123456,0
1950,37P013129P,123456,0
1951,38P100214P,123456,0
1952,38P100227P,123456,0
1953,38P100226P,123456,0
1954,38P100230P,123456,0
1955,38P100231P,123456,0
1956,38P100232P,123456,0
1957,39P016172P,123456,0
1958,39P016173P,123456,0
1959,39P016372P,123456,0
1960,39P016174P,123456,0
1961,39P016373P,123456,0
1962,39P015932P,123456,0
1963,39P016374P,123456,0
1964,38P100117P,123456,0
1965,38P100120P,123456,0
1966,37P013147P,123456,0
1967,37P013148P,123456,0
1968,37P013149P,123456,0
1969,37P013152P,123456,0
1970,37P013156P,123456,0
1971,37P013159P,123456,0
1972,37P013163P,123456,0
1973,37P013167P,123456,0
1974,37P013168P,123456,0
1975,37P013169P,123456,0
1976,37P013142P,123456,0
1977,37P013171P,123456,0
1978,37P013177P,123456,0
1979,37P013183P,123456,0
1980,37P013184P,123456,0
1981,37P013185P,123456,0
1982,37P013196P,123456,0
1983,37P013198P,123456,0
1984,37P013199P,123456,0
1985,37P013201P,123456,0
1986,38P100119P,123456,0
1987,37P013193P,123456,0
1988,39P016375P,123456,0
1989,39P016182P,123456,0
1990,39P016376P,123456,0
1991,39P016184P,123456,0
1992,39P016185P,123456,0
1993,39P015939P,123456,0
1994,39P016188P,123456,0
1995,39P016379P,123456,0
1996,39P015936P,123456,0
1997,39P016192P,123456,0
1998,39P016381P,123456,0
1999,39P016382P,123456,0
2000,39P016383P,123456,0
2001,39P015940P,123456,0
2002,39P016384P,123456,0
2003,39P016385P,123456,0
2004,39P016386P,123456,0
2005,39P015949P,123456,0
2006,39P015953P,123456,0
2007,39P016387P,123456,0
2008,39P016388P,123456,0
2009,39P015955P,123456,0
2010,39P015958P,123456,0
2011,39P016390P,123456,0
2012,39P016201P,123456,0
2013,39P015959P,123456,0
2014,39P016202P,123456,0
2015,39P015960P,123456,0
2016,39P016204P,123456,0
2017,39P015962P,123456,0
2018,39P016391P,123456,0
2019,39P016209P,123456,0
2020,39P015966P,123456,0
2021,39P015968P,123456,0
2022,39P016215P,123456,0
2023,39P016216P,123456,0
2024,39P016394P,123456,0
2025,39P016396P,123456,0
2026,39P016087P,123456,0
2027,39P016089P,123456,0
2028,39P016148P,123456,0
2029,38P100146P,123456,0
2030,39P016094P,123456,0
2031,37P013245P,123456,0
2032,39P016093P,123456,0
2033,39P016096P,123456,0
2034,39P016102P,123456,0
2035,39P016099P,123456,0
2036,39P016100P,123456,0
2037,39P016104P,123456,0
2038,38P100252P,123456,0
2039,37P013252P,123456,0
2040,39P016122P,123456,0
2041,39P302043P,123456,0
2042,38P110005P,123456,0
2043,39P100801P,123456,0
2044,37P013094P,123456,0
2045,39P134017P,123456,0
2046,39P134004P,123456,0
2047,37P112330P,123456,0
2048,39P119002P,123456,0
2049,39P016154P,123456,0
2050,38P112329P,123456,0
2051,39P016428P,123456,0
2052,39P016103P,123456,0
2053,39P133043P,123456,0
2054,37P100001P,123456,0
2055,39P016267P,123456,0
2056,39P100001P,123456,0
2057,39P016407P,123456,0
2058,39P302558P,123456,0
2059,39P016205P,123456,0
2060,39P013019P,123456,0
2061,39P016129P,123456,0
2062,38P108701P,123456,0
2063,38P110236P,123456,0
2064,37P100118P,123456,0
2065,37P100119P,123456,0
2066,39P130435P,123456,0
2067,37P205000P,123456,0
2068,38P208003P,123456,0
2069,39P133034P,123456,0
2070,39P132840P,123456,0
2071,39P016018P,123456,0
2072,39P126109P,123456,0
2073,39P131005P,123456,0
2074,37P013230P,123456,0
2075,39P110006P,123456,0
2076,39P200004P,123456,0
2077,39P128007P,123456,0
2078,39P127831P,123456,0
2079,39P205904P,123456,0
2080,39P128011P,123456,0
2081,39P134116P,123456,0
2082,39P131203P,123456,0
2083,39P134024P,123456,0
2084,39P016006P,123456,0
2085,39P016334P,123456,0
2086,39P016335P,123456,0
2087,39P016336P,123456,0
2088,37P100120P,123456,0
2089,39P016026P,123456,0
2090,39P107705P,123456,0
2091,38P108304P,123456,0
2092,38P101208P,123456,0
2093,38P110006P,123456,0
2094,39P128833P,123456,0
2095,39P206670P,123456,0
2096,39P100107P,123456,0
2097,38P108002P,123456,0
2098,39P203281P,123456,0
2099,38P100363P,123456,0
2100,37P100506P,123456,0
2101,37P116413P,123456,0
2102,37P118008P,123456,0
2103,37P208015P,123456,0
2104,39P301842P,123456,0
2105,39P301862P,123456,0
2106,39P301869P,123456,0
2107,37P118612P,123456,0
2108,39P205725P,123456,0
2109,39P137001P,123456,0
2110,39P137002P,123456,0
2111,39P137004P,123456,0
2112,39P137005P,123456,0
2113,39P137006P,123456,0
2114,39P137007P,123456,0
2115,39P137008P,123456,0
2116,39P137009P,123456,0
2117,39P137010P,123456,0
2118,39P137011P,123456,0
2119,39P137012P,123456,0
2120,39P102412P,123456,0
2121,37P206000P,123456,0
2122,39P206329P,123456,0
2123,39P301604P,123456,0
2124,39P016340P,123456,0
2125,39P016341P,123456,0
2126,39P016342P,123456,0
2127,39P016337P,123456,0
2128,39P016338P,123456,0
2129,39P016241P,123456,0
2130,39P016324P,123456,0
2131,39P016332P,123456,0
2132,39P129709P,123456,0
2133,38P102608P,123456,0
2134,38P208004P,123456,0
2135,39P016208P,123456,0
2136,37P120850P,123456,0
2137,39P122000P,123456,0
2138,39P206023P,123456,0
2139,39P016200P,123456,0
2140,37P112801P,123456,0
2141,39P203462P,123456,0
2142,39P201809P,123456,0
2143,37P121108P,123456,0
2144,39P204767P,123456,0
2145,37P123000P,123456,0
2146,37P205002P,123456,0
2147,37P205001P,123456,0
2148,39P104306P,123456,0
2149,39P129051P,123456,0
2150,39P137000P,123456,0
2151,39P016199P,123456,0
2152,39P128209P,123456,0
2153,37P112006P,123456,0
2154,39P105706P,123456,0
2155,39P202000P,123456,0
2156,39P202151P,123456,0
2157,38P100364P,123456,0
2158,39P137015P,123456,0
2159,39P137016P,123456,0
2160,39P137013P,123456,0
2161,39P137014P,123456,0
2162,37P013194P,123456,0
2163,39P015934P,123456,0
2164,39P132466P,123456,0
2165,39P016131P,123456,0
2166,39P301613P,123456,0
2167,39P129040P,123456,0
2168,39P129041P,123456,0
2169,39P129042P,123456,0
2170,39P129043P,123456,0
2171,39P129044P,123456,0
2172,39P129045P,123456,0
2173,39P129046P,123456,0
2174,39P129047P,123456,0
2175,39P129049P,123456,0
2176,39P129050P,123456,0
2177,614211913P,123456,0
2178,614211914P,123456,0
2179,614211910P,123456,0
2180,614205102P,123456,0
2181,614206810P,123456,0
2182,614206809P,123456,0
2183,614206712P,123456,0
2184,614206710P,123456,0
2185,614211909P,123456,0
2186,614206709P,123456,0
2187,614205605P,123456,0
2188,614205710P,123456,0
2189,614212004P,123456,0
2190,615100217P,123456,0
2191,614207002P,123456,0
2192,614211912P,123456,0
2193,614207559P,123456,0
2194,614207558P,123456,0
2195,614113388P,123456,0
2196,614207557P,123456,0
2197,614107010P,123456,0
2198,614107009P,123456,0
2199,614107008P,123456,0
2200,614212003P,123456,0
2201,614211911P,123456,0
2202,614102909P,123456,0
2203,614209903P,123456,0
2204,615101308P,123456,0
2205,615104401P,123456,0
2206,615105501P,123456,0
2207,615110003P,123456,0
2208,615110006P,123456,0
2209,614106701P,123456,0
2210,615106805P,123456,0
2211,614115901P,123456,0
2212,615106905P,123456,0
2213,615106903P,123456,0
2214,615106904P,123456,0
2215,615106901P,123456,0
2216,614107007P,123456,0
2217,615101702P,123456,0
2218,615101701P,123456,0
2219,614110801P,123456,0
2220,615110801P,123456,0
2221,615110502P,123456,0
2222,615110503P,123456,0
2223,615110501P,123456,0
2224,615105113P,123456,0
2225,615101801P,123456,0
2226,614109904P,123456,0
2227,614109903P,123456,0
2228,614111907P,123456,0
2229,614109902P,123456,0
2230,614211005P,123456,0
2231,614211006P,123456,0
2232,614211003P,123456,0
2233,614111702P,123456,0
2234,614211004P,123456,0
2235,614110106P,123456,0
2236,614110108P,123456,0
2237,615101802P,123456,0
2238,614213900P,123456,0
2239,614213902P,123456,0
2240,614213904P,123456,0
2241,614213908P,123456,0
2242,614213909P,123456,0
2243,614213918P,123456,0
2244,614213937P,123456,0
2245,614213963P,123456,0
2246,614213971P,123456,0
2247,614213987P,123456,0
2248,614213995P,123456,0
2249,614115222P,123456,0
2250,614115224P,123456,0
2251,614111407P,123456,0
2252,614112402P,123456,0
2253,614211405P,123456,0
2254,614112608P,123456,0
2255,614111102P,123456,0
2256,614111105P,123456,0
2257,614112802P,123456,0
2258,614112901P,123456,0
2259,614111002P,123456,0
2260,614211501P,123456,0
2261,614214407P,123456,0
2262,614214409P,123456,0
2263,614214431P,123456,0
2264,614214449P,123456,0
2265,614214462P,123456,0
2266,614214498P,123456,0
2267,614111401P,123456,0
2268,614214900P,123456,0
2269,614214901P,123456,0
2270,614214902P,123456,0
2271,614214903P,123456,0
2272,614214904P,123456,0
2273,614214905P,123456,0
2274,614214909P,123456,0
2275,614214912P,123456,0
2276,614214913P,123456,0
2277,614214914P,123456,0
2278,614214915P,123456,0
2279,614214916P,123456,0
2280,614214918P,123456,0
2281,614214919P,123456,0
2282,614214920P,123456,0
2283,614214922P,123456,0
2284,614214923P,123456,0
2285,614214924P,123456,0
2286,614214926P,123456,0
2287,614214928P,123456,0
2288,614214930P,123456,0
2289,614214931P,123456,0
2290,614214932P,123456,0
2291,614214933P,123456,0
2292,614214934P,123456,0
2293,614214935P,123456,0
2294,614214937P,123456,0
2295,614214938P,123456,0
2296,614214939P,123456,0
2297,614214940P,123456,0
2298,614214943P,123456,0
2299,614214944P,123456,0
2300,614214946P,123456,0
2301,614214947P,123456,0
2302,614214950P,123456,0
2303,614214951P,123456,0
2304,614214952P,123456,0
2305,614214961P,123456,0
2306,614214965P,123456,0
2307,614214967P,123456,0
2308,614214968P,123456,0
2309,614214971P,123456,0
2310,614214974P,123456,0
2311,614214976P,123456,0
2312,614214977P,123456,0
2313,614214978P,123456,0
2314,614214988P,123456,0
2315,614214990P,123456,0
2316,614214992P,123456,0
2317,614214993P,123456,0
2318,614214996P,123456,0
2319,614214999P,123456,0
2320,615105975P,123456,0
2321,615105976P,123456,0
2322,614210607P,123456,0
2323,614210601P,123456,0
2324,614113013P,123456,0
2325,615104202P,123456,0
2326,614113101P,123456,0
2327,614113404P,123456,0
2328,615111001P,123456,0
2329,614113345P,123456,0
2330,614113524P,123456,0
2331,614200506P,123456,0
2332,614200607P,123456,0
2333,615105117P,123456,0
2334,615105703P,123456,0
2335,614200801P,123456,0
2336,614202801P,123456,0
2337,614201103P,123456,0
2338,614200803P,123456,0
2339,614202802P,123456,0
2340,614202002P,123456,0
2341,614201702P,123456,0
2342,614202305P,123456,0
2343,614202202P,123456,0
2344,614202205P,123456,0
2345,614100140P,123456,0
2346,615105923P,123456,0
2347,615105965P,123456,0
2348,615110103P,123456,0
2349,615110102P,123456,0
2350,615110101P,123456,0
2351,615105116P,123456,0
2352,615107301P,123456,0
2353,614215801P,123456,0
2354,614207213P,123456,0
2355,614207218P,123456,0
2356,614207533P,123456,0
2357,614207534P,123456,0
2358,614207521P,123456,0
2359,614207507P,123456,0
2360,614207508P,123456,0
2361,614207511P,123456,0
2362,614207540P,123456,0
2363,614207518P,123456,0
2364,614207541P,123456,0
2365,614207510P,123456,0
2366,614207512P,123456,0
2367,614207514P,123456,0
2368,614207542P,123456,0
2369,614207543P,123456,0
2370,614207538P,123456,0
2371,614207546P,123456,0
2372,614207522P,123456,0
2373,614207550P,123456,0
2374,614207552P,123456,0
2375,614207526P,123456,0
2376,614207549P,123456,0
2377,614207551P,123456,0
2378,614207556P,123456,0
2379,614207545P,123456,0
2380,614208502P,123456,0
2381,614208405P,123456,0
2382,614208401P,123456,0
2383,614208305P,123456,0
2384,614209001P,123456,0
2385,614208938P,123456,0
2386,614208929P,123456,0
2387,614208909P,123456,0
2388,614208921P,123456,0
2389,614208949P,123456,0
2390,614208948P,123456,0
2391,614208953P,123456,0
2392,614209801P,123456,0
2393,615105104P,123456,0
2394,615105602P,123456,0
2395,615104801P,123456,0
2396,615104713P,123456,0
2397,615104701P,123456,0
2398,615104803P,123456,0
2399,615104702P,123456,0
2400,615104703P,123456,0
2401,615104710P,123456,0
2402,615104704P,123456,0
2403,615104705P,123456,0
2404,615104812P,123456,0
2405,615104806P,123456,0
2406,615104714P,123456,0
2407,615104706P,123456,0
2408,615100501P,123456,0
2409,614106801P,123456,0
2410,614213402P,123456,0
2411,614106901P,123456,0
2412,614200609P,123456,0
2413,614106810P,123456,0
2414,614106907P,123456,0
2415,614106802P,123456,0
2416,614106902P,123456,0
2417,614106811P,123456,0
2418,614106903P,123456,0
2419,614106803P,123456,0
2420,614200602P,123456,0
2421,614106812P,123456,0
2422,614106910P,123456,0
2423,614200701P,123456,0
2424,614106904P,123456,0
2425,614213406P,123456,0
2426,614213403P,123456,0
2427,614200604P,123456,0
2428,614106809P,123456,0
2429,614213404P,123456,0
2430,614113601P,123456,0
2431,614106905P,123456,0
2432,614106807P,123456,0
2433,614209202P,123456,0
2434,614209201P,123456,0
2435,614200502P,123456,0
2436,614200501P,123456,0
2437,614113531P,123456,0
2438,614109710P,123456,0
2439,614106713P,123456,0
2440,614107002P,123456,0
2441,614109706P,123456,0
2442,614106708P,123456,0
2443,614107003P,123456,0
2444,614109705P,123456,0
2445,614107006P,123456,0
2446,614106704P,123456,0
2447,614113507P,123456,0
2448,614107004P,123456,0
2449,614106705P,123456,0
2450,614115213P,123456,0
2451,614115226P,123456,0
2452,614115215P,123456,0
2453,614115201P,123456,0
2454,614115203P,123456,0
2455,614115225P,123456,0
2456,614115212P,123456,0
2457,614115205P,123456,0
2458,614115206P,123456,0
2459,614115223P,123456,0
2460,614115211P,123456,0
2461,614115208P,123456,0
2462,614115219P,123456,0
2463,614115210P,123456,0
2464,614115218P,123456,0
2465,614115216P,123456,0
2466,614113525P,123456,0
2467,614106706P,123456,0
2468,614113508P,123456,0
2469,614113516P,123456,0
2470,614106707P,123456,0
2471,614209203P,123456,0
2472,614113406P,123456,0
2473,614113401P,123456,0
2474,614101201P,123456,0
2475,614115302P,123456,0
2476,614115303P,123456,0
2477,614115301P,123456,0
2478,614114801P,123456,0
2479,614114805P,123456,0
2480,614106607P,123456,0
2481,614107106P,123456,0
2482,614101301P,123456,0
2483,614106601P,123456,0
2484,614106606P,123456,0
2485,614115227P,123456,0
2486,614107103P,123456,0
2487,614107102P,123456,0
2488,614106602P,123456,0
2489,614107104P,123456,0
2490,614106605P,123456,0
2491,614113301P,123456,0
2492,614113369P,123456,0
2493,614113363P,123456,0
2494,614113307P,123456,0
2495,614113308P,123456,0
2496,614113337P,123456,0
2497,614113309P,123456,0
2498,614113311P,123456,0
2499,614113312P,123456,0
2500,614113313P,123456,0
2501,614113314P,123456,0
2502,614113316P,123456,0
2503,614113362P,123456,0
2504,614113364P,123456,0
2505,614113372P,123456,0
2506,614113319P,123456,0
2507,614113320P,123456,0
2508,614113322P,123456,0
2509,614113324P,123456,0
2510,614113327P,123456,0
2511,614113332P,123456,0
2512,614113371P,123456,0
2513,614113335P,123456,0
2514,614113336P,123456,0
2515,614113338P,123456,0
2516,614113339P,123456,0
2517,614113359P,123456,0
2518,614113342P,123456,0
2519,614113387P,123456,0
2520,614106603P,123456,0
2521,614107101P,123456,0
2522,614113354P,123456,0
2523,614109603P,123456,0
2524,614111234P,123456,0
2525,614111241P,123456,0
2526,614111215P,123456,0
2527,614111216P,123456,0
2528,614111231P,123456,0
2529,614113247P,123456,0
2530,614113248P,123456,0
2531,614113240P,123456,0
2532,614111225P,123456,0
2533,614114201P,123456,0
2534,614114202P,123456,0
2535,614107205P,123456,0
2536,614107202P,123456,0
2537,614107206P,123456,0
2538,614106508P,123456,0
2539,614109604P,123456,0
2540,614106505P,123456,0
2541,614113215P,123456,0
2542,614106504P,123456,0
2543,614113246P,123456,0
2544,614107201P,123456,0
2545,614106503P,123456,0
2546,614103701P,123456,0
2547,614106412P,123456,0
2548,614113102P,123456,0
2549,614111106P,123456,0
2550,614113226P,123456,0
2551,614113244P,123456,0
2552,614107302P,123456,0
2553,614106406P,123456,0
2554,614106405P,123456,0
2555,614107301P,123456,0
2556,614107304P,123456,0
2557,614106413P,123456,0
2558,614106402P,123456,0
2559,614106401P,123456,0
2560,614106409P,123456,0
2561,614106305P,123456,0
2562,614101001P,123456,0
2563,614107401P,123456,0
2564,614115001P,123456,0
2565,614115005P,123456,0
2566,614114701P,123456,0
2567,614106301P,123456,0
2568,614111003P,123456,0
2569,614111001P,123456,0
2570,614111501P,123456,0
2571,614106307P,123456,0
2572,614107411P,123456,0
2573,614113001P,123456,0
2574,614115006P,123456,0
2575,614106303P,123456,0
2576,614106302P,123456,0
2577,614111503P,123456,0
2578,614107403P,123456,0
2579,614213308P,123456,0
2580,614201904P,123456,0
2581,614106209P,123456,0
2582,614107501P,123456,0
2583,614101404P,123456,0
2584,614101401P,123456,0
2585,614106210P,123456,0
2586,614106201P,123456,0
2587,614107502P,123456,0
2588,614107505P,123456,0
2589,614200402P,123456,0
2590,614200401P,123456,0
2591,614106203P,123456,0
2592,614107506P,123456,0
2593,614207801P,123456,0
2594,614106214P,123456,0
2595,614106205P,123456,0
2596,614107503P,123456,0
2597,614107504P,123456,0
2598,614201903P,123456,0
2599,614106206P,123456,0
2600,614106101P,123456,0
2601,614100901P,123456,0
2602,614106104P,123456,0
2603,614107602P,123456,0
2604,614106102P,123456,0
2605,614106103P,123456,0
2606,614107605P,123456,0
2607,614107701P,123456,0
2608,614107703P,123456,0
2609,614107704P,123456,0
2610,614107715P,123456,0
2611,614107717P,123456,0
2612,614101503P,123456,0
2613,614107706P,123456,0
2614,614106006P,123456,0
2615,614106003P,123456,0
2616,614107707P,123456,0
2617,614106011P,123456,0
2618,614107712P,123456,0
2619,614106007P,123456,0
2620,614106004P,123456,0
2621,614106009P,123456,0
2622,614107710P,123456,0
2623,614106005P,123456,0
2624,615105105P,123456,0
2625,614215001P,123456,0
2626,614100703P,123456,0
2627,614100702P,123456,0
2628,614201801P,123456,0
2629,614110004P,123456,0
2630,614105903P,123456,0
2631,614115502P,123456,0
2632,614115501P,123456,0
2633,614110002P,123456,0
2634,614110005P,123456,0
2635,614110009P,123456,0
2636,614100701P,123456,0
2637,614105901P,123456,0
2638,614110003P,123456,0
2639,614100601P,123456,0
2640,614107801P,123456,0
2641,614210201P,123456,0
2642,614105806P,123456,0
2643,614105805P,123456,0
2644,614107807P,123456,0
2645,614108602P,123456,0
2646,614105810P,123456,0
2647,614100603P,123456,0
2648,614105804P,123456,0
2649,614105803P,123456,0
2650,614105802P,123456,0
2651,614107810P,123456,0
2652,614101702P,123456,0
2653,614209304P,123456,0
2654,614200301P,123456,0
2655,614107901P,123456,0
2656,614210105P,123456,0
2657,614105715P,123456,0
2658,614105716P,123456,0
2659,614101801P,123456,0
2660,614107902P,123456,0
2661,614105705P,123456,0
2662,614105717P,123456,0
2663,614105707P,123456,0
2664,614105708P,123456,0
2665,614105709P,123456,0
2666,614107904P,123456,0
2667,614105710P,123456,0
2668,614105711P,123456,0
2669,614107905P,123456,0
2670,614105714P,123456,0
2671,614107906P,123456,0
2672,614105713P,123456,0
2673,614209404P,123456,0
2674,614100604P,123456,0
2675,614105601P,123456,0
2676,614211602P,123456,0
2677,614209502P,123456,0
2678,614105611P,123456,0
2679,614105602P,123456,0
2680,614105605P,123456,0
2681,614101901P,123456,0
2682,614105606P,123456,0
2683,614105607P,123456,0
2684,614113801P,123456,0
2685,614105608P,123456,0
2686,614105609P,123456,0
2687,614113803P,123456,0
2688,614211601P,123456,0
2689,614209602P,123456,0
2690,614211302P,123456,0
2691,614209904P,123456,0
2692,614108001P,123456,0
2693,614105502P,123456,0
2694,614108006P,123456,0
2695,614207301P,123456,0
2696,614105503P,123456,0
2697,614108005P,123456,0
2698,614108004P,123456,0
2699,614201602P,123456,0
2700,614201603P,123456,0
2701,614201604P,123456,0
2702,614205701P,123456,0
2703,614100512P,123456,0
2704,614100509P,123456,0
2705,614102002P,123456,0
2706,614108106P,123456,0
2707,614205706P,123456,0
2708,614206409P,123456,0
2709,614205709P,123456,0
2710,614108102P,123456,0
2711,614108103P,123456,0
2712,614105402P,123456,0
2713,614105411P,123456,0
2714,614205707P,123456,0
2715,614102001P,123456,0
2716,614105404P,123456,0
2717,614105405P,123456,0
2718,614108108P,123456,0
2719,614105406P,123456,0
2720,614108107P,123456,0
2721,614201501P,123456,0
2722,614105301P,123456,0
2723,614202701P,123456,0
2724,614108202P,123456,0
2725,614105305P,123456,0
2726,614213106P,123456,0
2727,614206502P,123456,0
2728,614108203P,123456,0
2729,614205602P,123456,0
2730,614108204P,123456,0
2731,614108206P,123456,0
2732,614108207P,123456,0
2733,615110601P,123456,0
2734,614206503P,123456,0
2735,614205501P,123456,0
2736,614100502P,123456,0
2737,614206604P,123456,0
2738,614215501P,123456,0
2739,614108301P,123456,0
2740,614206602P,123456,0
2741,614105208P,123456,0
2742,614108309P,123456,0
2743,614105206P,123456,0
2744,614105205P,123456,0
2745,614108302P,123456,0
2746,614108303P,123456,0
2747,614105204P,123456,0
2748,614102201P,123456,0
2749,614105101P,123456,0
2750,614108401P,123456,0
2751,614102301P,123456,0
2752,614111911P,123456,0
2753,614112611P,123456,0
2754,614111912P,123456,0
2755,614111903P,123456,0
2756,614111904P,123456,0
2757,614112601P,123456,0
2758,614112612P,123456,0
2759,614112615P,123456,0
2760,614112610P,123456,0
2761,614108402P,123456,0
2762,614111910P,123456,0
2763,614112607P,123456,0
2764,614102401P,123456,0
2765,614110901P,123456,0
2766,614108501P,123456,0
2767,614108502P,123456,0
2768,614105004P,123456,0
2769,614105003P,123456,0
2770,614105005P,123456,0
2771,614105002P,123456,0
2772,614100402P,123456,0
2773,614205401P,123456,0
2774,614112001P,123456,0
2775,614112501P,123456,0
2776,614104901P,123456,0
2777,614206707P,123456,0
2778,614112503P,123456,0
2779,614112504P,123456,0
2780,614112508P,123456,0
2781,614112002P,123456,0
2782,614104902P,123456,0
2783,614205404P,123456,0
2784,614112003P,123456,0
2785,614100303P,123456,0
2786,614100301P,123456,0
2787,614112010P,123456,0
2788,614104905P,123456,0
2789,614112005P,123456,0
2790,614108603P,123456,0
2791,614112007P,123456,0
2792,615104405P,123456,0
2793,614101003P,123456,0
2794,614101008P,123456,0
2795,614101009P,123456,0
2796,614102203P,123456,0
2797,614102202P,123456,0
2798,614205301P,123456,0
2799,614112101P,123456,0
2800,614112401P,123456,0
2801,614112107P,123456,0
2802,614112102P,123456,0
2803,614108702P,123456,0
2804,614206801P,123456,0
2805,614101902P,123456,0
2806,614205307P,123456,0
2807,614112106P,123456,0
2808,614108703P,123456,0
2809,614102908P,123456,0
2810,614108701P,123456,0
2811,614205304P,123456,0
2812,614108801P,123456,0
2813,614202811P,123456,0
2814,614202806P,123456,0
2815,614205202P,123456,0
2816,614206901P,123456,0
2817,614202803P,123456,0
2818,614114304P,123456,0
2819,614205204P,123456,0
2820,614115503P,123456,0
2821,614103003P,123456,0
2822,614100119P,123456,0
2823,614100101P,123456,0
2824,614108901P,123456,0
2825,614115801P,123456,0
2826,614104703P,123456,0
2827,614108906P,123456,0
2828,614115602P,123456,0
2829,614102601P,123456,0
2830,614108902P,123456,0
2831,614104701P,123456,0
2832,614115601P,123456,0
2833,614103005P,123456,0
2834,614114501P,123456,0
2835,614102701P,123456,0
2836,614100139P,123456,0
2837,614100120P,123456,0
2838,614109003P,123456,0
2839,614109001P,123456,0
2840,614102904P,123456,0
2841,614102905P,123456,0
2842,614102402P,123456,0
2843,614114411P,123456,0
2844,614114412P,123456,0
2845,614114413P,123456,0
2846,614114414P,123456,0
2847,614114407P,123456,0
2848,614114416P,123456,0
2849,614114417P,123456,0
2850,614114418P,123456,0
2851,614114419P,123456,0
2852,614114402P,123456,0
2853,614114421P,123456,0
2854,614114403P,123456,0
2855,614114406P,123456,0
2856,614114409P,123456,0
2857,614114423P,123456,0
2858,614207001P,123456,0
2859,614102802P,123456,0
2860,614112301P,123456,0
2861,614102901P,123456,0
2862,614104301P,123456,0
2863,614104304P,123456,0
2864,614104303P,123456,0
2865,614102902P,123456,0
2866,614114401P,123456,0
2867,614104509P,123456,0
2868,614103002P,123456,0
2869,614109203P,123456,0
2870,614104506P,123456,0
2871,614104505P,123456,0
2872,614109205P,123456,0
2873,614104511P,123456,0
2874,614109206P,123456,0
2875,614104504P,123456,0
2876,614104503P,123456,0
2877,614114303P,123456,0
2878,614104502P,123456,0
2879,614114301P,123456,0
2880,614109207P,123456,0
2881,614104405P,123456,0
2882,614104401P,123456,0
2883,614112201P,123456,0
2884,614100203P,123456,0
2885,614109301P,123456,0
2886,614109302P,123456,0
2887,614104404P,123456,0
2888,614109309P,123456,0
2889,614109303P,123456,0
2890,614109310P,123456,0
2891,614109304P,123456,0
2892,614109316P,123456,0
2893,614109311P,123456,0
2894,614109305P,123456,0
2895,614109306P,123456,0
2896,614109315P,123456,0
2897,614104402P,123456,0
2898,614109314P,123456,0
2899,614109308P,123456,0
2900,614103101P,123456,0
2901,614104403P,123456,0
2902,615110902P,123456,0
2903,615110901P,123456,0
2904,615100403P,123456,0
2905,615100404P,123456,0
2906,615100405P,123456,0
2907,615101203P,123456,0
2908,615101206P,123456,0
2909,615100401P,123456,0
2910,615101201P,123456,0
2911,615101101P,123456,0
2912,615101305P,123456,0
2913,615101304P,123456,0
2914,615101303P,123456,0
2915,615101005P,123456,0
2916,615101402P,123456,0
2917,615101401P,123456,0
2918,615100103P,123456,0
2919,615100903P,123456,0
2920,615100101P,123456,0
2921,615100906P,123456,0
2922,615101501P,123456,0
2923,615100902P,123456,0
2924,615100901P,123456,0
2925,615102702P,123456,0
2926,615105106P,123456,0
2927,615102501P,123456,0
2928,615102601P,123456,0
2929,615102503P,123456,0
2930,615102505P,123456,0
2931,615102504P,123456,0
2932,615103912P,123456,0
2933,615103902P,123456,0
2934,615103903P,123456,0
2935,615103602P,123456,0
2936,615103906P,123456,0
2937,615103601P,123456,0
2938,615103908P,123456,0
2939,615103201P,123456,0
2940,615103001P,123456,0
2941,615103701P,123456,0
2942,615103801P,123456,0
2943,615103806P,123456,0
2944,615103805P,123456,0
2945,615103704P,123456,0
2946,615103803P,123456,0
2947,615103707P,123456,0
2948,615104712P,123456,0
2949,615104505P,123456,0
2950,615104527P,123456,0
2951,615104510P,123456,0
2952,615104508P,123456,0
2953,615104504P,123456,0
2954,615104525P,123456,0
2955,615104529P,123456,0
2956,615104514P,123456,0
2957,615104524P,123456,0
2958,615104516P,123456,0
2959,615104517P,123456,0
2960,615104518P,123456,0
2961,615104519P,123456,0
2962,615104809P,123456,0
2963,615104410P,123456,0
2964,615104406P,123456,0
2965,615110008P,123456,0
2966,615105125P,123456,0
2967,615105115P,123456,0
2968,615105124P,123456,0
2969,615105114P,123456,0
2970,615105120P,123456,0
2971,615105121P,123456,0
2972,615105118P,123456,0
2973,615105122P,123456,0
2974,615105112P,123456,0
2975,615104407P,123456,0
2976,615109801P,123456,0
2977,614213001P,123456,0
2978,615108702P,123456,0
2979,615108802P,123456,0
2980,615106704P,123456,0
2981,615106702P,123456,0
2982,615106401P,123456,0
2983,615109004P,123456,0
2984,615109005P,123456,0
2985,615109003P,123456,0
2986,615108003P,123456,0
2987,615106104P,123456,0
2988,615106102P,123456,0
2989,615107201P,123456,0
2990,615101104P,123456,0
2991,615106801P,123456,0
2992,615109501P,123456,0
2993,615106803P,123456,0
2994,615101002P,123456,0
2995,614104501P,123456,0
2996,614104512P,123456,0
2997,615101105P,123456,0
2998,615106501P,123456,0
2999,615101404P,123456,0
3000,615101403P,123456,0
3001,614104508P,123456,0
3002,614105505P,123456,0
3003,615104409P,123456,0
3004,614109201P,123456,0
3005,614103901P,123456,0
3006,614109113P,123456,0
3007,614109106P,123456,0
3008,614109118P,123456,0
3009,614109101P,123456,0
3010,614109102P,123456,0
3011,614103102P,123456,0
3012,614115230P,123456,0
3013,614115229P,123456,0
3014,614213206P,123456,0
3015,614115304P,123456,0
3016,615106806P,123456,0
3017,614214948P,123456,0
3018,615110104P,123456,0
3019,614109917P,123456,0
3020,614101104P,123456,0
3021,614106414P,123456,0
3022,614103602P,123456,0
3023,615103102P,123456,0
3024,615105705P,123456,0
3025,615105708P,123456,0
3026,614107910P,123456,0
3027,614113326P,123456,0
3028,614108208P,123456,0
3029,615108501P,123456,0
3030,615107401P,123456,0
3031,614107719P,123456,0
3032,614111917P,123456,0
3033,615110009P,123456,0
3034,615101307P,123456,0
3035,614100606P,123456,0
3036,614212101P,123456,0
3037,615100807P,123456,0
3038,614111411P,123456,0
3039,614106710P,123456,0
3040,614105706P,123456,0
3041,614111432P,123456,0
3042,614212301P,123456,0
3043,614208910P,123456,0
3044,614206804P,123456,0
3045,614105103P,123456,0
3046,614111445P,123456,0
3047,614208944P,123456,0
3048,614115232P,123456,0
3049,614209405P,123456,0
3050,615100402P,123456,0
3051,614214804P,123456,0
3052,614214816P,123456,0
3053,614111626P,123456,0
3054,614200520P,123456,0
3055,615104909P,123456,0
3056,614106715P,123456,0
3057,614100602P,123456,0
3058,614100664P,123456,0
3059,614108503P,123456,0
3060,614105414P,123456,0
3061,614110204P,123456,0
3062,615109114P,123456,0
3063,615109118P,123456,0
3064,614106805P,123456,0
3065,614106611P,123456,0
3066,614106510P,123456,0
3067,615109122P,123456,0
3068,614107409P,123456,0
3069,614106012P,123456,0
3070,614108307P,123456,0
3071,614108907P,123456,0
3072,615109130P,123456,0
3073,615109132P,123456,0
3074,615109133P,123456,0
3075,615109134P,123456,0
3076,614213502P,123456,0
3077,614209503P,123456,0
3078,614209701P,123456,0
3079,614106001P,123456,0
3080,614107711P,123456,0
3081,614107709P,123456,0
3082,614105702P,123456,0
3083,615109139P,123456,0
3084,614108105P,123456,0
3085,615109140P,123456,0
3086,615102407P,123456,0
3087,615109145P,123456,0
3088,614100122P,123456,0
3089,615109149P,123456,0
3090,614109150P,123456,0
3091,615341608P,123456,0
3092,614214461P,123456,0
3093,614341611P,123456,0
3094,614341612P,123456,0
3095,614341613P,123456,0
3096,614751601P,123456,0
3097,614751602P,123456,0
3098,614341620P,123456,0
3099,614703101P,123456,0
3100,614703102P,123456,0
3101,614207302P,123456,0
3102,615101205P,123456,0
3103,614100121P,123456,0
3104,615100205P,123456,0
3105,615201792P,123456,0
3106,614107603P,123456,0
3107,614106013P,123456,0
3108,614105209P,123456,0
3109,614108404P,123456,0
3110,614108405P,123456,0
3111,614109317P,123456,0
3112,615201803P,123456,0
3113,615201804P,123456,0
3114,615201805P,123456,0
3115,614114424P,123456,0
3116,614109209P,123456,0
3117,614206504P,123456,0
3118,614212002P,123456,0
3119,614108002P,123456,0
3120,614102825P,123456,0
3121,615104715P,123456,0
3122,614789123P,123456,0
3123,614789125P,123456,0
3124,615231910P,123456,0
3125,614200101P,123456,0
3126,614237980P,123456,0
3127,615478900P,123456,0
3128,615105101P,123456,0
3129,614102423P,123456,0
3130,614104121P,123456,0
3131,614214970P,123456,0
3132,614100163P,123456,0
3133,614345099P,123456,0
3134,614467210P,123456,0
3135,614214463P,123456,0
3136,615290087P,123456,0
3137,614114420P,123456,0
3138,614201605P,123456,0
3139,614106509P,123456,0
3140,614214801P,123456,0
3141,614211915P,123456,0
3142,614211916P,123456,0
3143,615107604P,123456,0
3144,615104011P,123456,0
3145,614113251P,123456,0
3146,614112619P,123456,0
3147,614112011P,123456,0
3148,614112012P,123456,0
3149,614112013P,123456,0
3150,614112108P,123456,0
3151,614112109P,123456,0
3152,614112110P,123456,0
3153,614200503P,123456,0
3154,614102205P,123456,0
3155,615100502P,123456,0
3156,615101107P,123456,0
3157,615108801P,123456,0
3158,614114425P,123456,0
3159,614106906P,123456,0
3160,614106911P,123456,0
3161,614114806P,123456,0
3162,614107107P,123456,0
3163,614106609P,123456,0
3164,614106610P,123456,0
3165,614107207P,123456,0
3166,614106306P,123456,0
3167,614107412P,123456,0
3168,615109124P,123456,0
3169,614106217P,123456,0
3170,614107805P,123456,0
3171,614105813P,123456,0
3172,614105814P,123456,0
3173,614108009P,123456,0
3174,614108112P,123456,0
3175,614108113P,123456,0
3176,614105304P,123456,0
3177,614108305P,123456,0
3178,615100105P,123456,0
3179,614104707P,123456,0
3180,614108908P,123456,0
3181,615101207P,123456,0
3182,615101108P,123456,0
3183,615101309P,123456,0
3184,615103913P,123456,0
3185,615103807P,123456,0
3186,614111918P,123456,0
3187,614111004P,123456,0
3188,614111005P,123456,0
3189,614111006P,123456,0
3190,614111007P,123456,0
3191,614113409P,123456,0
3192,614113405P,123456,0
3193,615110010P,123456,0
3194,614202307P,123456,0
3195,614202209P,123456,0
3196,614109915P,123456,0
3197,615109148P,123456,0
3198,614115221P,123456,0
3199,614113411P,123456,0
3200,615104804P,123456,0
3201,614213005P,123456,0
3202,614213006P,123456,0
3203,614213007P,123456,0
3204,614213008P,123456,0
3205,614213000P,123456,0
3206,614211811P,123456,0
3207,614211504P,123456,0
3208,614113806P,123456,0
3209,614106813P,123456,0
3210,614100098P,123456,0
3211,614212902P,123456,0
3212,614106014P,123456,0
3213,615100100P,123456,0
3214,614108507P,123456,0
3215,614101306P,123456,0
3216,615103708P,123456,0
3217,614100168P,123456,0
3218,614112000P,123456,0
3219,614211505P,123456,0
3220,614100099P,123456,0
3221,614229000P,123456,0
3222,614200000P,123456,0
3223,614100167P,123456,0
3224,614210502P,123456,0
3225,614204202P,123456,0
3226,614109000P,123456,0
3227,614108114P,123456,0
3228,614100166P,123456,0
3229,614209000P,123456,0
3230,614358000P,123456,0
3231,614113805P,123456,0
3232,615105133P,123456,0
3233,614100610P,123456,0
3234,614201201P,123456,0
3235,615110105P,123456,0
3236,614103006P,123456,0
3237,614111000P,123456,0
3238,614105007P,123456,0
3239,614108000P,123456,0
3240,615109000P,123456,0
3241,614205606P,123456,0
3242,615110602P,123456,0
3243,614204817P,123456,0
3244,614206006P,123456,0
3245,614206007P,123456,0
3246,614206008P,123456,0
3247,614206009P,123456,0
3248,614212005P,123456,0
3249,614212006P,123456,0
3250,614106107P,123456,0
3251,615101208P,123456,0
3252,614102702P,123456,0
3253,614102703P,123456,0
3254,513000103P,123456,0
3255,513111742P,123456,0
3256,513107410P,123456,0
3257,513112679P,123456,0
3258,513110036P,123456,0
3259,513110552P,123456,0
3260,513110554P,123456,0
3261,513112075P,123456,0
3262,513112079P,123456,0
3263,513112688P,123456,0
3264,513113066P,123456,0
3265,513109889P,123456,0
3266,513109337P,123456,0
3267,513106502P,123456,0
3268,513102203P,123456,0
3269,513108203P,123456,0
3270,513108219P,123456,0
3271,513104803P,123456,0
3272,513104801P,123456,0
3273,513107001P,123456,0
3274,513107213P,123456,0
3275,513107201P,123456,0
3276,513112808P,123456,0
3277,513107301P,123456,0
3278,513107404P,123456,0
3279,513107402P,123456,0
3280,513109906P,123456,0
3281,513112901P,123456,0
3282,513112902P,123456,0
3283,513112903P,123456,0
3284,513112908P,123456,0
3285,513112916P,123456,0
3286,513107701P,123456,0
3287,513102602P,123456,0
3288,513113101P,123456,0
3289,513113103P,123456,0
3290,513113106P,123456,0
3291,513113112P,123456,0
3292,513113118P,123456,0
3293,513109829P,123456,0
3294,513102601P,123456,0
3295,513113204P,123456,0
3296,513113206P,123456,0
3297,513113207P,123456,0
3298,513113208P,123456,0
3299,513113217P,123456,0
3300,513113220P,123456,0
3301,513109837P,123456,0
3302,513100601P,123456,0
3303,513109839P,123456,0
3304,513114034P,123456,0
3305,513114066P,123456,0
3306,513114070P,123456,0
3307,513107902P,123456,0
3308,513102709P,123456,0
3309,513100602P,123456,0
3310,513100402P,123456,0
3311,513100603P,123456,0
3312,513114473P,123456,0
3313,513114559P,123456,0
3314,513109924P,123456,0
3315,513106405P,123456,0
3316,513105701P,123456,0
3317,513105801P,123456,0
3318,513106303P,123456,0
3319,513106301P,123456,0
3320,513106201P,123456,0
3321,513108209P,123456,0
3322,513105916P,123456,0
3323,513105901P,123456,0
3324,513105918P,123456,0
3325,513106102P,123456,0
3326,513105906P,123456,0
3327,513116012P,123456,0
3328,513105908P,123456,0
3329,513108403P,123456,0
3330,513100102P,123456,0
3331,513100604P,123456,0
3332,513108308P,123456,0
3333,513106902P,123456,0
3334,513112398P,123456,0
3335,513108501P,123456,0
3336,513102608P,123456,0
3337,513102614P,123456,0
3338,513108417P,123456,0
3339,513108415P,123456,0
3340,513100114P,123456,0
3341,513108800P,123456,0
3342,513109101P,123456,0
3343,513109102P,123456,0
3344,513109135P,123456,0
3345,513109105P,123456,0
3346,513108803P,123456,0
3347,513110805P,123456,0
3348,513112805P,123456,0
3349,513112806P,123456,0
3350,513112807P,123456,0
3351,513109190P,123456,0
3352,513110901P,123456,0
3353,513109242P,123456,0
3354,513108925P,123456,0
3355,513108996P,123456,0
3356,513108903P,123456,0
3357,513108902P,123456,0
3358,513110836P,123456,0
3359,513110821P,123456,0
3360,513110778P,123456,0
3361,513110838P,123456,0
3362,513110817P,123456,0
3363,513108901P,123456,0
3364,513109712P,123456,0
3365,513108701P,123456,0
3366,513109710P,123456,0
3367,513109411P,123456,0
3368,513109702P,123456,0
3369,513109714P,123456,0
3370,513109711P,123456,0
3371,513109705P,123456,0
3372,513108930P,123456,0
3373,513108941P,123456,0
3374,513108939P,123456,0
3375,513109122P,123456,0
3376,513109817P,123456,0
3377,513109048P,123456,0
3378,513109099P,123456,0
3379,513109040P,123456,0
3380,513109811P,123456,0
3381,513109003P,123456,0
3382,513109039P,123456,0
3383,513109007P,123456,0
3384,513109037P,123456,0
3385,513109091P,123456,0
3386,513109010P,123456,0
3387,513109026P,123456,0
3388,513109098P,123456,0
3389,513109123P,123456,0
3390,513109904P,123456,0
3391,513109719P,123456,0
3392,513109814P,123456,0
3393,513109403P,123456,0
3394,513109813P,123456,0
3395,513111312P,123456,0
3396,513109910P,123456,0
3397,513109902P,123456,0
3398,513109905P,123456,0
3399,513112077P,123456,0
3400,513112010P,123456,0
3401,513112022P,123456,0
3402,513112015P,123456,0
3403,513112016P,123456,0
3404,513112068P,123456,0
3405,513112019P,123456,0
3406,513108897P,123456,0
3407,513108891P,123456,0
3408,513108893P,123456,0
3409,513109418P,123456,0
3410,513109402P,123456,0
3411,513111904P,123456,0
3412,513111905P,123456,0
3413,513111965P,123456,0
3414,513111920P,123456,0
3415,513112001P,123456,0
3416,513112002P,123456,0
3417,513112004P,123456,0
3418,513111908P,123456,0
3419,513111909P,123456,0
3420,513111911P,123456,0
3421,513100443P,123456,0
3422,513109029P,123456,0
3423,513111903P,123456,0
3424,513109019P,123456,0
3425,513109020P,123456,0
3426,513109021P,123456,0
3427,513109050P,123456,0
3428,513110301P,123456,0
3429,513109201P,123456,0
3430,513109227P,123456,0
3431,513109235P,123456,0
3432,513109226P,123456,0
3433,513109221P,123456,0
3434,513109211P,123456,0
3435,513109212P,123456,0
3436,513109210P,123456,0
3437,513111912P,123456,0
3438,513109407P,123456,0
3439,513111939P,123456,0
3440,513111901P,123456,0
3441,513109420P,123456,0
3442,513110129P,123456,0
3443,513109422P,123456,0
3444,513110302P,123456,0
3445,513109419P,123456,0
3446,513111011P,123456,0
3447,513110202P,123456,0
3448,513110011P,123456,0
3449,513110012P,123456,0
3450,513110015P,123456,0
3451,513110731P,123456,0
3452,513109913P,123456,0
3453,513110014P,123456,0
3454,513110041P,123456,0
3455,513109409P,123456,0
3456,513110030P,123456,0
3457,513110609P,123456,0
3458,513109400P,123456,0
3459,513110207P,123456,0
3460,513110423P,123456,0
3461,513110203P,123456,0
3462,513110208P,123456,0
3463,513110205P,123456,0
3464,513108999P,123456,0
3465,513110701P,123456,0
3466,513110702P,123456,0
3467,513110703P,123456,0
3468,513109417P,123456,0
3469,513109413P,123456,0
3470,513110401P,123456,0
3471,513109052P,123456,0
3472,513109501P,123456,0
3473,513109508P,123456,0
3474,513109406P,123456,0
3475,513110403P,123456,0
3476,513110404P,123456,0
3477,513110503P,123456,0
3478,513110505P,123456,0
3479,513110506P,123456,0
3480,513109510P,123456,0
3481,513109525P,123456,0
3482,513109518P,123456,0
3483,513109520P,123456,0
3484,513110801P,123456,0
3485,513109611P,123456,0
3486,513109613P,123456,0
3487,513109523P,123456,0
3488,513109517P,123456,0
3489,513110813P,123456,0
3490,513110602P,123456,0
3491,513109112P,123456,0
3492,513109159P,123456,0
3493,513109114P,123456,0
3494,513110888P,123456,0
3495,513109115P,123456,0
3496,513110814P,123456,0
3497,513110719P,123456,0
3498,513109118P,123456,0
3499,513109129P,123456,0
3500,513110705P,123456,0
3501,513110718P,123456,0
3502,513110708P,123456,0
3503,513110707P,123456,0
3504,513110713P,123456,0
3505,513100104P,123456,0
3506,513110812P,123456,0
3507,513109623P,123456,0
3508,513109653P,123456,0
3509,513109650P,123456,0
3510,513110903P,123456,0
3511,513110904P,123456,0
3512,513110953P,123456,0
3513,513110937P,123456,0
3514,513110911P,123456,0
3515,513110822P,123456,0
3516,513110916P,123456,0
3517,513104501P,123456,0
3518,513109683P,123456,0
3519,513109680P,123456,0
3520,513109655P,123456,0
3521,513109657P,123456,0
3522,513109663P,123456,0
3523,513109651P,123456,0
3524,513109654P,123456,0
3525,513112648P,123456,0
3526,513111120P,123456,0
3527,513111122P,123456,0
3528,513112570P,123456,0
3529,513111174P,123456,0
3530,513111027P,123456,0
3531,513111025P,123456,0
3532,513111183P,123456,0
3533,513111304P,123456,0
3534,513111169P,123456,0
3535,513111329P,123456,0
3536,513100501P,123456,0
3537,513111303P,123456,0
3538,513111302P,123456,0
3539,513111682P,123456,0
3540,513111720P,123456,0
3541,513101301P,123456,0
3542,513102909P,123456,0
3543,513111298P,123456,0
3544,513111267P,123456,0
3545,513111248P,123456,0
3546,513111295P,123456,0
3547,513111253P,123456,0
3548,513111262P,123456,0
3549,513110601P,123456,0
3550,513112613P,123456,0
3551,513111719P,123456,0
3552,513112052P,123456,0
3553,513111712P,123456,0
3554,513111401P,123456,0
3555,513111714P,123456,0
3556,513112108P,123456,0
3557,513112102P,123456,0
3558,513112110P,123456,0
3559,513112101P,123456,0
3560,513112213P,123456,0
3561,513112227P,123456,0
3562,513112226P,123456,0
3563,513112206P,123456,0
3564,513112229P,123456,0
3565,513112202P,123456,0
3566,513112207P,123456,0
3567,513112222P,123456,0
3568,513112219P,123456,0
3569,513112303P,123456,0
3570,513112319P,123456,0
3571,513101021P,123456,0
3572,513101029P,123456,0
3573,513101013P,123456,0
3574,513103802P,123456,0
3575,513101406P,123456,0
3576,513100106P,123456,0
3577,513104602P,123456,0
3578,513104601P,123456,0
3579,513112579P,123456,0
3580,513112518P,123456,0
3581,513112542P,123456,0
3582,513112504P,123456,0
3583,513112505P,123456,0
3584,513112507P,123456,0
3585,513112508P,123456,0
3586,513112513P,123456,0
3587,513112514P,123456,0
3588,513112594P,123456,0
3589,513112559P,123456,0
3590,513112527P,123456,0
3591,513112501P,123456,0
3592,513112620P,123456,0
3593,513103101P,123456,0
3594,513101501P,123456,0
3595,513112621P,123456,0
3596,513112712P,123456,0
3597,513104701P,123456,0
3598,513103702P,123456,0
3599,513112500P,123456,0
3600,513112706P,123456,0
3601,513112708P,123456,0
3602,513112710P,123456,0
3603,513112703P,123456,0
3604,513102571P,123456,0
3605,513102550P,123456,0
3606,513102694P,123456,0
3607,513105101P,123456,0
3608,513105003P,123456,0
3609,513105004P,123456,0
3610,513105108P,123456,0
3611,513105002P,123456,0
3612,513105401P,123456,0
3613,513105201P,123456,0
3614,513105608P,123456,0
3615,513115555P,123456,0
3616,513108419P,123456,0
3617,513108995P,123456,0
3618,513108963P,123456,0
3619,513109676P,123456,0
3620,513113295P,123456,0
3621,513113171P,123456,0
3622,513114469P,123456,0
3623,513113598P,123456,0
3624,513115703P,123456,0
3625,513108953P,123456,0
3626,513108952P,123456,0
3627,513108955P,123456,0
3628,513109033P,123456,0
3629,513109691P,123456,0
3630,513109690P,123456,0
3631,513109693P,123456,0
3632,513108997P,123456,0
3633,513119607P,123456,0
3634,513119605P,123456,0
3635,513110947P,123456,0
3636,513111057P,123456,0
3637,513109893P,123456,0
3638,513110242P,123456,0
3639,513112251P,123456,0
3640,513108959P,123456,0
3641,513108960P,123456,0
3642,513109283P,123456,0
3643,513109561P,123456,0
3644,513109563P,123456,0
3645,513109565P,123456,0
3646,513109567P,123456,0
3647,513112073P,123456,0
3648,513112085P,123456,0
3649,513112677P,123456,0
3650,513102903P,123456,0
3651,513100606P,123456,0
3652,513103703P,123456,0
3653,513108303P,123456,0
3654,513108890P,123456,0
3655,513108944P,123456,0
3656,513108945P,123456,0
3657,513108946P,123456,0
3658,513109059P,123456,0
3659,513109041P,123456,0
3660,513109560P,123456,0
3661,513109562P,123456,0
3662,513109564P,123456,0
3663,513109572P,123456,0
3664,513109803P,123456,0
3665,513110429P,123456,0
3666,513110939P,123456,0
3667,513112223P,123456,0
3668,513112575P,123456,0
3669,513112511P,123456,0
3670,513112516P,123456,0
3671,513110114P,123456,0
3672,513110133P,123456,0
3673,513110116P,123456,0
3674,513110117P,123456,0
3675,513110119P,123456,0
3676,513110120P,123456,0
3677,513110122P,123456,0
3678,513110123P,123456,0
3679,513110124P,123456,0
3680,513110126P,123456,0
3681,513110127P,123456,0
3682,513110131P,123456,0
3683,513109674P,123456,0
3684,513110134P,123456,0
3685,513110137P,123456,0
3686,513110138P,123456,0
3687,513110140P,123456,0
3688,513110141P,123456,0
3689,513109104P,123456,0
3690,513103803P,123456,0
3691,513108507P,123456,0
3692,513109001P,123456,0
3693,513113306P,123456,0
3694,513109601P,123456,0
3695,513109624P,123456,0
3696,513102551P,123456,0
3697,513112224P,123456,0
3698,513109002P,123456,0
3699,513100103P,123456,0
3700,513100201P,123456,0
3701,513108906P,123456,0
3702,513114487P,123456,0
3703,513115519P,123456,0
3704,513113697P,123456,0
3705,513114155P,123456,0
3706,513114598P,123456,0
3707,513113345P,123456,0
3708,513113187P,123456,0
3709,513113329P,123456,0
3710,513113993P,123456,0
3711,513114472P,123456,0
3712,513108201P,123456,0
3713,513109060P,123456,0
3714,513109061P,123456,0
3715,513109062P,123456,0
3716,513112616P,123456,0
3717,513112801P,123456,0
3718,513109014P,123456,0
3719,513108320P,123456,0
3720,513109113P,123456,0
3721,513112634P,123456,0
3722,513109130P,123456,0
3723,513109505P,123456,0
3724,513109524P,123456,0
3725,513109131P,123456,0
3726,513105605P,123456,0
3727,513110555P,123456,0
3728,513109573P,123456,0
3729,513109574P,123456,0
3730,513109615P,123456,0
3731,513110610P,123456,0
3732,513110307P,123456,0
3733,513110018P,123456,0
3734,513109617P,123456,0
3735,513102605P,123456,0
3736,513110804P,123456,0
3737,513110142P,123456,0
3738,513108962P,123456,0
3739,513101202P,123456,0
3740,513109143P,123456,0
3741,513108947P,123456,0
3742,513110021P,123456,0
3743,513110020P,123456,0
3744,513110022P,123456,0
3745,513109246P,123456,0
3746,513109527P,123456,0
3747,513109528P,123456,0
3748,513109529P,123456,0
3749,513109530P,123456,0
3750,513109068P,123456,0
3751,513109031P,123456,0
3752,513109619P,123456,0
3753,513104508P,123456,0
3754,513112690P,123456,0
3755,513109925P,123456,0
3756,513109912P,123456,0
3757,513108948P,123456,0
3758,513108949P,123456,0
3759,513108950P,123456,0
3760,513108951P,123456,0
3761,513107202P,123456,0
3762,513112252P,123456,0
3763,513112691P,123456,0
3764,513112692P,123456,0
3765,513110308P,123456,0
3766,513110146P,123456,0
3767,513110147P,123456,0
3768,513112629P,123456,0
3769,513109036P,123456,0
3770,513109042P,123456,0
3771,513109625P,123456,0
3772,513101203P,123456,0
3773,513100614P,123456,0
3774,513111980P,123456,0
3775,513100000P,123456,0
3776,513112721P,123456,0
3777,513112722P,123456,0
3778,513112723P,123456,0
3779,513112008P,123456,0
3780,513109069P,123456,0
3781,513112720P,123456,0
3782,513120101P,123456,0
3783,513120102P,123456,0
3784,513120201P,123456,0
3785,513120001P,123456,0
3786,513120002P,123456,0
3787,513120003P,123456,0
3788,513110042P,123456,0
3789,513100403P,123456,0
3790,513108000P,123456,0
3791,513112000P,123456,0
3792,513109621P,123456,0
3793,513107006P,123456,0
3794,513107007P,123456,0
3795,411102804P,123456,0
3796,412203329P,123456,0
3797,412108905P,123456,0
3798,411107323P,123456,0
3799,412112607P,123456,0
3800,412112606P,123456,0
3801,412112507P,123456,0
3802,412112303P,123456,0
3803,412117601P,123456,0
3804,411105803P,123456,0
3805,412106812P,123456,0
3806,411106806P,123456,0
3807,411107803P,123456,0
3808,411107621P,123456,0
3809,411108201P,123456,0
3810,411107611P,123456,0
3811,411107637P,123456,0
3812,411107638P,123456,0
3813,411107312P,123456,0
3814,412119225P,123456,0
3815,411108902P,123456,0
3816,411109001P,123456,0
3817,412100201P,123456,0
3818,412100301P,123456,0
3819,412100302P,123456,0
3820,412101301P,123456,0
3821,412101302P,123456,0
3822,412101029P,123456,0
3823,412101001P,123456,0
3824,412101038P,123456,0
3825,412101022P,123456,0
3826,412101005P,123456,0
3827,412101023P,123456,0
3828,412101036P,123456,0
3829,412101024P,123456,0
3830,412101006P,123456,0
3831,412102204P,123456,0
3832,412102202P,123456,0
3833,412102407P,123456,0
3834,412102410P,123456,0
3835,412103301P,123456,0
3836,411107209P,123456,0
3837,412104212P,123456,0
3838,412102705P,123456,0
3839,412102707P,123456,0
3840,412110001P,123456,0
3841,411107202P,123456,0
3842,411107206P,123456,0
3843,411107313P,123456,0
3844,412106308P,123456,0
3845,411107208P,123456,0
3846,411107321P,123456,0
3847,411107320P,123456,0
3848,411107319P,123456,0
3849,412111501P,123456,0
3850,412100705P,123456,0
3851,412100706P,123456,0
3852,412100704P,123456,0
3853,412100714P,123456,0
3854,412100712P,123456,0
3855,412100723P,123456,0
3856,411107318P,123456,0
3857,411107322P,123456,0
3858,412104101P,123456,0
3859,412103801P,123456,0
3860,412106304P,123456,0
3861,412103802P,123456,0
3862,411107308P,123456,0
3863,412104702P,123456,0
3864,411107506P,123456,0
3865,412102602P,123456,0
3866,411101703P,123456,0
3867,411101704P,123456,0
3868,411101705P,123456,0
3869,411101707P,123456,0
3870,411101709P,123456,0
3871,411107109P,123456,0
3872,412102015P,123456,0
3873,411107401P,123456,0
3874,411107104P,123456,0
3875,412100801P,123456,0
3876,411107105P,123456,0
3877,411107106P,123456,0
3878,411107117P,123456,0
3879,411107501P,123456,0
3880,412102601P,123456,0
3881,411107502P,123456,0
3882,412106108P,123456,0
3883,411107507P,123456,0
3884,411107504P,123456,0
3885,411107505P,123456,0
3886,412117720P,123456,0
3887,411107001P,123456,0
3888,412111602P,123456,0
3889,412111601P,123456,0
3890,412100901P,123456,0
3891,411107601P,123456,0
3892,412105301P,123456,0
3893,412102508P,123456,0
3894,412102507P,123456,0
3895,411107613P,123456,0
3896,411107017P,123456,0
3897,412100902P,123456,0
3898,411107602P,123456,0
3899,412113205P,123456,0
3900,412113209P,123456,0
3901,412113204P,123456,0
3902,412113203P,123456,0
3903,411107002P,123456,0
3904,411107634P,123456,0
3905,411107012P,123456,0
3906,412100504P,123456,0
3907,412107607P,123456,0
3908,412102503P,123456,0
3909,411107024P,123456,0
3910,411107620P,123456,0
3911,411107603P,123456,0
3912,412102504P,123456,0
3913,411107004P,123456,0
3914,411107643P,123456,0
3915,411107005P,123456,0
3916,412106203P,123456,0
3917,412102505P,123456,0
3918,411107006P,123456,0
3919,411107617P,123456,0
3920,411107627P,123456,0
3921,411107640P,123456,0
3922,412105402P,123456,0
3923,411107629P,123456,0
3924,412100908P,123456,0
3925,412100913P,123456,0
3926,411107028P,123456,0
3927,412100502P,123456,0
3928,411107618P,123456,0
3929,411107010P,123456,0
3930,411107639P,123456,0
3931,411107009P,123456,0
3932,411107633P,123456,0
3933,411107023P,123456,0
3934,411107614P,123456,0
3935,412106703P,123456,0
3936,412101010P,123456,0
3937,412101015P,123456,0
3938,411107710P,123456,0
3939,411107716P,123456,0
3940,411106908P,123456,0
3941,411107714P,123456,0
3942,412106101P,123456,0
3943,411106911P,123456,0
3944,411107701P,123456,0
3945,412107403P,123456,0
3946,412102412P,123456,0
3947,412102413P,123456,0
3948,411106919P,123456,0
3949,411107715P,123456,0
3950,411107702P,123456,0
3951,411106902P,123456,0
3952,412107401P,123456,0
3953,411107717P,123456,0
3954,412111704P,123456,0
3955,412102403P,123456,0
3956,411106907P,123456,0
3957,411107720P,123456,0
3958,412107402P,123456,0
3959,411106912P,123456,0
3960,411106914P,123456,0
3961,412102415P,123456,0
3962,412102404P,123456,0
3963,411107703P,123456,0
3964,412113307P,123456,0
3965,412102414P,123456,0
3966,412102405P,123456,0
3967,411106904P,123456,0
3968,411106905P,123456,0
3969,412102406P,123456,0
3970,412111705P,123456,0
3971,412100401P,123456,0
3972,412107501P,123456,0
3973,412101103P,123456,0
3974,411107805P,123456,0
3975,412110404P,123456,0
3976,412113011P,123456,0
3977,412102301P,123456,0
3978,411107808P,123456,0
3979,411107811P,123456,0
3980,411107801P,123456,0
3981,411106803P,123456,0
3982,412104002P,123456,0
3983,412101101P,123456,0
3984,411106808P,123456,0
3985,411107807P,123456,0
3986,411101102P,123456,0
3987,411107812P,123456,0
3988,412102302P,123456,0
3989,411106805P,123456,0
3990,412102304P,123456,0
3991,412102903P,123456,0
3992,412108002P,123456,0
3993,412111812P,123456,0
3994,412109002P,123456,0
3995,411106702P,123456,0
3996,412113006P,123456,0
3997,411101001P,123456,0
3998,412108401P,123456,0
3999,411101004P,123456,0
4000,412113009P,123456,0
4001,411106701P,123456,0
4002,411105201P,123456,0
4003,412102201P,123456,0
4004,412112003P,123456,0
4005,412104503P,123456,0
4006,412119025P,123456,0
4007,412117625P,123456,0
4008,411100701P,123456,0
4009,411102302P,123456,0
4010,411102303P,123456,0
4011,412103101P,123456,0
4012,411106601P,123456,0
4013,412112101P,123456,0
4014,412109401P,123456,0
4015,412105601P,123456,0
4016,412112706P,123456,0
4017,411106501P,123456,0
4018,412105602P,123456,0
4019,412109501P,123456,0
4020,412109304P,123456,0
4021,412109302P,123456,0
4022,412101204P,123456,0
4023,412112707P,123456,0
4024,412111404P,123456,0
4025,412110708P,123456,0
4026,412108301P,123456,0
4027,412111403P,123456,0
4028,412105501P,123456,0
4029,412115504P,123456,0
4030,412116501P,123456,0
4031,411108002P,123456,0
4032,412101334P,123456,0
4033,412101318P,123456,0
4034,412101320P,123456,0
4035,412101321P,123456,0
4036,412101329P,123456,0
4037,412101314P,123456,0
4038,412101323P,123456,0
4039,412101325P,123456,0
4040,412112604P,123456,0
4041,412112602P,123456,0
4042,412101202P,123456,0
4043,411108214P,123456,0
4044,411108202P,123456,0
4045,412110304P,123456,0
4046,412116407P,123456,0
4047,412108304P,123456,0
4048,412103602P,123456,0
4049,412100307P,123456,0
4050,412116514P,123456,0
4051,412116512P,123456,0
4052,412116002P,123456,0
4053,412111706P,123456,0
4054,411108105P,123456,0
4055,411108106P,123456,0
4056,411108109P,123456,0
4057,411108107P,123456,0
4058,412115506P,123456,0
4059,412101902P,123456,0
4060,411102602P,123456,0
4061,412110805P,123456,0
4062,412111758P,123456,0
4063,412112310P,123456,0
4064,411102701P,123456,0
4065,411106304P,123456,0
4066,412101801P,123456,0
4067,411102601P,123456,0
4068,411108102P,123456,0
4069,411102610P,123456,0
4070,411108103P,123456,0
4071,411106312P,123456,0
4072,411106302P,123456,0
4073,412101503P,123456,0
4074,411108104P,123456,0
4075,412101802P,123456,0
4076,411106310P,123456,0
4077,411102611P,123456,0
4078,411106205P,123456,0
4079,412112402P,123456,0
4080,411100401P,123456,0
4081,411100404P,123456,0
4082,411108208P,123456,0
4083,411108205P,123456,0
4084,411108207P,123456,0
4085,411108209P,123456,0
4086,411108206P,123456,0
4087,411108203P,123456,0
4088,411108204P,123456,0
4089,411108210P,123456,0
4090,411108006P,123456,0
4091,411100402P,123456,0
4092,411108212P,123456,0
4093,411106203P,123456,0
4094,412119003P,123456,0
4095,412103501P,123456,0
4096,411108301P,123456,0
4097,411100301P,123456,0
4098,411108303P,123456,0
4099,411108305P,123456,0
4100,411108319P,123456,0
4101,412112903P,123456,0
4102,411108323P,123456,0
4103,411100302P,123456,0
4104,412105003P,123456,0
4105,411100211P,123456,0
4106,412113304P,123456,0
4107,411106001P,123456,0
4108,411108401P,123456,0
4109,412115702P,123456,0
4110,411108403P,123456,0
4111,411108423P,123456,0
4112,411108418P,123456,0
4113,411100104P,123456,0
4114,411108417P,123456,0
4115,411108425P,123456,0
4116,411108429P,123456,0
4117,411108426P,123456,0
4118,411108428P,123456,0
4119,411106008P,123456,0
4120,411106007P,123456,0
4121,411108410P,123456,0
4122,411105705P,123456,0
4123,411108421P,123456,0
4124,411108419P,123456,0
4125,411108430P,123456,0
4126,411100101P,123456,0
4127,411100105P,123456,0
4128,411105801P,123456,0
4129,412105202P,123456,0
4130,411108605P,123456,0
4131,411108606P,123456,0
4132,412108601P,123456,0
4133,412103401P,123456,0
4134,411105810P,123456,0
4135,411108604P,123456,0
4136,411108601P,123456,0
4137,411105701P,123456,0
4138,411105702P,123456,0
4139,411105703P,123456,0
4140,412119505P,123456,0
4141,412115601P,123456,0
4142,412115701P,123456,0
4143,412115505P,123456,0
4144,412115507P,123456,0
4145,412116001P,123456,0
4146,412115704P,123456,0
4147,412116101P,123456,0
4148,412119555P,123456,0
4149,412116406P,123456,0
4150,412116403P,123456,0
4151,412116408P,123456,0
4152,412116405P,123456,0
4153,411101206P,123456,0
4154,412116801P,123456,0
4155,411101207P,123456,0
4156,411101107P,123456,0
4157,411102704P,123456,0
4158,411101209P,123456,0
4159,412119005P,123456,0
4160,411102304P,123456,0
4161,412119153P,123456,0
4162,411102703P,123456,0
4163,412119060P,123456,0
4164,411103502P,123456,0
4165,411102807P,123456,0
4166,412117563P,123456,0
4167,412117165P,123456,0
4168,412117169P,123456,0
4169,412117101P,123456,0
4170,412119070P,123456,0
4171,411104102P,123456,0
4172,411103703P,123456,0
4173,411103801P,123456,0
4174,411104101P,123456,0
4175,412119077P,123456,0
4176,411104902P,123456,0
4177,412117585P,123456,0
4178,412119190P,123456,0
4179,412119416P,123456,0
4180,411107813P,123456,0
4181,411107642P,123456,0
4182,411108427P,123456,0
4183,411108108P,123456,0
4184,412100308P,123456,0
4185,412117504P,123456,0
4186,411106921P,123456,0
4187,412112504P,123456,0
4188,412100804P,123456,0
4189,411107712P,123456,0
4190,412100721P,123456,0
4191,412112308P,123456,0
4192,412112309P,123456,0
4193,411106903P,123456,0
4194,412117602P,123456,0
4195,412100724P,123456,0
4196,411105817P,123456,0
4197,411108110P,123456,0
4198,411108312P,123456,0
4199,411100601P,123456,0
4200,411107605P,123456,0
4201,411108311P,123456,0
4202,411108315P,123456,0
4203,411108313P,123456,0
4204,411101019P,123456,0
4205,412112605P,123456,0
4206,412101039P,123456,0
4207,412101037P,123456,0
4208,412111710P,123456,0
4209,412112506P,123456,0
4210,411108111P,123456,0
4211,412112508P,123456,0
4212,412102514P,123456,0
4213,412112510P,123456,0
4214,412112509P,123456,0
4215,412111712P,123456,0
4216,412111711P,123456,0
4217,412111713P,123456,0
4218,412111714P,123456,0
4219,411100203P,123456,0
4220,412116414P,123456,0
4221,412101050P,123456,0
4222,412101049P,123456,0
4223,412101040P,123456,0
4224,412101048P,123456,0
4225,412101047P,123456,0
4226,412101034P,123456,0
4227,412101044P,123456,0
4228,412101042P,123456,0
4229,412101041P,123456,0
4230,411105001P,123456,0
4231,411101700P,123456,0
4232,411206000P,123456,0
4233,412106506P,123456,0
4234,412116902P,123456,0
4235,411100504P,123456,0
4236,411107118P,123456,0
4237,411106926P,123456,0
4238,411106927P,123456,0
4239,411106809P,123456,0
4240,411106810P,123456,0
4241,411106105P,123456,0
4242,411100305P,123456,0
4243,411107324P,123456,0
4244,411102004P,123456,0
4245,411108000P,123456,0
4246,411101000P,123456,0
4247,412112004P,123456,0
4248,411106010P,123456,0
4249,411107008P,123456,0
4250,411108005P,123456,0
4251,411205000P,123456,0
4252,411108603P,123456,0
4253,412101000P,123456,0
4254,411102006P,123456,0
4255,411106000P,123456,0
4256,411102005P,123456,0
4257,206200004P,123456,0
4258,206204000P,123456,0
4259,208101822P,123456,0
4260,208101819P,123456,0
4261,208101820P,123456,0
4262,208101818P,123456,0
4263,207105214P,123456,0
4264,207102000P,123456,0
4265,206100098P,123456,0
4266,206100097P,123456,0
4267,206100095P,123456,0
4268,206100094P,123456,0
4269,206100093P,123456,0
4270,207102501P,123456,0
4271,208101420P,123456,0
4272,208102578P,123456,0
4273,208102400P,123456,0
4274,206100726P,123456,0
4275,206100731P,123456,0
4276,206100699P,123456,0
4277,206100501P,123456,0
4278,206100507P,123456,0
4279,206204801P,123456,0
4280,206100615P,123456,0
4281,208100605P,123456,0
4282,208101201P,123456,0
4283,208101801P,123456,0
4284,206100617P,123456,0
4285,206100616P,123456,0
4286,206100225P,123456,0
4287,208100901P,123456,0
4288,208101101P,123456,0
4289,208101202P,123456,0
4290,207102401P,123456,0
4291,207102400P,123456,0
4292,206100518P,123456,0
4293,208100702P,123456,0
4294,208101000P,123456,0
4295,208100601P,123456,0
4296,207100340P,123456,0
4297,208102101P,123456,0
4298,208101203P,123456,0
4299,208101802P,123456,0
4300,206100101P,123456,0
4301,206100100P,123456,0
4302,208102612P,123456,0
4303,206204818P,123456,0
4304,206204803P,123456,0
4305,206204806P,123456,0
4306,206204807P,123456,0
4307,206204809P,123456,0
4308,206204810P,123456,0
4309,206204802P,123456,0
4310,208101245P,123456,0
4311,206100256P,123456,0
4312,207100520P,123456,0
4313,206100257P,123456,0
4314,208101206P,123456,0
4315,208100705P,123456,0
4316,206100550P,123456,0
4317,206100618P,123456,0
4318,208101215P,123456,0
4319,206100258P,123456,0
4320,208101216P,123456,0
4321,208100706P,123456,0
4322,208102613P,123456,0
4323,208101222P,123456,0
4324,208100707P,123456,0
4325,208101810P,123456,0
4326,208100746P,123456,0
4327,208100742P,123456,0
4328,208100902P,123456,0
4329,208101920P,123456,0
4330,208101904P,123456,0
4331,207100539P,123456,0
4332,208100708P,123456,0
4333,208101803P,123456,0
4334,206100262P,123456,0
4335,208101220P,123456,0
4336,208102103P,123456,0
4337,208102430P,123456,0
4338,207100555P,123456,0
4339,207101550P,123456,0
4340,208102104P,123456,0
4341,208100709P,123456,0
4342,208101221P,123456,0
4343,207100232P,123456,0
4344,208102431P,123456,0
4345,208100602P,123456,0
4346,208101908P,123456,0
4347,208100738P,123456,0
4348,208102530P,123456,0
4349,206101800P,123456,0
4350,206101101P,123456,0
4351,208102614P,123456,0
4352,206101801P,123456,0
4353,208102538P,123456,0
4354,206100109P,123456,0
4355,208102433P,123456,0
4356,206101806P,123456,0
4357,208102583P,123456,0
4358,208102545P,123456,0
4359,206101807P,123456,0
4360,208100603P,123456,0
4361,208101808P,123456,0
4362,206204881P,123456,0
4363,208100710P,123456,0
4364,208101905P,123456,0
4365,208102106P,123456,0
4366,208101225P,123456,0
4367,208101226P,123456,0
4368,208101227P,123456,0
4369,208102107P,123456,0
4370,206100900P,123456,0
4371,206101400P,123456,0
4372,208102504P,123456,0
4373,208101228P,123456,0
4374,208101229P,123456,0
4375,208100207P,123456,0
4376,208101231P,123456,0
4377,208101919P,123456,0
4378,208102434P,123456,0
4379,206101881P,123456,0
4380,208101910P,123456,0
4381,208101232P,123456,0
4382,208101233P,123456,0
4383,208101204P,123456,0
4384,208101234P,123456,0
4385,208100727P,123456,0
4386,208101005P,123456,0
4387,208100712P,123456,0
4388,208101237P,123456,0
4389,208100905P,123456,0
4390,208100906P,123456,0
4391,208101238P,123456,0
4392,208101267P,123456,0
4393,208101912P,123456,0
4394,206101808P,123456,0
4395,208101273P,123456,0
4396,208101239P,123456,0
4397,206100976P,123456,0
4398,206101102P,123456,0
4399,206101468P,123456,0
4400,208102435P,123456,0
4401,206204827P,123456,0
4402,206101809P,123456,0
4403,208100714P,123456,0
4404,208100741P,123456,0
4405,208100715P,123456,0
4406,208100732P,123456,0
4407,206100985P,123456,0
4408,206100970P,123456,0
4409,208102436P,123456,0
4410,206101401P,123456,0
4411,208102437P,123456,0
4412,206204828P,123456,0
4413,208102438P,123456,0
4414,208102617P,123456,0
4415,206201908P,123456,0
4416,206101877P,123456,0
4417,208102402P,123456,0
4418,208102524P,123456,0
4419,206201921P,123456,0
4420,206202201P,123456,0
4421,206203201P,123456,0
4422,208101240P,123456,0
4423,208100716P,123456,0
4424,208100801P,123456,0
4425,208101266P,123456,0
4426,208100717P,123456,0
4427,208101008P,123456,0
4428,208102110P,123456,0
4429,208101241P,123456,0
4430,208100718P,123456,0
4431,208101242P,123456,0
4432,208101701P,123456,0
4433,208101243P,123456,0
4434,208101270P,123456,0
4435,206101104P,123456,0
4436,206201701P,123456,0
4437,208101265P,123456,0
4438,208102118P,123456,0
4439,208102112P,123456,0
4440,208101244P,123456,0
4441,208101211P,123456,0
4442,208100719P,123456,0
4443,206100628P,123456,0
4444,208100145P,123456,0
4445,208100723P,123456,0
4446,208100722P,123456,0
4447,208101247P,123456,0
4448,208100724P,123456,0
4449,208101248P,123456,0
4450,208101249P,123456,0
4451,206101168P,123456,0
4452,208102440P,123456,0
4453,208101250P,123456,0
4454,208101251P,123456,0
4455,208101252P,123456,0
4456,208100743P,123456,0
4457,208100909P,123456,0
4458,208101246P,123456,0
4459,208101253P,123456,0
4460,208102114P,123456,0
4461,206101811P,123456,0
4462,206101876P,123456,0
4463,206101882P,123456,0
4464,208101254P,123456,0
4465,208102116P,123456,0
4466,208100304P,123456,0
4467,206100981P,123456,0
4468,206101123P,123456,0
4469,206201102P,123456,0
4470,206201103P,123456,0
4471,206204830P,123456,0
4472,208102501P,123456,0
4473,206101404P,123456,0
4474,206201105P,123456,0
4475,206101814P,123456,0
4476,206101107P,123456,0
4477,208102647P,123456,0
4478,208102521P,123456,0
4479,208102546P,123456,0
4480,208100730P,123456,0
4481,208101272P,123456,0
4482,208102119P,123456,0
4483,208101256P,123456,0
4484,208101258P,123456,0
4485,208101224P,123456,0
4486,206101458P,123456,0
4487,206201002P,123456,0
4488,206101817P,123456,0
4489,208101921P,123456,0
4490,206100284P,123456,0
4491,208100210P,123456,0
4492,207103713P,123456,0
4493,208101260P,123456,0
4494,208102445P,123456,0
4495,206203202P,123456,0
4496,206101818P,123456,0
4497,208100739P,123456,0
4498,208102638P,123456,0
4499,206201106P,123456,0
4500,208101200P,123456,0
4501,208100146P,123456,0
4502,206201107P,123456,0
4503,206101820P,123456,0
4504,206101109P,123456,0
4505,206101405P,123456,0
4506,206201108P,123456,0
4507,206204859P,123456,0
4508,206102135P,123456,0
4509,208102490P,123456,0
4510,206101821P,123456,0
4511,208102622P,123456,0
4512,206201507P,123456,0
4513,206201504P,123456,0
4514,206207400P,123456,0
4515,206101110P,123456,0
4516,206204856P,123456,0
4517,208102403P,123456,0
4518,206201109P,123456,0
4519,208100313P,123456,0
4520,206100286P,123456,0
4521,207100600P,123456,0
4522,206101111P,123456,0
4523,206201110P,123456,0
4524,206201902P,123456,0
4525,206204846P,123456,0
4526,206204813P,123456,0
4527,208102449P,123456,0
4528,206100990P,123456,0
4529,208102651P,123456,0
4530,206204837P,123456,0
4531,206204839P,123456,0
4532,206204841P,123456,0
4533,206204842P,123456,0
4534,206204844P,123456,0
4535,206204891P,123456,0
4536,206204849P,123456,0
4537,206204840P,123456,0
4538,206204852P,123456,0
4539,206204854P,123456,0
4540,206204857P,123456,0
4541,208102624P,123456,0
4542,206204847P,123456,0
4543,208100315P,123456,0
4544,207101004P,123456,0
4545,207100622P,123456,0
4546,207100618P,123456,0
4547,207100623P,123456,0
4548,208102452P,123456,0
4549,207100603P,123456,0
4550,207100494P,123456,0
4551,208102625P,123456,0
4552,207101010P,123456,0
4553,206100820P,123456,0
4554,208102627P,123456,0
4555,208102498P,123456,0
4556,206102016P,123456,0
4557,207101007P,123456,0
4558,207101008P,123456,0
4559,208100112P,123456,0
4560,207100425P,123456,0
4561,206102163P,123456,0
4562,206102164P,123456,0
4563,208102648P,123456,0
4564,206102166P,123456,0
4565,206100297P,123456,0
4566,206100296P,123456,0
4567,208102455P,123456,0
4568,208102404P,123456,0
4569,206102171P,123456,0
4570,206200102P,123456,0
4571,208102446P,123456,0
4572,208100305P,123456,0
4573,206102174P,123456,0
4574,208102634P,123456,0
4575,208102503P,123456,0
4576,208102405P,123456,0
4577,208102460P,123456,0
4578,206200503P,123456,0
4579,208102656P,123456,0
4580,206200330P,123456,0
4581,208102657P,123456,0
4582,208102660P,123456,0
4583,208102661P,123456,0
4584,208102662P,123456,0
4585,208102585P,123456,0
4586,208102663P,123456,0
4587,206200106P,123456,0
4588,208102664P,123456,0
4589,206200107P,123456,0
4590,208102665P,123456,0
4591,207100431P,123456,0
4592,207100554P,123456,0
4593,206200506P,123456,0
4594,207100464P,123456,0
4595,208100316P,123456,0
4596,207100725P,123456,0
4597,206200109P,123456,0
4598,208102668P,123456,0
4599,206102197P,123456,0
4600,208102676P,123456,0
4601,206103002P,123456,0
4602,208101404P,123456,0
4603,208102646P,123456,0
4604,206100901P,123456,0
4605,206101112P,123456,0
4606,206101455P,123456,0
4607,208102550P,123456,0
4608,206201142P,123456,0
4609,206201903P,123456,0
4610,206101720P,123456,0
4611,206101701P,123456,0
4612,208100317P,123456,0
4613,206100986P,123456,0
4614,206100902P,123456,0
4615,207101422P,123456,0
4616,206101624P,123456,0
4617,206101824P,123456,0
4618,208102680P,123456,0
4619,208100503P,123456,0
4620,206204002P,123456,0
4621,206204001P,123456,0
4622,206101460P,123456,0
4623,206100903P,123456,0
4624,206101409P,123456,0
4625,208102684P,123456,0
4626,206201112P,123456,0
4627,208102685P,123456,0
4628,206101116P,123456,0
4629,206201113P,123456,0
4630,206100905P,123456,0
4631,206101466P,123456,0
4632,208102687P,123456,0
4633,206201008P,123456,0
4634,206202205P,123456,0
4635,206101625P,123456,0
4636,208102401P,123456,0
4637,206101410P,123456,0
4638,208100307P,123456,0
4639,206101444P,123456,0
4640,206101131P,123456,0
4641,206101117P,123456,0
4642,206201115P,123456,0
4643,207100442P,123456,0
4644,206201011P,123456,0
4645,206201904P,123456,0
4646,206202202P,123456,0
4647,206101620P,123456,0
4648,206200129P,123456,0
4649,206101827P,123456,0
4650,206101828P,123456,0
4651,206101826P,123456,0
4652,206101303P,123456,0
4653,206201013P,123456,0
4654,206100907P,123456,0
4655,208102693P,123456,0
4656,206201117P,123456,0
4657,206100908P,123456,0
4658,206201303P,123456,0
4659,206101616P,123456,0
4660,208100321P,123456,0
4661,208102695P,123456,0
4662,206100909P,123456,0
4663,206101304P,123456,0
4664,206101615P,123456,0
4665,208102535P,123456,0
4666,208102552P,123456,0
4667,206201118P,123456,0
4668,206205304P,123456,0
4669,206100298P,123456,0
4670,206200130P,123456,0
4671,207100444P,123456,0
4672,206200410P,123456,0
4673,206101301P,123456,0
4674,208102697P,123456,0
4675,206201407P,123456,0
4676,206101831P,123456,0
4677,208100335P,123456,0
4678,206100910P,123456,0
4679,206101705P,123456,0
4680,206101706P,123456,0
4681,206101305P,123456,0
4682,206201603P,123456,0
4683,206101603P,123456,0
4684,206200132P,123456,0
4685,206200133P,123456,0
4686,206101413P,123456,0
4687,206100912P,123456,0
4688,206101457P,123456,0
4689,206101604P,123456,0
4690,206101832P,123456,0
4691,206101414P,123456,0
4692,206100962P,123456,0
4693,206100913P,123456,0
4694,206101306P,123456,0
4695,206100915P,123456,0
4696,206101127P,123456,0
4697,206101415P,123456,0
4698,206101833P,123456,0
4699,208102586P,123456,0
4700,206101128P,123456,0
4701,206101445P,123456,0
4702,206201017P,123456,0
4703,206204604P,123456,0
4704,206204603P,123456,0
4705,207100447P,123456,0
4706,208100331P,123456,0
4707,206101307P,123456,0
4708,206201147P,123456,0
4709,206201148P,123456,0
4710,206201119P,123456,0
4711,208100408P,123456,0
4712,206100917P,123456,0
4713,206101121P,123456,0
4714,206101418P,123456,0
4715,206101835P,123456,0
4716,206101129P,123456,0
4717,206100919P,123456,0
4718,206201120P,123456,0
4719,207101002P,123456,0
4720,206101417P,123456,0
4721,206101608P,123456,0
4722,206101132P,123456,0
4723,206101463P,123456,0
4724,208102532P,123456,0
4725,206100965P,123456,0
4726,206100920P,123456,0
4727,206101006P,123456,0
4728,206101133P,123456,0
4729,206101419P,123456,0
4730,208102553P,123456,0
4731,206101838P,123456,0
4732,207100461P,123456,0
4733,207100528P,123456,0
4734,206100921P,123456,0
4735,206101134P,123456,0
4736,206101421P,123456,0
4737,206101609P,123456,0
4738,206101839P,123456,0
4739,206200555P,123456,0
4740,206200504P,123456,0
4741,207100449P,123456,0
4742,208100216P,123456,0
4743,207100553P,123456,0
4744,206200141P,123456,0
4745,206200142P,123456,0
4746,206200143P,123456,0
4747,206200147P,123456,0
4748,206200148P,123456,0
4749,206200152P,123456,0
4750,206200153P,123456,0
4751,206200156P,123456,0
4752,206200172P,123456,0
4753,206200183P,123456,0
4754,206200247P,123456,0
4755,206200145P,123456,0
4756,206200140P,123456,0
4757,208102406P,123456,0
4758,208102461P,123456,0
4759,206200606P,123456,0
4760,206200157P,123456,0
4761,207100606P,123456,0
4762,207100455P,123456,0
4763,208102506P,123456,0
4764,206200475P,123456,0
4765,206200165P,123456,0
4766,206200170P,123456,0
4767,208100337P,123456,0
4768,208100332P,123456,0
4769,207100820P,123456,0
4770,206200314P,123456,0
4771,207100460P,123456,0
4772,206200557P,123456,0
4773,208100410P,123456,0
4774,206200549P,123456,0
4775,207100235P,123456,0
4776,207100822P,123456,0
4777,206200313P,123456,0
4778,206200178P,123456,0
4779,208102587P,123456,0
4780,208102463P,123456,0
4781,206207312P,123456,0
4782,206200479P,123456,0
4783,208100222P,123456,0
4784,206200416P,123456,0
4785,207100236P,123456,0
4786,206200179P,123456,0
4787,206200499P,123456,0
4788,206200180P,123456,0
4789,206200610P,123456,0
4790,207100343P,123456,0
4791,206200181P,123456,0
4792,206200421P,123456,0
4793,208102407P,123456,0
4794,208102464P,123456,0
4795,208100329P,123456,0
4796,206200611P,123456,0
4797,207100237P,123456,0
4798,208100336P,123456,0
4799,207106904P,123456,0
4800,206190029P,123456,0
4801,208102508P,123456,0
4802,206200512P,123456,0
4803,207100238P,123456,0
4804,207100611P,123456,0
4805,206200427P,123456,0
4806,206200513P,123456,0
4807,206200517P,123456,0
4808,208102533P,123456,0
4809,206190003P,123456,0
4810,208102408P,123456,0
4811,206100923P,123456,0
4812,206100924P,123456,0
4813,206100925P,123456,0
4814,206100969P,123456,0
4815,206100972P,123456,0
4816,206101135P,123456,0
4817,206101422P,123456,0
4818,208102554P,123456,0
4819,206203801P,123456,0
4820,206201018P,123456,0
4821,206101716P,123456,0
4822,206103300P,123456,0
4823,206101840P,123456,0
4824,206200428P,123456,0
4825,206200518P,123456,0
4826,206101009P,123456,0
4827,206101008P,123456,0
4828,206101136P,123456,0
4829,206101311P,123456,0
4830,206203802P,123456,0
4831,206201306P,123456,0
4832,206101712P,123456,0
4833,206101841P,123456,0
4834,206200519P,123456,0
4835,206101137P,123456,0
4836,206101872P,123456,0
4837,206101842P,123456,0
4838,206101139P,123456,0
4839,206101313P,123456,0
4840,206101140P,123456,0
4841,206101502P,123456,0
4842,206101501P,123456,0
4843,206101843P,123456,0
4844,206101844P,123456,0
4845,206100926P,123456,0
4846,206101165P,123456,0
4847,206101436P,123456,0
4848,206101845P,123456,0
4849,208102542P,123456,0
4850,206101141P,123456,0
4851,206201123P,123456,0
4852,206102310P,123456,0
4853,206100993P,123456,0
4854,206101503P,123456,0
4855,206101846P,123456,0
4856,206101880P,123456,0
4857,206101847P,123456,0
4858,206100927P,123456,0
4859,206101142P,123456,0
4860,206101427P,123456,0
4861,206201924P,123456,0
4862,206101848P,123456,0
4863,206101143P,123456,0
4864,206101002P,123456,0
4865,206200701P,123456,0
4866,206100153P,123456,0
4867,206101145P,123456,0
4868,206101852P,123456,0
4869,208102509P,123456,0
4870,206101429P,123456,0
4871,208102556P,123456,0
4872,206201124P,123456,0
4873,206201125P,123456,0
4874,206201135P,123456,0
4875,206201143P,123456,0
4876,206201146P,123456,0
4877,206201126P,123456,0
4878,206203003P,123456,0
4879,206202400P,123456,0
4880,206201021P,123456,0
4881,206101623P,123456,0
4882,206101853P,123456,0
4883,206200184P,123456,0
4884,206101854P,123456,0
4885,206200186P,123456,0
4886,206100928P,123456,0
4887,206101170P,123456,0
4888,207100472P,123456,0
4889,206200430P,123456,0
4890,206101167P,123456,0
4891,206101147P,123456,0
4892,206101855P,123456,0
4893,206202220P,123456,0
4894,206205700P,123456,0
4895,206100983P,123456,0
4896,206100930P,123456,0
4897,206101149P,123456,0
4898,206101506P,123456,0
4899,206101150P,123456,0
4900,206201923P,123456,0
4901,206101430P,123456,0
4902,208102589P,123456,0
4903,206100154P,123456,0
4904,206101166P,123456,0
4905,206101505P,123456,0
4906,208102531P,123456,0
4907,206201909P,123456,0
4908,206202211P,123456,0
4909,206200483P,123456,0
4910,206205308P,123456,0
4911,206200431P,123456,0
4912,206200188P,123456,0
4913,206200554P,123456,0
4914,207100613P,123456,0
4915,208100324P,123456,0
4916,206101151P,123456,0
4917,206101461P,123456,0
4918,206201910P,123456,0
4919,206200190P,123456,0
4920,208100325P,123456,0
4921,206200501P,123456,0
4922,206200522P,123456,0
4923,207100474P,123456,0
4924,206101152P,123456,0
4925,206200486P,123456,0
4926,206100931P,123456,0
4927,206101005P,123456,0
4928,206100157P,123456,0
4929,206100159P,123456,0
4930,206100160P,123456,0
4931,206100162P,123456,0
4932,206100164P,123456,0
4933,206100163P,123456,0
4934,206100166P,123456,0
4935,206100169P,123456,0
4936,206100102P,123456,0
4937,206100158P,123456,0
4938,206100104P,123456,0
4939,206100107P,123456,0
4940,206100108P,123456,0
4941,206100110P,123456,0
4942,206100493P,123456,0
4943,206100111P,123456,0
4944,206100112P,123456,0
4945,206100113P,123456,0
4946,206100118P,123456,0
4947,206103106P,123456,0
4948,206100161P,123456,0
4949,206100121P,123456,0
4950,206100155P,123456,0
4951,206101858P,123456,0
4952,206200432P,123456,0
4953,206200434P,123456,0
4954,206101431P,123456,0
4955,206200710P,123456,0
4956,206101859P,123456,0
4957,206200433P,123456,0
4958,207100476P,123456,0
4959,206101172P,123456,0
4960,206201212P,123456,0
4961,206200703P,123456,0
4962,206202215P,123456,0
4963,206101315P,123456,0
4964,206202101P,123456,0
4965,206100934P,123456,0
4966,206101164P,123456,0
4967,206201022P,123456,0
4968,206201911P,123456,0
4969,206102341P,123456,0
4970,206101714P,123456,0
4971,206101860P,123456,0
4972,208100328P,123456,0
4973,208101433P,123456,0
4974,208102409P,123456,0
4975,206200191P,123456,0
4976,206102352P,123456,0
4977,207100285P,123456,0
4978,207100247P,123456,0
4979,206200196P,123456,0
4980,206200198P,123456,0
4981,206102354P,123456,0
4982,206102355P,123456,0
4983,208102591P,123456,0
4984,208102513P,123456,0
4985,207100477P,123456,0
4986,206200228P,123456,0
4987,207100250P,123456,0
4988,207100251P,123456,0
4989,206200208P,123456,0
4990,206200210P,123456,0
4991,206200211P,123456,0
4992,206100172P,123456,0
4993,206100173P,123456,0
4994,206100174P,123456,0
4995,206100175P,123456,0
4996,206100177P,123456,0
4997,206100178P,123456,0
4998,206100179P,123456,0
4999,206100180P,123456,0
5000,206100182P,123456,0
5001,206100183P,123456,0
5002,206100185P,123456,0
5003,206100408P,123456,0
5004,206100186P,123456,0
5005,206100417P,123456,0
5006,206100190P,123456,0
5007,206100419P,123456,0
5008,206100191P,123456,0
5009,206100420P,123456,0
5010,206100192P,123456,0
5011,206100423P,123456,0
5012,206100424P,123456,0
5013,206100426P,123456,0
5014,206100428P,123456,0
5015,206100429P,123456,0
5016,206100430P,123456,0
5017,206100431P,123456,0
5018,206100433P,123456,0
5019,206100437P,123456,0
5020,206100474P,123456,0
5021,206100439P,123456,0
5022,206100440P,123456,0
5023,206100444P,123456,0
5024,206100450P,123456,0
5025,206100451P,123456,0
5026,206100452P,123456,0
5027,206100453P,123456,0
5028,206100454P,123456,0
5029,206100455P,123456,0
5030,206100457P,123456,0
5031,206100458P,123456,0
5032,206100459P,123456,0
5033,206100461P,123456,0
5034,206100462P,123456,0
5035,206100463P,123456,0
5036,206100464P,123456,0
5037,206100476P,123456,0
5038,206100482P,123456,0
5039,206100483P,123456,0
5040,206100484P,123456,0
5041,206100486P,123456,0
5042,206100487P,123456,0
5043,206100488P,123456,0
5044,206100489P,123456,0
5045,206100490P,123456,0
5046,206100331P,123456,0
5047,206100333P,123456,0
5048,206100336P,123456,0
5049,206100337P,123456,0
5050,206100338P,123456,0
5051,206100339P,123456,0
5052,206100340P,123456,0
5053,206100341P,123456,0
5054,206100342P,123456,0
5055,206100344P,123456,0
5056,206100347P,123456,0
5057,206100348P,123456,0
5058,206100349P,123456,0
5059,206100351P,123456,0
5060,206100171P,123456,0
5061,208102410P,123456,0
5062,208102467P,123456,0
5063,207100498P,123456,0
5064,207100122P,123456,0
5065,207106901P,123456,0
5066,207106902P,123456,0
5067,207106905P,123456,0
5068,207100497P,123456,0
5069,206200319P,123456,0
5070,206205307P,123456,0
5071,206200441P,123456,0
5072,206200209P,123456,0
5073,208102592P,123456,0
5074,208102557P,123456,0
5075,206200220P,123456,0
5076,207100283P,123456,0
5077,207100408P,123456,0
5078,206200248P,123456,0
5079,206200320P,123456,0
5080,208102537P,123456,0
5081,206200249P,123456,0
5082,206200447P,123456,0
5083,206200492P,123456,0
5084,206205305P,123456,0
5085,206205306P,123456,0
5086,206200446P,123456,0
5087,206200253P,123456,0
5088,206200448P,123456,0
5089,206200507P,123456,0
5090,206200459P,123456,0
5091,208102579P,123456,0
5092,206101903P,123456,0
5093,208102543P,123456,0
5094,206100935P,123456,0
5095,206101004P,123456,0
5096,206101316P,123456,0
5097,206102400P,123456,0
5098,207105380P,123456,0
5099,207105400P,123456,0
5100,207105381P,123456,0
5101,207105382P,123456,0
5102,207105383P,123456,0
5103,207105385P,123456,0
5104,207105386P,123456,0
5105,207105384P,123456,0
5106,206201023P,123456,0
5107,206201130P,123456,0
5108,206201129P,123456,0
5109,206201912P,123456,0
5110,206101621P,123456,0
5111,206101613P,123456,0
5112,206200452P,123456,0
5113,206200250P,123456,0
5114,207100253P,123456,0
5115,206100936P,123456,0
5116,206101433P,123456,0
5117,206100516P,123456,0
5118,206102401P,123456,0
5119,206201914P,123456,0
5120,207105404P,123456,0
5121,206201144P,123456,0
5122,206100971P,123456,0
5123,206101434P,123456,0
5124,206201145P,123456,0
5125,206100938P,123456,0
5126,206101440P,123456,0
5127,206201024P,123456,0
5128,206101862P,123456,0
5129,206100940P,123456,0
5130,206101442P,123456,0
5131,206101863P,123456,0
5132,208101434P,123456,0
5133,208102593P,123456,0
5134,206100987P,123456,0
5135,206100941P,123456,0
5136,206101317P,123456,0
5137,208102492P,123456,0
5138,206200714P,123456,0
5139,206200705P,123456,0
5140,206100942P,123456,0
5141,206101446P,123456,0
5142,206101864P,123456,0
5143,207100254P,123456,0
5144,207105421P,123456,0
5145,206200251P,123456,0
5146,206200252P,123456,0
5147,207105416P,123456,0
5148,206201918P,123456,0
5149,206200456P,123456,0
5150,206200457P,123456,0
5151,206200455P,123456,0
5152,206200294P,123456,0
5153,206100943P,123456,0
5154,206101318P,123456,0
5155,206101450P,123456,0
5156,206203005P,123456,0
5157,206203006P,123456,0
5158,206203004P,123456,0
5159,207104803P,123456,0
5160,206200254P,123456,0
5161,207100125P,123456,0
5162,206100944P,123456,0
5163,206101158P,123456,0
5164,206101865P,123456,0
5165,206200256P,123456,0
5166,206100946P,123456,0
5167,206101154P,123456,0
5168,206101622P,123456,0
5169,206100947P,123456,0
5170,208102411P,123456,0
5171,206100948P,123456,0
5172,206200291P,123456,0
5173,206200261P,123456,0
5174,207100746P,123456,0
5175,206200262P,123456,0
5176,206101159P,123456,0
5177,206200458P,123456,0
5178,206200460P,123456,0
5179,206200264P,123456,0
5180,206100950P,123456,0
5181,206100951P,123456,0
5182,207100293P,123456,0
5183,207100255P,123456,0
5184,206200266P,123456,0
5185,206101456P,123456,0
5186,206201310P,123456,0
5187,206101451P,123456,0
5188,208102594P,123456,0
5189,208100402P,123456,0
5190,206101160P,123456,0
5191,206101320P,123456,0
5192,207100747P,123456,0
5193,206200267P,123456,0
5194,206200462P,123456,0
5195,206207303P,123456,0
5196,206202501P,123456,0
5197,206202027P,123456,0
5198,208100403P,123456,0
5199,206200807P,123456,0
5200,206200808P,123456,0
5201,206200805P,123456,0
5202,206200464P,123456,0
5203,206100955P,123456,0
5204,206101868P,123456,0
5205,207100752P,123456,0
5206,207100727P,123456,0
5207,207100749P,123456,0
5208,206100956P,123456,0
5209,206101161P,123456,0
5210,206101322P,123456,0
5211,207105420P,123456,0
5212,206101869P,123456,0
5213,206101324P,123456,0
5214,206101443P,123456,0
5215,206100959P,123456,0
5216,206101162P,123456,0
5217,208102677P,123456,0
5218,206101709P,123456,0
5219,206200467P,123456,0
5220,206200270P,123456,0
5221,206100960P,123456,0
5222,206101870P,123456,0
5223,206200468P,123456,0
5224,207100282P,123456,0
5225,206200469P,123456,0
5226,206200323P,123456,0
5227,206101717P,123456,0
5228,208101445P,123456,0
5229,208102595P,123456,0
5230,206200272P,123456,0
5231,207100258P,123456,0
5232,206200515P,123456,0
5233,206200470P,123456,0
5234,208102596P,123456,0
5235,208102502P,123456,0
5236,207100456P,123456,0
5237,207100127P,123456,0
5238,208101447P,123456,0
5239,208102672P,123456,0
5240,208102470P,123456,0
5241,207100482P,123456,0
5242,206207305P,123456,0
5243,206200298P,123456,0
5244,207100271P,123456,0
5245,206200275P,123456,0
5246,206200516P,123456,0
5247,208102497P,123456,0
5248,206200472P,123456,0
5249,206200529P,123456,0
5250,206200531P,123456,0
5251,206200532P,123456,0
5252,206200534P,123456,0
5253,206200535P,123456,0
5254,206200536P,123456,0
5255,206200537P,123456,0
5256,206200544P,123456,0
5257,206200545P,123456,0
5258,206200547P,123456,0
5259,206200533P,123456,0
5260,206200473P,123456,0
5261,206200276P,123456,0
5262,206200293P,123456,0
5263,208102597P,123456,0
5264,206200278P,123456,0
5265,206200285P,123456,0
5266,206200288P,123456,0
5267,206200283P,123456,0
5268,206200280P,123456,0
5269,206200281P,123456,0
5270,206200282P,123456,0
5271,206200237P,123456,0
5272,206200236P,123456,0
5273,206200284P,123456,0
5274,208102528P,123456,0
5275,206190005P,123456,0
5276,208102493P,123456,0
5277,207101101P,123456,0
5278,207101500P,123456,0
5279,207101600P,123456,0
5280,208102562P,123456,0
5281,207101400P,123456,0
5282,207101801P,123456,0
5283,206203204P,123456,0
5284,206100801P,123456,0
5285,207100301P,123456,0
5286,207101116P,123456,0
5287,206102501P,123456,0
5288,206100197P,123456,0
5289,206101323P,123456,0
5290,207102173P,123456,0
5291,207102100P,123456,0
5292,207104300P,123456,0
5293,207101103P,123456,0
5294,206102503P,123456,0
5295,207104802P,123456,0
5296,207101104P,123456,0
5297,207100303P,123456,0
5298,207101470P,123456,0
5299,206101830P,123456,0
5300,206200290P,123456,0
5301,206200289P,123456,0
5302,206102506P,123456,0
5303,207102101P,123456,0
5304,207100500P,123456,0
5305,207101105P,123456,0
5306,207101301P,123456,0
5307,207101502P,123456,0
5308,207102010P,123456,0
5309,206100199P,123456,0
5310,207100703P,123456,0
5311,206100534P,123456,0
5312,207101442P,123456,0
5313,207101402P,123456,0
5314,207102049P,123456,0
5315,207104303P,123456,0
5316,208102412P,123456,0
5317,206100621P,123456,0
5318,208102517P,123456,0
5319,206100802P,123456,0
5320,207100304P,123456,0
5321,207101106P,123456,0
5322,207100738P,123456,0
5323,207102910P,123456,0
5324,207104601P,123456,0
5325,207100100P,123456,0
5326,207101603P,123456,0
5327,207102050P,123456,0
5328,206203502P,123456,0
5329,206203541P,123456,0
5330,207100705P,123456,0
5331,207104305P,123456,0
5332,207100501P,123456,0
5333,206203506P,123456,0
5334,207101604P,123456,0
5335,207101601P,123456,0
5336,207100305P,123456,0
5337,207102104P,123456,0
5338,208100101P,123456,0
5339,207100203P,123456,0
5340,206203507P,123456,0
5341,207101109P,123456,0
5342,207104306P,123456,0
5343,207100734P,123456,0
5344,207100502P,123456,0
5345,207100124P,123456,0
5346,207101504P,123456,0
5347,207102105P,123456,0
5348,207102801P,123456,0
5349,207104307P,123456,0
5350,207100204P,123456,0
5351,208102598P,123456,0
5352,207101605P,123456,0
5353,206203508P,123456,0
5354,206100701P,123456,0
5355,207100723P,123456,0
5356,207100503P,123456,0
5357,208100102P,123456,0
5358,207101149P,123456,0
5359,207101110P,123456,0
5360,207100307P,123456,0
5361,206203579P,123456,0
5362,207100710P,123456,0
5363,206100517P,123456,0
5364,206200711P,123456,0
5365,207104309P,123456,0
5366,206203568P,123456,0
5367,207103701P,123456,0
5368,207104310P,123456,0
5369,206100824P,123456,0
5370,207100308P,123456,0
5371,207100505P,123456,0
5372,207101111P,123456,0
5373,207104311P,123456,0
5374,206100806P,123456,0
5375,207102108P,123456,0
5376,208100118P,123456,0
5377,206203574P,123456,0
5378,207101505P,123456,0
5379,207104312P,123456,0
5380,207100309P,123456,0
5381,207101131P,123456,0
5382,208102563P,123456,0
5383,206203514P,123456,0
5384,206203515P,123456,0
5385,206203572P,123456,0
5386,206203517P,123456,0
5387,206203570P,123456,0
5388,207102109P,123456,0
5389,207100712P,123456,0
5390,206203519P,123456,0
5391,207101114P,123456,0
5392,207101506P,123456,0
5393,207104420P,123456,0
5394,207100310P,123456,0
5395,206203520P,123456,0
5396,207102167P,123456,0
5397,207100506P,123456,0
5398,206203521P,123456,0
5399,207101115P,123456,0
5400,207101507P,123456,0
5401,207104315P,123456,0
5402,206100808P,123456,0
5403,207100805P,123456,0
5404,207101547P,123456,0
5405,207102177P,123456,0
5406,207102164P,123456,0
5407,207100104P,123456,0
5408,207104316P,123456,0
5409,207100311P,123456,0
5410,207104317P,123456,0
5411,207100507P,123456,0
5412,207102803P,123456,0
5413,208100105P,123456,0
5414,207101346P,123456,0
5415,207101509P,123456,0
5416,206204870P,123456,0
5417,207104318P,123456,0
5418,207101117P,123456,0
5419,207101510P,123456,0
5420,207102111P,123456,0
5421,207100714P,123456,0
5422,207104319P,123456,0
5423,207103900P,123456,0
5424,207100312P,123456,0
5425,207101119P,123456,0
5426,207100313P,123456,0
5427,207100508P,123456,0
5428,208102413P,123456,0
5429,206100630P,123456,0
5430,206203527P,123456,0
5431,206100202P,123456,0
5432,206100201P,123456,0
5433,206100119P,123456,0
5434,206100200P,123456,0
5435,206203529P,123456,0
5436,206203528P,123456,0
5437,206203535P,123456,0
5438,206203538P,123456,0
5439,206203543P,123456,0
5440,206203544P,123456,0
5441,208102601P,123456,0
5442,206102056P,123456,0
5443,208102472P,123456,0
5444,206203511P,123456,0
5445,206203545P,123456,0
5446,208102442P,123456,0
5447,208102514P,123456,0
5448,208102650P,123456,0
5449,208102602P,123456,0
5450,208102529P,123456,0
5451,206101904P,123456,0
5452,208102414P,123456,0
5453,207101120P,123456,0
5454,207101511P,123456,0
5455,206100702P,123456,0
5456,208102564P,123456,0
5457,207105203P,123456,0
5458,207105206P,123456,0
5459,207105209P,123456,0
5460,207105212P,123456,0
5461,207105215P,123456,0
5462,207105218P,123456,0
5463,207105224P,123456,0
5464,207105227P,123456,0
5465,207105230P,123456,0
5466,207105233P,123456,0
5467,207105236P,123456,0
5468,207105239P,123456,0
5469,207105241P,123456,0
5470,207105244P,123456,0
5471,207105247P,123456,0
5472,207105250P,123456,0
5473,207105253P,123456,0
5474,207105303P,123456,0
5475,207105201P,123456,0
5476,207105204P,123456,0
5477,207105208P,123456,0
5478,207105210P,123456,0
5479,207105211P,123456,0
5480,207105200P,123456,0
5481,206205100P,123456,0
5482,207101423P,123456,0
5483,207101404P,123456,0
5484,207104320P,123456,0
5485,206102600P,123456,0
5486,207101122P,123456,0
5487,206100204P,123456,0
5488,207101512P,123456,0
5489,207102112P,123456,0
5490,207101406P,123456,0
5491,207104321P,123456,0
5492,206102601P,123456,0
5493,206102602P,123456,0
5494,206102603P,123456,0
5495,206102604P,123456,0
5496,207101124P,123456,0
5497,206100205P,123456,0
5498,207101514P,123456,0
5499,206100532P,123456,0
5500,207101431P,123456,0
5501,207104373P,123456,0
5502,207104323P,123456,0
5503,207101516P,123456,0
5504,207101126P,123456,0
5505,207101517P,123456,0
5506,207102181P,123456,0
5507,207101128P,123456,0
5508,207101518P,123456,0
5509,207101618P,123456,0
5510,208102491P,123456,0
5511,207105354P,123456,0
5512,207101407P,123456,0
5513,207104326P,123456,0
5514,207100206P,123456,0
5515,207101130P,123456,0
5516,206100206P,123456,0
5517,207102114P,123456,0
5518,207104327P,123456,0
5519,207100716P,123456,0
5520,207104328P,123456,0
5521,207104329P,123456,0
5522,208100121P,123456,0
5523,207101134P,123456,0
5524,207101430P,123456,0
5525,207104429P,123456,0
5526,207101613P,123456,0
5527,207101616P,123456,0
5528,207101617P,123456,0
5529,207101620P,123456,0
5530,207102115P,123456,0
5531,207100265P,123456,0
5532,208100201P,123456,0
5533,207104418P,123456,0
5534,208100202P,123456,0
5535,206100604P,123456,0
5536,207101520P,123456,0
5537,207102163P,123456,0
5538,207101254P,123456,0
5539,207101155P,123456,0
5540,207101522P,123456,0
5541,207101606P,123456,0
5542,206100704P,123456,0
5543,206204004P,123456,0
5544,207101443P,123456,0
5545,207104330P,123456,0
5546,207101142P,123456,0
5547,206100210P,123456,0
5548,207102116P,123456,0
5549,207104331P,123456,0
5550,208102416P,123456,0
5551,207101523P,123456,0
5552,206100705P,123456,0
5553,206100535P,123456,0
5554,207105030P,123456,0
5555,207105035P,123456,0
5556,207105040P,123456,0
5557,207105025P,123456,0
5558,207101408P,123456,0
5559,207101524P,123456,0
5560,206204006P,123456,0
5561,207104333P,123456,0
5562,207100106P,123456,0
5563,207100107P,123456,0
5564,207100108P,123456,0
5565,207100123P,123456,0
5566,207100105P,123456,0
5567,207100315P,123456,0
5568,207100208P,123456,0
5569,207103905P,123456,0
5570,207103807P,123456,0
5571,207104334P,123456,0
5572,207100511P,123456,0
5573,207100316P,123456,0
5574,207103808P,123456,0
5575,206100211P,123456,0
5576,207104335P,123456,0
5577,207100317P,123456,0
5578,208100203P,123456,0
5579,207101144P,123456,0
5580,207103801P,123456,0
5581,207104423P,123456,0
5582,207100535P,123456,0
5583,206204402P,123456,0
5584,206204401P,123456,0
5585,206203710P,123456,0
5586,206100605P,123456,0
5587,207101525P,123456,0
5588,207101410P,123456,0
5589,207100512P,123456,0
5590,208100107P,123456,0
5591,206203720P,123456,0
5592,206203732P,123456,0
5593,206204301P,123456,0
5594,206204310P,123456,0
5595,207101146P,123456,0
5596,207104338P,123456,0
5597,206205005P,123456,0
5598,206205007P,123456,0
5599,206205004P,123456,0
5600,206203402P,123456,0
5601,206205009P,123456,0
5602,206205006P,123456,0
5603,207101148P,123456,0
5604,207104339P,123456,0
5605,207104340P,123456,0
5606,207100211P,123456,0
5607,207100210P,123456,0
5608,206100212P,123456,0
5609,207101526P,123456,0
5610,207100212P,123456,0
5611,208102417P,123456,0
5612,207101150P,123456,0
5613,208102474P,123456,0
5614,207101435P,123456,0
5615,207101412P,123456,0
5616,207104342P,123456,0
5617,207100513P,123456,0
5618,207100320P,123456,0
5619,207101152P,123456,0
5620,207102118P,123456,0
5621,207100321P,123456,0
5622,207100213P,123456,0
5623,206203404P,123456,0
5624,207101154P,123456,0
5625,207100322P,123456,0
5626,207101156P,123456,0
5627,206100213P,123456,0
5628,207104344P,123456,0
5629,207100323P,123456,0
5630,207100266P,123456,0
5631,207100324P,123456,0
5632,207101160P,123456,0
5633,206100214P,123456,0
5634,207100529P,123456,0
5635,207100361P,123456,0
5636,207104346P,123456,0
5637,207100515P,123456,0
5638,206100215P,123456,0
5639,207101414P,123456,0
5640,207104347P,123456,0
5641,207104348P,123456,0
5642,207100514P,123456,0
5643,207102302P,123456,0
5644,208102635P,123456,0
5645,207101162P,123456,0
5646,207104350P,123456,0
5647,207101164P,123456,0
5648,207101208P,123456,0
5649,208101465P,123456,0
5650,208102603P,123456,0
5651,208102565P,123456,0
5652,207104704P,123456,0
5653,207104713P,123456,0
5654,207104703P,123456,0
5655,207104707P,123456,0
5656,207101209P,123456,0
5657,208102418P,123456,0
5658,208102566P,123456,0
5659,208101467P,123456,0
5660,208102419P,123456,0
5661,208102475P,123456,0
5662,208102420P,123456,0
5663,208102567P,123456,0
5664,208102604P,123456,0
5665,208102580P,123456,0
5666,206102007P,123456,0
5667,208102444P,123456,0
5668,207101166P,123456,0
5669,207101305P,123456,0
5670,207102003P,123456,0
5671,208102540P,123456,0
5672,207101210P,123456,0
5673,207103909P,123456,0
5674,207104352P,123456,0
5675,207101168P,123456,0
5676,206100216P,123456,0
5677,207104353P,123456,0
5678,207102175P,123456,0
5679,207101434P,123456,0
5680,206203546P,123456,0
5681,206203550P,123456,0
5682,206203548P,123456,0
5683,206203551P,123456,0
5684,206203552P,123456,0
5685,206203553P,123456,0
5686,206203566P,123456,0
5687,206203560P,123456,0
5688,206203549P,123456,0
5689,206203554P,123456,0
5690,206203555P,123456,0
5691,206100217P,123456,0
5692,206101327P,123456,0
5693,207101170P,123456,0
5694,206100473P,123456,0
5695,208100205P,123456,0
5696,207101172P,123456,0
5697,207104354P,123456,0
5698,208102476P,123456,0
5699,207104375P,123456,0
5700,206100809P,123456,0
5701,207100327P,123456,0
5702,207101173P,123456,0
5703,206100209P,123456,0
5704,207100328P,123456,0
5705,207100401P,123456,0
5706,207104355P,123456,0
5707,206100606P,123456,0
5708,207104356P,123456,0
5709,207100109P,123456,0
5710,207100215P,123456,0
5711,207100492P,123456,0
5712,206100810P,123456,0
5713,207100329P,123456,0
5714,207101174P,123456,0
5715,206100519P,123456,0
5716,208100409P,123456,0
5717,206100227P,123456,0
5718,206100220P,123456,0
5719,206100706P,123456,0
5720,207100403P,123456,0
5721,207100402P,123456,0
5722,207100330P,123456,0
5723,208100206P,123456,0
5724,207101179P,123456,0
5725,207101214P,123456,0
5726,207103913P,123456,0
5727,207100353P,123456,0
5728,207100331P,123456,0
5729,207101175P,123456,0
5730,207104357P,123456,0
5731,208102527P,123456,0
5732,207101127P,123456,0
5733,206203806P,123456,0
5734,207100496P,123456,0
5735,206100822P,123456,0
5736,207101180P,123456,0
5737,207104358P,123456,0
5738,206204880P,123456,0
5739,206100222P,123456,0
5740,208100301P,123456,0
5741,207100351P,123456,0
5742,207100720P,123456,0
5743,206100540P,123456,0
5744,206100734P,123456,0
5745,207100363P,123456,0
5746,207101181P,123456,0
5747,206100512P,123456,0
5748,207104359P,123456,0
5749,207100332P,123456,0
5750,207100220P,123456,0
5751,206100811P,123456,0
5752,206100226P,123456,0
5753,206203807P,123456,0
5754,207101445P,123456,0
5755,207104360P,123456,0
5756,207100110P,123456,0
5757,208102421P,123456,0
5758,206100608P,123456,0
5759,207100726P,123456,0
5760,208102686P,123456,0
5761,207100406P,123456,0
5762,207104398P,123456,0
5763,207104361P,123456,0
5764,206100812P,123456,0
5765,207100333P,123456,0
5766,206204106P,123456,0
5767,206204101P,123456,0
5768,207100334P,123456,0
5769,207100335P,123456,0
5770,207100221P,123456,0
5771,207101182P,123456,0
5772,207104363P,123456,0
5773,207100112P,123456,0
5774,207100336P,123456,0
5775,207100222P,123456,0
5776,207100407P,123456,0
5777,206204892P,123456,0
5778,207104365P,123456,0
5779,207101257P,123456,0
5780,207104367P,123456,0
5781,207100224P,123456,0
5782,207100280P,123456,0
5783,207101184P,123456,0
5784,206102801P,123456,0
5785,206100229P,123456,0
5786,206100709P,123456,0
5787,206100543P,123456,0
5788,207101307P,123456,0
5789,207102009P,123456,0
5790,207102006P,123456,0
5791,208102570P,123456,0
5792,206204102P,123456,0
5793,207101185P,123456,0
5794,207104368P,123456,0
5795,207104369P,123456,0
5796,208102505P,123456,0
5797,207101706P,123456,0
5798,207101716P,123456,0
5799,207101710P,123456,0
5800,208102606P,123456,0
5801,206203809P,123456,0
5802,206203808P,123456,0
5803,206203850P,123456,0
5804,208102443P,123456,0
5805,208102572P,123456,0
5806,208102477P,123456,0
5807,206203853P,123456,0
5808,208102423P,123456,0
5809,208102581P,123456,0
5810,208102424P,123456,0
5811,207101192P,123456,0
5812,207102007P,123456,0
5813,206203815P,123456,0
5814,206100508P,123456,0
5815,206204501P,123456,0
5816,207103926P,123456,0
5817,207104370P,123456,0
5818,206204113P,123456,0
5819,207101186P,123456,0
5820,206100231P,123456,0
5821,207101528P,123456,0
5822,207102119P,123456,0
5823,206203818P,123456,0
5824,207101220P,123456,0
5825,207104371P,123456,0
5826,207104435P,123456,0
5827,207104372P,123456,0
5828,206100710P,123456,0
5829,206100233P,123456,0
5830,206100629P,123456,0
5831,207101541P,123456,0
5832,206100555P,123456,0
5833,208101405P,123456,0
5834,208102425P,123456,0
5835,207102121P,123456,0
5836,206100711P,123456,0
5837,206100545P,123456,0
5838,207100225P,123456,0
5839,207102122P,123456,0
5840,207104378P,123456,0
5841,206100609P,123456,0
5842,207102123P,123456,0
5843,207104379P,123456,0
5844,207100226P,123456,0
5845,207104380P,123456,0
5846,207100227P,123456,0
5847,207102124P,123456,0
5848,207102125P,123456,0
5849,207101532P,123456,0
5850,207104382P,123456,0
5851,207104381P,123456,0
5852,206100494P,123456,0
5853,206100712P,123456,0
5854,207102126P,123456,0
5855,207101228P,123456,0
5856,207104383P,123456,0
5857,207102127P,123456,0
5858,208102574P,123456,0
5859,207103916P,123456,0
5860,207101533P,123456,0
5861,207101229P,123456,0
5862,206100234P,123456,0
5863,207101534P,123456,0
5864,207102128P,123456,0
5865,207100115P,123456,0
5866,207101535P,123456,0
5867,207102129P,123456,0
5868,207104385P,123456,0
5869,206100235P,123456,0
5870,206203843P,123456,0
5871,207104387P,123456,0
5872,207100228P,123456,0
5873,207101137P,123456,0
5874,207103917P,123456,0
5875,207104419P,123456,0
5876,207104388P,123456,0
5877,206100814P,123456,0
5878,207100229P,123456,0
5879,206100236P,123456,0
5880,207101537P,123456,0
5881,207104389P,123456,0
5882,207101538P,123456,0
5883,206100722P,123456,0
5884,206100730P,123456,0
5885,206100713P,123456,0
5886,208102479P,123456,0
5887,207103931P,123456,0
5888,207104390P,123456,0
5889,207101539P,123456,0
5890,207102131P,123456,0
5891,207104391P,123456,0
5892,207102170P,123456,0
5893,206100714P,123456,0
5894,207101540P,123456,0
5895,207103921P,123456,0
5896,207102132P,123456,0
5897,207101308P,123456,0
5898,206100238P,123456,0
5899,207101231P,123456,0
5900,207101542P,123456,0
5901,208100310P,123456,0
5902,207104377P,123456,0
5903,207101194P,123456,0
5904,207101543P,123456,0
5905,208102544P,123456,0
5906,206100736P,123456,0
5907,208102480P,123456,0
5908,207103920P,123456,0
5909,207104393P,123456,0
5910,207101188P,123456,0
5911,206100241P,123456,0
5912,206100513P,123456,0
5913,207104394P,123456,0
5914,207104395P,123456,0
5915,207101418P,123456,0
5916,207101419P,123456,0
5917,207102135P,123456,0
5918,206203819P,123456,0
5919,208102519P,123456,0
5920,208102575P,123456,0
5921,206203820P,123456,0
5922,207101420P,123456,0
5923,208102526P,123456,0
5924,208102481P,123456,0
5925,208102608P,123456,0
5926,208102576P,123456,0
5927,206203822P,123456,0
5928,206203823P,123456,0
5929,206203824P,123456,0
5930,206203851P,123456,0
5931,206203826P,123456,0
5932,208102582P,123456,0
5933,208102428P,123456,0
5934,207101189P,123456,0
5935,207101544P,123456,0
5936,207101608P,123456,0
5937,207102008P,123456,0
5938,207102136P,123456,0
5939,207100721P,123456,0
5940,208102483P,123456,0
5941,206203827P,123456,0
5942,207101233P,123456,0
5943,207101448P,123456,0
5944,207104396P,123456,0
5945,207101190P,123456,0
5946,207101545P,123456,0
5947,207102178P,123456,0
5948,206203828P,123456,0
5949,207101424P,123456,0
5950,206203830P,123456,0
5951,207101235P,123456,0
5952,207102179P,123456,0
5953,207101427P,123456,0
5954,206203831P,123456,0
5955,207101236P,123456,0
5956,206203832P,123456,0
5957,207101425P,123456,0
5958,207104397P,123456,0
5959,207101191P,123456,0
5960,206203833P,123456,0
5961,207104401P,123456,0
5962,207101193P,123456,0
5963,207102138P,123456,0
5964,207101196P,123456,0
5965,206203845P,123456,0
5966,207101197P,123456,0
5967,208101491P,123456,0
5968,208102536P,123456,0
5969,207102169P,123456,0
5970,207102141P,123456,0
5971,207101426P,123456,0
5972,207104402P,123456,0
5973,207101310P,123456,0
5974,207102142P,123456,0
5975,206203840P,123456,0
5976,207102143P,123456,0
5977,207104403P,123456,0
5978,207102145P,123456,0
5979,207101731P,123456,0
5980,207101720P,123456,0
5981,208101811P,123456,0
5982,207102146P,123456,0
5983,207104404P,123456,0
5984,207100117P,123456,0
5985,207102157P,123456,0
5986,206100716P,123456,0
5987,207102147P,123456,0
5988,207101436P,123456,0
5989,207104400P,123456,0
5990,207101718P,123456,0
5991,207101714P,123456,0
5992,207104405P,123456,0
5993,208102516P,123456,0
5994,208102485P,123456,0
5995,207103924P,123456,0
5996,206100244P,123456,0
5997,206100248P,123456,0
5998,206100240P,123456,0
5999,207104406P,123456,0
6000,207102148P,123456,0
6001,207104431P,123456,0
6002,207102149P,123456,0
6003,207104425P,123456,0
6004,207104408P,123456,0
6005,207102150P,123456,0
6006,207102151P,123456,0
6007,208102640P,123456,0
6008,206203838P,123456,0
6009,207101241P,123456,0
6010,207102152P,123456,0
6011,207104422P,123456,0
6012,207104410P,123456,0
6013,207104411P,123456,0
6014,207102154P,123456,0
6015,207101243P,123456,0
6016,207104434P,123456,0
6017,208102534P,123456,0
6018,207102155P,123456,0
6019,207104415P,123456,0
6020,206100816P,123456,0
6021,207101198P,123456,0
6022,207102156P,123456,0
6023,207104417P,123456,0
6024,207103925P,123456,0
6025,207104001P,123456,0
6026,208101495P,123456,0
6027,208102518P,123456,0
6028,208102486P,123456,0
6029,208102499P,123456,0
6030,208102487P,123456,0
6031,208102610P,123456,0
6032,206205600P,123456,0
6033,208102636P,123456,0
6034,208102448P,123456,0
6035,208102611P,123456,0
6036,208102577P,123456,0
6037,207100200P,123456,0
6038,207101471P,123456,0
6039,206100737P,123456,0
6040,208101953P,123456,0
6041,208100124P,123456,0
6042,207104438P,123456,0
6043,207105601P,123456,0
6044,207102183P,123456,0
6045,206103110P,123456,0
6046,206102402P,123456,0
6047,206102404P,123456,0
6048,207100128P,123456,0
6049,208100343P,123456,0
6050,206205900P,123456,0
6051,206207321P,123456,0
6052,207107000P,123456,0
6053,206204882P,123456,0
6054,206207601P,123456,0
6055,206201149P,123456,0
6056,206201150P,123456,0
6057,206100994P,123456,0
6058,206103112P,123456,0
6059,207101261P,123456,0
6060,206200613P,123456,0
6061,206204894P,123456,0
6062,206203582P,123456,0
6063,206207700P,123456,0
6064,206207603P,123456,0
6065,206203856P,123456,0
6066,206201133P,123456,0
6067,206102606P,123456,0
6068,206102607P,123456,0
6069,206102608P,123456,0
6070,206102609P,123456,0
6071,206102610P,123456,0
6072,206102611P,123456,0
6073,206102612P,123456,0
6074,206102613P,123456,0
6075,206102614P,123456,0
6076,206102616P,123456,0
6077,206102617P,123456,0
6078,206102618P,123456,0
6079,206102619P,123456,0
6080,206102620P,123456,0
6081,206102621P,123456,0
6082,206102622P,123456,0
6083,206102626P,123456,0
6084,206102629P,123456,0
6085,206102630P,123456,0
6086,206207405P,123456,0
6087,206103113P,123456,0
6088,206103114P,123456,0
6089,206200177P,123456,0
6090,207101804P,123456,0
6091,206207323P,123456,0
6092,207100624P,123456,0
6093,206203956P,123456,0
6094,207100903P,123456,0
6095,207104105P,123456,0
6096,207105603P,123456,0
6097,207105604P,123456,0
6098,206207606P,123456,0
6099,206100566P,123456,0
6100,206204883P,123456,0
6101,207101622P,123456,0
6102,206101492P,123456,0
6103,206101884P,123456,0
6104,206100001P,123456,0
6105,206101173P,123456,0
6106,207100207P,123456,0
6107,208101812P,123456,0
6108,207105387P,123456,0
6109,206100498P,123456,0
6110,206202403P,123456,0
6111,206202404P,123456,0
6112,206103116P,123456,0
6113,206103117P,123456,0
6114,207101473P,123456,0
6115,206202047P,123456,0
6116,206202048P,123456,0
6117,208100733P,123456,0
6118,208100735P,123456,0
6119,206100636P,123456,0
6120,206203586P,123456,0
6121,206200716P,123456,0
6122,208101275P,123456,0
6123,208101276P,123456,0
6124,206101500P,123456,0
6125,208101419P,123456,0
6126,206201901P,123456,0
6127,206203857P,123456,0
6128,206204406P,123456,0
6129,206101626P,123456,0
6130,206101718P,123456,0
6131,206204884P,123456,0
6132,207100121P,123456,0
6133,206100410P,123456,0
6134,206101627P,123456,0
6135,206204108P,123456,0
6136,208101813P,123456,0
6137,208101814P,123456,0
6138,207101011P,123456,0
6139,208101816P,123456,0
6140,206203858P,123456,0
6141,206102631P,123456,0
6142,208102699P,123456,0
6143,208102800P,123456,0
6144,208102801P,123456,0
6145,208102802P,123456,0
6146,208102803P,123456,0
6147,208102804P,123456,0
6148,208102806P,123456,0
6149,208102807P,123456,0
6150,208102808P,123456,0
6151,208102809P,123456,0
6152,208102810P,123456,0
6153,208102811P,123456,0
6154,206100996P,123456,0
6155,208102812P,123456,0
6156,208102813P,123456,0
6157,208102814P,123456,0
6158,208102815P,123456,0
6159,208102816P,123456,0
6160,208102818P,123456,0
6161,208102819P,123456,0
6162,208102822P,123456,0
6163,208102825P,123456,0
6164,208102826P,123456,0
6165,208102827P,123456,0
6166,208102828P,123456,0
6167,206200205P,123456,0
6168,206205010P,123456,0
6169,208101817P,123456,0
6170,206201704P,123456,0
6171,206101885P,123456,0
6172,207104443P,123456,0
6173,207106910P,123456,0
6174,207106911P,123456,0
6175,206101886P,123456,0
6176,206207900P,123456,0
6177,207101734P,123456,0
6178,206100638P,123456,0
6179,207104602P,123456,0
6180,206205011P,123456,0
6181,207100814P,123456,0
6182,207106925P,123456,0
6183,206200263P,123456,0
6184,206102002P,123456,0
6185,206203001P,123456,0
6186,206100639P,123456,0
6187,207101013P,123456,0
6188,207101014P,123456,0
6189,208101823P,123456,0
6190,207103933P,123456,0
6191,208100748P,123456,0
6192,207101719P,123456,0
6193,206202049P,123456,0
6194,206202050P,123456,0
6195,206202051P,123456,0
6196,206101329P,123456,0
6197,207104003P,123456,0
6198,206101010P,123456,0
6199,206101011P,123456,0
6200,206101012P,123456,0
6201,206100739P,123456,0
6202,206100740P,123456,0
6203,206101125P,123456,0
6204,206100003P,123456,0
6205,206200539P,123456,0
6206,206200540P,123456,0
6207,206200541P,123456,0
6208,206203516P,123456,0
6209,207201001P,123456,0
6210,207100344P,123456,0
6211,208100344P,123456,0
6212,206100184P,123456,0
6213,207101016P,123456,0
6214,206204895P,123456,0
6215,206100023P,123456,0
6216,206100021P,123456,0
6217,206100022P,123456,0
6218,206100015P,123456,0
6219,206100016P,123456,0
6220,206100017P,123456,0
6221,206100018P,123456,0
6222,206100019P,123456,0
6223,206100020P,123456,0
6224,206100011P,123456,0
6225,206100012P,123456,0
6226,206100013P,123456,0
6227,206100014P,123456,0
6228,206100009P,123456,0
6229,206100010P,123456,0
6230,207100761P,123456,0
6231,207103934P,123456,0
6232,207100133P,123456,0
6233,206204826P,123456,0
6234,206100006P,123456,0
6235,206100004P,123456,0
6236,206203409P,123456,0
6237,207102011P,123456,0
6238,207100400P,123456,0
6239,207100132P,123456,0
6240,207103000P,123456,0
6241,206206000P,123456,0
6242,206100002P,123456,0
6243,208101015P,123456,0
6244,206100124P,123456,0
6245,207100131P,123456,0
6246,206204009P,123456,0
6247,206203000P,123456,0
6248,207101474P,123456,0
6249,206200332P,123456,0
6250,104101152P,123456,0
6251,101100600P,123456,0
6252,105101741P,123456,0
6253,102103814P,123456,0
6254,102107507P,123456,0
6255,103100018P,123456,0
6256,103100007P,123456,0
6257,103100008P,123456,0
6258,103100711P,123456,0
6259,103100322P,123456,0
6260,103100318P,123456,0
6261,103100333P,123456,0
6262,103100206P,123456,0
6263,103100006P,123456,0
6264,103100210P,123456,0
6265,103100211P,123456,0
6266,103100212P,123456,0
6267,103100214P,123456,0
6268,103100294P,123456,0
6269,103100313P,123456,0
6270,103100003P,123456,0
6271,103100216P,123456,0
6272,103100217P,123456,0
6273,103100219P,123456,0
6274,103100100P,123456,0
6275,103100221P,123456,0
6276,103100222P,123456,0
6277,103100209P,123456,0
6278,103100224P,123456,0
6279,103100316P,123456,0
6280,103100113P,123456,0
6281,103100327P,123456,0
6282,103100325P,123456,0
6283,103100231P,123456,0
6284,103100220P,123456,0
6285,103100102P,123456,0
6286,103100326P,123456,0
6287,103100317P,123456,0
6288,103100237P,123456,0
6289,103100243P,123456,0
6290,103100250P,123456,0
6291,103100252P,123456,0
6292,103100257P,123456,0
6293,103100329P,123456,0
6294,103100259P,123456,0
6295,103100264P,123456,0
6296,103100268P,123456,0
6297,103100120P,123456,0
6298,103100103P,123456,0
6299,103100192P,123456,0
6300,103100284P,123456,0
6301,105302311P,123456,0
6302,103100121P,123456,0
6303,103100123P,123456,0
6304,103100127P,123456,0
6305,103100128P,123456,0
6306,103100129P,123456,0
6307,103100019P,123456,0
6308,103100168P,123456,0
6309,103100131P,123456,0
6310,103100133P,123456,0
6311,103100230P,123456,0
6312,103100138P,123456,0
6313,103100106P,123456,0
6314,103100141P,123456,0
6315,103100144P,123456,0
6316,103100145P,123456,0
6317,103100151P,123456,0
6318,103100153P,123456,0
6319,103100154P,123456,0
6320,103100159P,123456,0
6321,103100107P,123456,0
6322,103100184P,123456,0
6323,103100186P,123456,0
6324,103100194P,123456,0
6325,103100293P,123456,0
6326,103100110P,123456,0
6327,103100013P,123456,0
6328,103100004P,123456,0
6329,103100011P,123456,0
6330,103100024P,123456,0
6331,103100023P,123456,0
6332,103100027P,123456,0
6333,103100034P,123456,0
6334,103100033P,123456,0
6335,103100174P,123456,0
6336,103100176P,123456,0
6337,105103256P,123456,0
6338,103100101P,123456,0
6339,102105309P,123456,0
6340,102100901P,123456,0
6341,103104281P,123456,0
6342,102106007P,123456,0
6343,102106002P,123456,0
6344,102106003P,123456,0
6345,102110501P,123456,0
6346,102101011P,123456,0
6347,105102447P,123456,0
6348,102103601P,123456,0
6349,104102601P,123456,0
6350,105102413P,123456,0
6351,105102576P,123456,0
6352,105102561P,123456,0
6353,105102582P,123456,0
6354,105102574P,123456,0
6355,105102583P,123456,0
6356,104101617P,123456,0
6357,105102568P,123456,0
6358,105102555P,123456,0
6359,105102764P,123456,0
6360,105102588P,123456,0
6361,105102599P,123456,0
6362,105102591P,123456,0
6363,105101566P,123456,0
6364,105101588P,123456,0
6365,103103731P,123456,0
6366,105102580P,123456,0
6367,105102736P,123456,0
6368,104103320P,123456,0
6369,105102739P,123456,0
6370,105102567P,123456,0
6371,105102590P,123456,0
6372,105102560P,123456,0
6373,105102570P,123456,0
6374,105102577P,123456,0
6375,105102762P,123456,0
6376,105102554P,123456,0
6377,105102763P,123456,0
6378,105102535P,123456,0
6379,105102513P,123456,0
6380,102102804P,123456,0
6381,105102512P,123456,0
6382,103103748P,123456,0
6383,105102414P,123456,0
6384,102101202P,123456,0
6385,105102759P,123456,0
6386,102105205P,123456,0
6387,105101005P,123456,0
6388,105102430P,123456,0
6389,102102826P,123456,0
6390,102102808P,123456,0
6391,101103302P,123456,0
6392,105102475P,123456,0
6393,105102417P,123456,0
6394,102111503P,123456,0
6395,102111501P,123456,0
6396,105102431P,123456,0
6397,105102418P,123456,0
6398,105306910P,123456,0
6399,105306912P,123456,0
6400,105102420P,123456,0
6401,102103605P,123456,0
6402,105102422P,123456,0
6403,104102905P,123456,0
6404,102102501P,123456,0
6405,102103606P,123456,0
6406,102111613P,123456,0
6407,102111601P,123456,0
6408,102101304P,123456,0
6409,102111101P,123456,0
6410,102102812P,123456,0
6411,104102953P,123456,0
6412,102104215P,123456,0
6413,104101900P,123456,0
6414,102104219P,123456,0
6415,102104222P,123456,0
6416,102104221P,123456,0
6417,102104214P,123456,0
6418,102104201P,123456,0
6419,102104205P,123456,0
6420,102102509P,123456,0
6421,102102502P,123456,0
6422,102102503P,123456,0
6423,105101550P,123456,0
6424,105101019P,123456,0
6425,105100601P,123456,0
6426,105101547P,123456,0
6427,105102804P,123456,0
6428,102101908P,123456,0
6429,103104721P,123456,0
6430,103104434P,123456,0
6431,103104632P,123456,0
6432,103104459P,123456,0
6433,103104494P,123456,0
6434,103104423P,123456,0
6435,103104425P,123456,0
6436,103104426P,123456,0
6437,103104489P,123456,0
6438,103104414P,123456,0
6439,103104745P,123456,0
6440,103104406P,123456,0
6441,103104384P,123456,0
6442,103104401P,123456,0
6443,103104392P,123456,0
6444,103104465P,123456,0
6445,103104418P,123456,0
6446,103104486P,123456,0
6447,103104438P,123456,0
6448,103104491P,123456,0
6449,103104496P,123456,0
6450,103104427P,123456,0
6451,103104428P,123456,0
6452,103104415P,123456,0
6453,103104457P,123456,0
6454,103104501P,123456,0
6455,103104430P,123456,0
6456,103104495P,123456,0
6457,103104389P,123456,0
6458,103104453P,123456,0
6459,103104388P,123456,0
6460,103104498P,123456,0
6461,103104385P,123456,0
6462,103104458P,123456,0
6463,103104643P,123456,0
6464,103104712P,123456,0
6465,103104713P,123456,0
6466,103104487P,123456,0
6467,103104717P,123456,0
6468,103104666P,123456,0
6469,103104476P,123456,0
6470,103104723P,123456,0
6471,103104439P,123456,0
6472,103104470P,123456,0
6473,103104405P,123456,0
6474,103104460P,123456,0
6475,103104397P,123456,0
6476,103104469P,123456,0
6477,103104455P,123456,0
6478,103104398P,123456,0
6479,103104474P,123456,0
6480,104101451P,123456,0
6481,103104482P,123456,0
6482,103104479P,123456,0
6483,103104419P,123456,0
6484,103104411P,123456,0
6485,103104472P,123456,0
6486,103104490P,123456,0
6487,103104614P,123456,0
6488,103104492P,123456,0
6489,103106113P,123456,0
6490,103104481P,123456,0
6491,103104461P,123456,0
6492,102106801P,123456,0
6493,102101900P,123456,0
6494,102101401P,123456,0
6495,105102805P,123456,0
6496,105102807P,123456,0
6497,105102809P,123456,0
6498,102109013P,123456,0
6499,102111701P,123456,0
6500,105102879P,123456,0
6501,105102810P,123456,0
6502,102104702P,123456,0
6503,102109302P,123456,0
6504,102107202P,123456,0
6505,104103054P,123456,0
6506,102107201P,123456,0
6507,102105904P,123456,0
6508,102103704P,123456,0
6509,102103701P,123456,0
6510,102105313P,123456,0
6511,105207301P,123456,0
6512,102100601P,123456,0
6513,102103702P,123456,0
6514,102103705P,123456,0
6515,105101624P,123456,0
6516,104100735P,123456,0
6517,104100734P,123456,0
6518,102103703P,123456,0
6519,102105902P,123456,0
6520,102103001P,123456,0
6521,102102706P,123456,0
6522,102102701P,123456,0
6523,102103002P,123456,0
6524,105101625P,123456,0
6525,105101532P,123456,0
6526,105300903P,123456,0
6527,105102801P,123456,0
6528,102103005P,123456,0
6529,102103004P,123456,0
6530,102101801P,123456,0
6531,105204701P,123456,0
6532,105101516P,123456,0
6533,105307304P,123456,0
6534,105101006P,123456,0
6535,102101601P,123456,0
6536,105102902P,123456,0
6537,102104707P,123456,0
6538,102102807P,123456,0
6539,102103808P,123456,0
6540,102103801P,123456,0
6541,102101705P,123456,0
6542,103102393P,123456,0
6543,103102395P,123456,0
6544,102102901P,123456,0
6545,104103360P,123456,0
6546,102105501P,123456,0
6547,102105703P,123456,0
6548,102104110P,123456,0
6549,102104107P,123456,0
6550,102104101P,123456,0
6551,102102824P,123456,0
6552,102103831P,123456,0
6553,102103809P,123456,0
6554,102103811P,123456,0
6555,102103841P,123456,0
6556,102103835P,123456,0
6557,102103832P,123456,0
6558,102103829P,123456,0
6559,102103828P,123456,0
6560,102103845P,123456,0
6561,102103839P,123456,0
6562,102103833P,123456,0
6563,102103844P,123456,0
6564,102103838P,123456,0
6565,102103804P,123456,0
6566,102103820P,123456,0
6567,102105001P,123456,0
6568,104103324P,123456,0
6569,105102302P,123456,0
6570,105102457P,123456,0
6571,105102463P,123456,0
6572,105102301P,123456,0
6573,105101617P,123456,0
6574,102105702P,123456,0
6575,102102805P,123456,0
6576,105300130P,123456,0
6577,105101125P,123456,0
6578,102102904P,123456,0
6579,102102903P,123456,0
6580,105101003P,123456,0
6581,105102802P,123456,0
6582,103104698P,123456,0
6583,103104547P,123456,0
6584,103104686P,123456,0
6585,103104548P,123456,0
6586,103104594P,123456,0
6587,103104618P,123456,0
6588,103104532P,123456,0
6589,103104668P,123456,0
6590,103104542P,123456,0
6591,103104684P,123456,0
6592,103104541P,123456,0
6593,103104699P,123456,0
6594,103104549P,123456,0
6595,105101004P,123456,0
6596,105300509P,123456,0
6597,105101489P,123456,0
6598,105203704P,123456,0
6599,105103101P,123456,0
6600,101102921P,123456,0
6601,104103357P,123456,0
6602,102107509P,123456,0
6603,102103901P,123456,0
6604,101103601P,123456,0
6605,102104002P,123456,0
6606,101104701P,123456,0
6607,102103905P,123456,0
6608,105103010P,123456,0
6609,102107510P,123456,0
6610,102104003P,123456,0
6611,102103903P,123456,0
6612,101103602P,123456,0
6613,102104001P,123456,0
6614,105101542P,123456,0
6615,101104024P,123456,0
6616,102108002P,123456,0
6617,102108001P,123456,0
6618,102105101P,123456,0
6619,102105802P,123456,0
6620,105101534P,123456,0
6621,105203705P,123456,0
6622,103104676P,123456,0
6623,103104080P,123456,0
6624,103104691P,123456,0
6625,103104697P,123456,0
6626,103104622P,123456,0
6627,103104678P,123456,0
6628,103104708P,123456,0
6629,103104695P,123456,0
6630,103104709P,123456,0
6631,103104693P,123456,0
6632,103104694P,123456,0
6633,103104590P,123456,0
6634,103104685P,123456,0
6635,103104536P,123456,0
6636,103104589P,123456,0
6637,103104705P,123456,0
6638,103104688P,123456,0
6639,103104079P,123456,0
6640,105101555P,123456,0
6641,105101518P,123456,0
6642,105203703P,123456,0
6643,105101546P,123456,0
6644,105101620P,123456,0
6645,105301904P,123456,0
6646,105101536P,123456,0
6647,101101101P,123456,0
6648,103106312P,123456,0
6649,103106321P,123456,0
6650,101103701P,123456,0
6651,101108003P,123456,0
6652,101104907P,123456,0
6653,101102601P,123456,0
6654,101104904P,123456,0
6655,101103702P,123456,0
6656,101105310P,123456,0
6657,105103008P,123456,0
6658,104103100P,123456,0
6659,105103009P,123456,0
6660,104103299P,123456,0
6661,104103296P,123456,0
6662,104108001P,123456,0
6663,101106408P,123456,0
6664,101103007P,123456,0
6665,101107501P,123456,0
6666,101102604P,123456,0
6667,101102602P,123456,0
6668,105103259P,123456,0
6669,101107701P,123456,0
6670,101104908P,123456,0
6671,101104905P,123456,0
6672,105103111P,123456,0
6673,105103103P,123456,0
6674,105103203P,123456,0
6675,101103703P,123456,0
6676,101105601P,123456,0
6677,101104902P,123456,0
6678,105102837P,123456,0
6679,105103229P,123456,0
6680,105103251P,123456,0
6681,105103253P,123456,0
6682,105102887P,123456,0
6683,105102862P,123456,0
6684,101102607P,123456,0
6685,103106115P,123456,0
6686,105101622P,123456,0
6687,105101896P,123456,0
6688,105101897P,123456,0
6689,105101621P,123456,0
6690,104101590P,123456,0
6691,105101537P,123456,0
6692,101102925P,123456,0
6693,101103104P,123456,0
6694,103104604P,123456,0
6695,103104602P,123456,0
6696,103104605P,123456,0
6697,103104703P,123456,0
6698,103104679P,123456,0
6699,103104711P,123456,0
6700,103104722P,123456,0
6701,103104004P,123456,0
6702,103104603P,123456,0
6703,101104001P,123456,0
6704,101101301P,123456,0
6705,101106402P,123456,0
6706,101104801P,123456,0
6707,105103406P,123456,0
6708,101103103P,123456,0
6709,101104021P,123456,0
6710,101104804P,123456,0
6711,101104016P,123456,0
6712,101104004P,123456,0
6713,104103329P,123456,0
6714,104103270P,123456,0
6715,104103323P,123456,0
6716,104103298P,123456,0
6717,104103423P,123456,0
6718,104103342P,123456,0
6719,104103316P,123456,0
6720,104103257P,123456,0
6721,104103368P,123456,0
6722,104103264P,123456,0
6723,104103274P,123456,0
6724,104103321P,123456,0
6725,104103250P,123456,0
6726,104103247P,123456,0
6727,104103241P,123456,0
6728,104103205P,123456,0
6729,104103292P,123456,0
6730,104103346P,123456,0
6731,104103215P,123456,0
6732,104103204P,123456,0
6733,104103224P,123456,0
6734,104103203P,123456,0
6735,104103211P,123456,0
6736,104103273P,123456,0
6737,104103300P,123456,0
6738,104103365P,123456,0
6739,104103349P,123456,0
6740,104103236P,123456,0
6741,105102874P,123456,0
6742,104103347P,123456,0
6743,104103348P,123456,0
6744,104103240P,123456,0
6745,104103255P,123456,0
6746,104103340P,123456,0
6747,104103271P,123456,0
6748,104103259P,123456,0
6749,104103351P,123456,0
6750,104103338P,123456,0
6751,104103201P,123456,0
6752,104103339P,123456,0
6753,104103200P,123456,0
6754,104103354P,123456,0
6755,104103234P,123456,0
6756,104103278P,123456,0
6757,102100112P,123456,0
6758,104103243P,123456,0
6759,104103208P,123456,0
6760,101101401P,123456,0
6761,101103102P,123456,0
6762,102103821P,123456,0
6763,101104310P,123456,0
6764,101104005P,123456,0
6765,101104006P,123456,0
6766,101104020P,123456,0
6767,101104010P,123456,0
6768,101104022P,123456,0
6769,101103105P,123456,0
6770,101104023P,123456,0
6771,101104002P,123456,0
6772,105103701P,123456,0
6773,101103202P,123456,0
6774,104103313P,123456,0
6775,104103318P,123456,0
6776,104103328P,123456,0
6777,101103369P,123456,0
6778,104103335P,123456,0
6779,104103330P,123456,0
6780,104103319P,123456,0
6781,104103334P,123456,0
6782,104103322P,123456,0
6783,104103311P,123456,0
6784,101103205P,123456,0
6785,105104022P,123456,0
6786,101103301P,123456,0
6787,101104203P,123456,0
6788,101107601P,123456,0
6789,101104103P,123456,0
6790,101105406P,123456,0
6791,101103304P,123456,0
6792,104103404P,123456,0
6793,101104314P,123456,0
6794,101104111P,123456,0
6795,101104108P,123456,0
6796,101104101P,123456,0
6797,101104107P,123456,0
6798,101107206P,123456,0
6799,104103415P,123456,0
6800,104103433P,123456,0
6801,104103416P,123456,0
6802,104103427P,123456,0
6803,104103442P,123456,0
6804,104103429P,123456,0
6805,104103443P,123456,0
6806,104103436P,123456,0
6807,104103444P,123456,0
6808,104103437P,123456,0
6809,104103438P,123456,0
6810,104103406P,123456,0
6811,104103426P,123456,0
6812,104103403P,123456,0
6813,104103411P,123456,0
6814,104103430P,123456,0
6815,104103432P,123456,0
6816,104103282P,123456,0
6817,104103428P,123456,0
6818,104103413P,123456,0
6819,104103414P,123456,0
6820,104103441P,123456,0
6821,104103439P,123456,0
6822,104103434P,123456,0
6823,104103410P,123456,0
6824,101104109P,123456,0
6825,101104106P,123456,0
6826,101104704P,123456,0
6827,101105108P,123456,0
6828,101104112P,123456,0
6829,105104001P,123456,0
6830,105306913P,123456,0
6831,101104705P,123456,0
6832,101104707P,123456,0
6833,101104706P,123456,0
6834,101104602P,123456,0
6835,105103906P,123456,0
6836,101101701P,123456,0
6837,105102406P,123456,0
6838,101104306P,123456,0
6839,101102005P,123456,0
6840,101104325P,123456,0
6841,101104307P,123456,0
6842,101104330P,123456,0
6843,101104308P,123456,0
6844,101104326P,123456,0
6845,101104501P,123456,0
6846,101102001P,123456,0
6847,103103531P,123456,0
6848,101104502P,123456,0
6849,101104303P,123456,0
6850,101104503P,123456,0
6851,101104505P,123456,0
6852,101104506P,123456,0
6853,101102103P,123456,0
6854,101104401P,123456,0
6855,101100301P,123456,0
6856,103104701P,123456,0
6857,104103603P,123456,0
6858,105200106P,123456,0
6859,101105604P,123456,0
6860,104103902P,123456,0
6861,104103801P,123456,0
6862,104103610P,123456,0
6863,104103802P,123456,0
6864,103104903P,123456,0
6865,103104923P,123456,0
6866,103104920P,123456,0
6867,105101899P,123456,0
6868,105100135P,123456,0
6869,105101834P,123456,0
6870,105100156P,123456,0
6871,105101807P,123456,0
6872,105100122P,123456,0
6873,105102885P,123456,0
6874,105100124P,123456,0
6875,103100603P,123456,0
6876,103100604P,123456,0
6877,103100608P,123456,0
6878,103100607P,123456,0
6879,103100601P,123456,0
6880,102100140P,123456,0
6881,105100517P,123456,0
6882,105203802P,123456,0
6883,105203803P,123456,0
6884,105203805P,123456,0
6885,105203801P,123456,0
6886,105304215P,123456,0
6887,105101101P,123456,0
6888,102105907P,123456,0
6889,105102209P,123456,0
6890,105102248P,123456,0
6891,105102201P,123456,0
6892,102100152P,123456,0
6893,105101241P,123456,0
6894,105101459P,123456,0
6895,105101585P,123456,0
6896,105101483P,123456,0
6897,105101457P,123456,0
6898,105101445P,123456,0
6899,105101790P,123456,0
6900,105101446P,123456,0
6901,105101493P,123456,0
6902,105101447P,123456,0
6903,105101484P,123456,0
6904,105101563P,123456,0
6905,105101798P,123456,0
6906,104101944P,123456,0
6907,105101495P,123456,0
6908,105101462P,123456,0
6909,105101573P,123456,0
6910,105101595P,123456,0
6911,105101476P,123456,0
6912,105101460P,123456,0
6913,105101788P,123456,0
6914,105101478P,123456,0
6915,105101485P,123456,0
6916,105101580P,123456,0
6917,105101591P,123456,0
6918,105101458P,123456,0
6919,105101448P,123456,0
6920,105101473P,123456,0
6921,105101791P,123456,0
6922,105101497P,123456,0
6923,105102371P,123456,0
6924,105101561P,123456,0
6925,105102478P,123456,0
6926,105101554P,123456,0
6927,105101480P,123456,0
6928,105101593P,123456,0
6929,105101468P,123456,0
6930,105105101P,123456,0
6931,105101486P,123456,0
6932,105101368P,123456,0
6933,105102769P,123456,0
6934,105101797P,123456,0
6935,105101795P,123456,0
6936,105101785P,123456,0
6937,105101559P,123456,0
6938,105101783P,123456,0
6939,105101490P,123456,0
6940,105101475P,123456,0
6941,105101467P,123456,0
6942,105101400P,123456,0
6943,105101499P,123456,0
6944,105102468P,123456,0
6945,105101562P,123456,0
6946,105101498P,123456,0
6947,105101455P,123456,0
6948,105101491P,123456,0
6949,105101492P,123456,0
6950,105101597P,123456,0
6951,105101581P,123456,0
6952,105101789P,123456,0
6953,105102758P,123456,0
6954,105101599P,123456,0
6955,105100810P,123456,0
6956,105101413P,123456,0
6957,105101461P,123456,0
6958,105102093P,123456,0
6959,104101612P,123456,0
6960,104101606P,123456,0
6961,105101401P,123456,0
6962,105102449P,123456,0
6963,105102451P,123456,0
6964,105102450P,123456,0
6965,105102437P,123456,0
6966,105201102P,123456,0
6967,104104001P,123456,0
6968,105201412P,123456,0
6969,104101459P,123456,0
6970,105204610P,123456,0
6971,103105302P,123456,0
6972,103105306P,123456,0
6973,103105303P,123456,0
6974,104104102P,123456,0
6975,103105304P,123456,0
6976,105100701P,123456,0
6977,105102298P,123456,0
6978,105206006P,123456,0
6979,105102271P,123456,0
6980,105102211P,123456,0
6981,102105903P,123456,0
6982,104104108P,123456,0
6983,105300809P,123456,0
6984,105204602P,123456,0
6985,104104208P,123456,0
6986,105100518P,123456,0
6987,105201801P,123456,0
6988,103105409P,123456,0
6989,105201502P,123456,0
6990,105201505P,123456,0
6991,105100519P,123456,0
6992,105102154P,123456,0
6993,105100733P,123456,0
6994,105102592P,123456,0
6995,105103801P,123456,0
6996,105102191P,123456,0
6997,105204611P,123456,0
6998,105100729P,123456,0
6999,105100730P,123456,0
7000,103100506P,123456,0
7001,105100734P,123456,0
7002,105101697P,123456,0
7003,105101443P,123456,0
7004,105102720P,123456,0
7005,105100516P,123456,0
7006,105202204P,123456,0
7007,101106405P,123456,0
7008,103100306P,123456,0
7009,105101421P,123456,0
7010,105101359P,123456,0
7011,105102387P,123456,0
7012,105102459P,123456,0
7013,105101384P,123456,0
7014,105102389P,123456,0
7015,105102391P,123456,0
7016,105102384P,123456,0
7017,105102741P,123456,0
7018,105102744P,123456,0
7019,105102745P,123456,0
7020,105102410P,123456,0
7021,105102765P,123456,0
7022,105102376P,123456,0
7023,105102397P,123456,0
7024,105102398P,123456,0
7025,105101364P,123456,0
7026,105102399P,123456,0
7027,105101399P,123456,0
7028,105102747P,123456,0
7029,105102436P,123456,0
7030,105101361P,123456,0
7031,105101362P,123456,0
7032,105101356P,123456,0
7033,105102743P,123456,0
7034,105101365P,123456,0
7035,105101354P,123456,0
7036,105101102P,123456,0
7037,105101398P,123456,0
7038,105101314P,123456,0
7039,105101302P,123456,0
7040,105101303P,123456,0
7041,105101305P,123456,0
7042,105101360P,123456,0
7043,105101307P,123456,0
7044,105101308P,123456,0
7045,105101301P,123456,0
7046,105102375P,123456,0
7047,105101335P,123456,0
7048,105101325P,123456,0
7049,105101383P,123456,0
7050,105102380P,123456,0
7051,105102377P,123456,0
7052,105101320P,123456,0
7053,105101403P,123456,0
7054,102106106P,123456,0
7055,103105702P,123456,0
7056,105202301P,123456,0
7057,104104601P,123456,0
7058,105202408P,123456,0
7059,105202304P,123456,0
7060,105202303P,123456,0
7061,104104702P,123456,0
7062,105202703P,123456,0
7063,105202702P,123456,0
7064,105102159P,123456,0
7065,101106605P,123456,0
7066,105103811P,123456,0
7067,105300204P,123456,0
7068,105300908P,123456,0
7069,105204612P,123456,0
7070,105202008P,123456,0
7071,105203105P,123456,0
7072,103105103P,123456,0
7073,104104807P,123456,0
7074,102106201P,123456,0
7075,101106801P,123456,0
7076,105203904P,123456,0
7077,105203301P,123456,0
7078,105203606P,123456,0
7079,105203608P,123456,0
7080,105203201P,123456,0
7081,104104905P,123456,0
7082,105203602P,123456,0
7083,105203603P,123456,0
7084,105203607P,123456,0
7085,105203605P,123456,0
7086,101107003P,123456,0
7087,103106004P,123456,0
7088,105204125P,123456,0
7089,105204124P,123456,0
7090,101107009P,123456,0
7091,101107211P,123456,0
7092,105203718P,123456,0
7093,105203720P,123456,0
7094,101107202P,123456,0
7095,105204012P,123456,0
7096,105204215P,123456,0
7097,105204213P,123456,0
7098,105203707P,123456,0
7099,101107303P,123456,0
7100,101107102P,123456,0
7101,105204301P,123456,0
7102,105204721P,123456,0
7103,105204722P,123456,0
7104,105204735P,123456,0
7105,105204708P,123456,0
7106,105204732P,123456,0
7107,105204730P,123456,0
7108,105204726P,123456,0
7109,105204705P,123456,0
7110,105204718P,123456,0
7111,105204717P,123456,0
7112,105204731P,123456,0
7113,105204711P,123456,0
7114,105203908P,123456,0
7115,105204119P,123456,0
7116,101107204P,123456,0
7117,105204302P,123456,0
7118,105204306P,123456,0
7119,105204723P,123456,0
7120,105204303P,123456,0
7121,105205201P,123456,0
7122,105205211P,123456,0
7123,102106702P,123456,0
7124,105205101P,123456,0
7125,105204805P,123456,0
7126,105204808P,123456,0
7127,105204810P,123456,0
7128,105204807P,123456,0
7129,105204806P,123456,0
7130,105204801P,123456,0
7131,105205206P,123456,0
7132,105204803P,123456,0
7133,105204804P,123456,0
7134,105205207P,123456,0
7135,101104329P,123456,0
7136,105205307P,123456,0
7137,105205602P,123456,0
7138,104105303P,123456,0
7139,105205604P,123456,0
7140,105205405P,123456,0
7141,105205607P,123456,0
7142,105205605P,123456,0
7143,105205608P,123456,0
7144,105205404P,123456,0
7145,105205609P,123456,0
7146,105102500P,123456,0
7147,105102589P,123456,0
7148,105101819P,123456,0
7149,104101614P,123456,0
7150,104100801P,123456,0
7151,105100403P,123456,0
7152,105100404P,123456,0
7153,105100536P,123456,0
7154,105100405P,123456,0
7155,105100401P,123456,0
7156,104101601P,123456,0
7157,104100204P,123456,0
7158,104100202P,123456,0
7159,105100524P,123456,0
7160,103101009P,123456,0
7161,103101017P,123456,0
7162,103101010P,123456,0
7163,105103301P,123456,0
7164,104102802P,123456,0
7165,104100423P,123456,0
7166,104102918P,123456,0
7167,103101211P,123456,0
7168,105204006P,123456,0
7169,104101001P,123456,0
7170,104102401P,123456,0
7171,104101014P,123456,0
7172,104100716P,123456,0
7173,105306201P,123456,0
7174,104101604P,123456,0
7175,102101106P,123456,0
7176,104100433P,123456,0
7177,104100401P,123456,0
7178,101107703P,123456,0
7179,105204507P,123456,0
7180,102106103P,123456,0
7181,105205902P,123456,0
7182,104100431P,123456,0
7183,104100432P,123456,0
7184,104100403P,123456,0
7185,104100802P,123456,0
7186,105206306P,123456,0
7187,102107702P,123456,0
7188,104105505P,123456,0
7189,105206204P,123456,0
7190,105206201P,123456,0
7191,105207619P,123456,0
7192,104101007P,123456,0
7193,102103607P,123456,0
7194,105206202P,123456,0
7195,105206304P,123456,0
7196,104101720P,123456,0
7197,103101029P,123456,0
7198,103100804P,123456,0
7199,103100801P,123456,0
7200,104100737P,123456,0
7201,104100424P,123456,0
7202,104101708P,123456,0
7203,105203408P,123456,0
7204,104101715P,123456,0
7205,104100803P,123456,0
7206,102100807P,123456,0
7207,105206307P,123456,0
7208,105206913P,123456,0
7209,105206704P,123456,0
7210,105206912P,123456,0
7211,105206801P,123456,0
7212,104100435P,123456,0
7213,104101449P,123456,0
7214,104101408P,123456,0
7215,104101468P,123456,0
7216,104101418P,123456,0
7217,104101423P,123456,0
7218,105206906P,123456,0
7219,103101030P,123456,0
7220,103101015P,123456,0
7221,104100416P,123456,0
7222,105206910P,123456,0
7223,105206703P,123456,0
7224,105206808P,123456,0
7225,103100710P,123456,0
7226,105206909P,123456,0
7227,104101835P,123456,0
7228,105204505P,123456,0
7229,105204004P,123456,0
7230,104101829P,123456,0
7231,104100810P,123456,0
7232,104101401P,123456,0
7233,104102804P,123456,0
7234,104100732P,123456,0
7235,105207618P,123456,0
7236,103100705P,123456,0
7237,105204003P,123456,0
7238,105207602P,123456,0
7239,105207002P,123456,0
7240,105207207P,123456,0
7241,105207203P,123456,0
7242,104100102P,123456,0
7243,104100103P,123456,0
7244,104100101P,123456,0
7245,104101544P,123456,0
7246,104101560P,123456,0
7247,105102470P,123456,0
7248,105102566P,123456,0
7249,104102309P,123456,0
7250,104100822P,123456,0
7251,104100809P,123456,0
7252,104100811P,123456,0
7253,103101028P,123456,0
7254,103101008P,123456,0
7255,104101852P,123456,0
7256,103101006P,123456,0
7257,104102310P,123456,0
7258,104101834P,123456,0
7259,102100805P,123456,0
7260,104101832P,123456,0
7261,105300101P,123456,0
7262,105300302P,123456,0
7263,102109501P,123456,0
7264,104101841P,123456,0
7265,105204005P,123456,0
7266,104101861P,123456,0
7267,104100919P,123456,0
7268,104102306P,123456,0
7269,102101105P,123456,0
7270,104101864P,123456,0
7271,104101851P,123456,0
7272,105302804P,123456,0
7273,105300501P,123456,0
7274,105300405P,123456,0
7275,105302803P,123456,0
7276,105300510P,123456,0
7277,105300403P,123456,0
7278,105300901P,123456,0
7279,105300802P,123456,0
7280,105300506P,123456,0
7281,104102308P,123456,0
7282,104101838P,123456,0
7283,105300803P,123456,0
7284,105300807P,123456,0
7285,105300808P,123456,0
7286,105300806P,123456,0
7287,105300904P,123456,0
7288,105301301P,123456,0
7289,105301102P,123456,0
7290,105300902P,123456,0
7291,105301602P,123456,0
7292,105301402P,123456,0
7293,105301403P,123456,0
7294,105302101P,123456,0
7295,105301901P,123456,0
7296,102109702P,123456,0
7297,102109701P,123456,0
7298,105302309P,123456,0
7299,105301908P,123456,0
7300,102109602P,123456,0
7301,105302002P,123456,0
7302,105303006P,123456,0
7303,105303008P,123456,0
7304,105303001P,123456,0
7305,104103358P,123456,0
7306,105302501P,123456,0
7307,105302902P,123456,0
7308,105303004P,123456,0
7309,102110101P,123456,0
7310,102110102P,123456,0
7311,101107901P,123456,0
7312,105302609P,123456,0
7313,105302603P,123456,0
7314,105303003P,123456,0
7315,105100253P,123456,0
7316,105100254P,123456,0
7317,105100255P,123456,0
7318,105100256P,123456,0
7319,105100250P,123456,0
7320,105100252P,123456,0
7321,105100249P,123456,0
7322,105100301P,123456,0
7323,105100609P,123456,0
7324,103101309P,123456,0
7325,103101307P,123456,0
7326,103101614P,123456,0
7327,103101616P,123456,0
7328,103101602P,123456,0
7329,104100317P,123456,0
7330,104100318P,123456,0
7331,104100315P,123456,0
7332,104100314P,123456,0
7333,104100311P,123456,0
7334,104100302P,123456,0
7335,103101963P,123456,0
7336,103101966P,123456,0
7337,103101961P,123456,0
7338,103101964P,123456,0
7339,103101965P,123456,0
7340,103101815P,123456,0
7341,103101812P,123456,0
7342,103101814P,123456,0
7343,103101953P,123456,0
7344,103101924P,123456,0
7345,103104391P,123456,0
7346,103103420P,123456,0
7347,104100820P,123456,0
7348,103101975P,123456,0
7349,103101974P,123456,0
7350,103101917P,123456,0
7351,103101925P,123456,0
7352,103101919P,123456,0
7353,105101787P,123456,0
7354,105102754P,123456,0
7355,103101807P,123456,0
7356,103101913P,123456,0
7357,103101920P,123456,0
7358,103101916P,123456,0
7359,103101908P,123456,0
7360,103101910P,123456,0
7361,103101907P,123456,0
7362,103101803P,123456,0
7363,105204101P,123456,0
7364,105303109P,123456,0
7365,105303108P,123456,0
7366,104102101P,123456,0
7367,104100606P,123456,0
7368,104100304P,123456,0
7369,105204407P,123456,0
7370,104103503P,123456,0
7371,102108402P,123456,0
7372,105207639P,123456,0
7373,105303701P,123456,0
7374,105303112P,123456,0
7375,105303110P,123456,0
7376,105303702P,123456,0
7377,104102109P,123456,0
7378,104102104P,123456,0
7379,105303111P,123456,0
7380,105303703P,123456,0
7381,105207404P,123456,0
7382,105303806P,123456,0
7383,105303804P,123456,0
7384,105303803P,123456,0
7385,105303100P,123456,0
7386,105303901P,123456,0
7387,105204406P,123456,0
7388,105303710P,123456,0
7389,105303711P,123456,0
7390,105304014P,123456,0
7391,104102110P,123456,0
7392,105303717P,123456,0
7393,104100307P,123456,0
7394,104100308P,123456,0
7395,104100309P,123456,0
7396,104102605P,123456,0
7397,102110403P,123456,0
7398,102110704P,123456,0
7399,102110705P,123456,0
7400,102110702P,123456,0
7401,105203304P,123456,0
7402,102110502P,123456,0
7403,104101903P,123456,0
7404,105304319P,123456,0
7405,105304317P,123456,0
7406,105304002P,123456,0
7407,105304004P,123456,0
7408,105304005P,123456,0
7409,105304006P,123456,0
7410,105100608P,123456,0
7411,104100411P,123456,0
7412,104104302P,123456,0
7413,104102705P,123456,0
7414,105304313P,123456,0
7415,105306803P,123456,0
7416,105304403P,123456,0
7417,105304402P,123456,0
7418,105304511P,123456,0
7419,102110901P,123456,0
7420,105304101P,123456,0
7421,102110601P,123456,0
7422,102108203P,123456,0
7423,105304102P,123456,0
7424,105100632P,123456,0
7425,102106303P,123456,0
7426,105204103P,123456,0
7427,105304409P,123456,0
7428,102110602P,123456,0
7429,105303607P,123456,0
7430,105304405P,123456,0
7431,104100413P,123456,0
7432,105306909P,123456,0
7433,105306911P,123456,0
7434,105306905P,123456,0
7435,105304408P,123456,0
7436,105304401P,123456,0
7437,105303601P,123456,0
7438,105100528P,123456,0
7439,105100623P,123456,0
7440,103101403P,123456,0
7441,102108701P,123456,0
7442,105303501P,123456,0
7443,102108803P,123456,0
7444,105100532P,123456,0
7445,103101303P,123456,0
7446,104103237P,123456,0
7447,104102603P,123456,0
7448,101108201P,123456,0
7449,105305403P,123456,0
7450,105101793P,123456,0
7451,102101602P,123456,0
7452,102101603P,123456,0
7453,105100610P,123456,0
7454,103101310P,123456,0
7455,105306301P,123456,0
7456,105305404P,123456,0
7457,105303404P,123456,0
7458,105305302P,123456,0
7459,102111001P,123456,0
7460,105305401P,123456,0
7461,105305303P,123456,0
7462,105100622P,123456,0
7463,105100620P,123456,0
7464,105305301P,123456,0
7465,102111002P,123456,0
7466,105100600P,123456,0
7467,104101154P,123456,0
7468,104101193P,123456,0
7469,104101139P,123456,0
7470,105303401P,123456,0
7471,105201507P,123456,0
7472,102109201P,123456,0
7473,105304208P,123456,0
7474,105304206P,123456,0
7475,105303203P,123456,0
7476,105304201P,123456,0
7477,105306503P,123456,0
7478,105303207P,123456,0
7479,105303211P,123456,0
7480,105304210P,123456,0
7481,105304204P,123456,0
7482,105303220P,123456,0
7483,105303017P,123456,0
7484,105303222P,123456,0
7485,105303218P,123456,0
7486,105303212P,123456,0
7487,105303214P,123456,0
7488,105303219P,123456,0
7489,105303223P,123456,0
7490,105303208P,123456,0
7491,105303213P,123456,0
7492,105303204P,123456,0
7493,105303217P,123456,0
7494,105303216P,123456,0
7495,105303201P,123456,0
7496,105304205P,123456,0
7497,105306703P,123456,0
7498,105304301P,123456,0
7499,105306709P,123456,0
7500,105306710P,123456,0
7501,105306707P,123456,0
7502,105304318P,123456,0
7503,105304302P,123456,0
7504,105306706P,123456,0
7505,105304303P,123456,0
7506,105306704P,123456,0
7507,105303103P,123456,0
7508,105306801P,123456,0
7509,105307102P,123456,0
7510,105307116P,123456,0
7511,105307117P,123456,0
7512,105204007P,123456,0
7513,105307115P,123456,0
7514,105307118P,123456,0
7515,105307119P,123456,0
7516,105307120P,123456,0
7517,105307122P,123456,0
7518,105307123P,123456,0
7519,105307125P,123456,0
7520,105307108P,123456,0
7521,105100803P,123456,0
7522,105100807P,123456,0
7523,105100802P,123456,0
7524,105100801P,123456,0
7525,102102206P,123456,0
7526,103106103P,123456,0
7527,103102945P,123456,0
7528,103102936P,123456,0
7529,105301101P,123456,0
7530,104100316P,123456,0
7531,104100711P,123456,0
7532,103102103P,123456,0
7533,105100731P,123456,0
7534,105100709P,123456,0
7535,103100331P,123456,0
7536,104102704P,123456,0
7537,105100710P,123456,0
7538,105100713P,123456,0
7539,105204202P,123456,0
7540,103103951P,123456,0
7541,103103901P,123456,0
7542,101501501P,123456,0
7543,103103222P,123456,0
7544,104100733P,123456,0
7545,105300601P,123456,0
7546,103103107P,123456,0
7547,103103106P,123456,0
7548,103102213P,123456,0
7549,104100812P,123456,0
7550,105204218P,123456,0
7551,104100615P,123456,0
7552,104100610P,123456,0
7553,104100624P,123456,0
7554,104100609P,123456,0
7555,104100607P,123456,0
7556,105207303P,123456,0
7557,105204209P,123456,0
7558,105100728P,123456,0
7559,105100920P,123456,0
7560,103102220P,123456,0
7561,105300605P,123456,0
7562,104100434P,123456,0
7563,104100436P,123456,0
7564,104100418P,123456,0
7565,105204203P,123456,0
7566,103102333P,123456,0
7567,105207306P,123456,0
7568,103103105P,123456,0
7569,105100901P,123456,0
7570,103103025P,123456,0
7571,103103038P,123456,0
7572,103102939P,123456,0
7573,103103012P,123456,0
7574,103103006P,123456,0
7575,103102249P,123456,0
7576,101101801P,123456,0
7577,105305702P,123456,0
7578,103100406P,123456,0
7579,103103701P,123456,0
7580,103102520P,123456,0
7581,103104515P,123456,0
7582,104101137P,123456,0
7583,103104611P,123456,0
7584,103104502P,123456,0
7585,103104511P,123456,0
7586,104101136P,123456,0
7587,104101138P,123456,0
7588,104101469P,123456,0
7589,104101017P,123456,0
7590,104101464P,123456,0
7591,104101181P,123456,0
7592,104101467P,123456,0
7593,104101183P,123456,0
7594,104101116P,123456,0
7595,104101175P,123456,0
7596,104101144P,123456,0
7597,104101188P,123456,0
7598,104101189P,123456,0
7599,105103206P,123456,0
7600,104101135P,123456,0
7601,104101022P,123456,0
7602,104101120P,123456,0
7603,104101160P,123456,0
7604,104101428P,123456,0
7605,104101465P,123456,0
7606,104101187P,123456,0
7607,104101150P,123456,0
7608,104101192P,123456,0
7609,104101110P,123456,0
7610,104101104P,123456,0
7611,104101167P,123456,0
7612,104101186P,123456,0
7613,104101108P,123456,0
7614,104101107P,123456,0
7615,104101168P,123456,0
7616,104101170P,123456,0
7617,104101182P,123456,0
7618,104101141P,123456,0
7619,104101134P,123456,0
7620,104101176P,123456,0
7621,103102404P,123456,0
7622,104104502P,123456,0
7623,103101615P,123456,0
7624,103102514P,123456,0
7625,103102823P,123456,0
7626,105100903P,123456,0
7627,103103014P,123456,0
7628,103103753P,123456,0
7629,103103211P,123456,0
7630,103102549P,123456,0
7631,103102396P,123456,0
7632,103102312P,123456,0
7633,103102401P,123456,0
7634,103101617P,123456,0
7635,104101004P,123456,0
7636,104101015P,123456,0
7637,105100913P,123456,0
7638,105100911P,123456,0
7639,105100910P,123456,0
7640,105100907P,123456,0
7641,103102720P,123456,0
7642,103101020P,123456,0
7643,103103725P,123456,0
7644,103103736P,123456,0
7645,103103751P,123456,0
7646,103103754P,123456,0
7647,103103719P,123456,0
7648,101101303P,123456,0
7649,105301404P,123456,0
7650,103103220P,123456,0
7651,103103207P,123456,0
7652,103103116P,123456,0
7653,103103208P,123456,0
7654,103103215P,123456,0
7655,103103214P,123456,0
7656,103103205P,123456,0
7657,103104901P,123456,0
7658,103103202P,123456,0
7659,104101012P,123456,0
7660,103102708P,123456,0
7661,103100403P,123456,0
7662,105100904P,123456,0
7663,103102716P,123456,0
7664,101101221P,123456,0
7665,103103042P,123456,0
7666,103102712P,123456,0
7667,103103029P,123456,0
7668,103103027P,123456,0
7669,103104922P,123456,0
7670,103104927P,123456,0
7671,103104928P,123456,0
7672,103104902P,123456,0
7673,103103001P,123456,0
7674,103103008P,123456,0
7675,103103043P,123456,0
7676,103103314P,123456,0
7677,103103313P,123456,0
7678,103103002P,123456,0
7679,104101011P,123456,0
7680,103103709P,123456,0
7681,103103007P,123456,0
7682,101101502P,123456,0
7683,105307007P,123456,0
7684,105101226P,123456,0
7685,103101103P,123456,0
7686,103102245P,123456,0
7687,103101018P,123456,0
7688,103102606P,123456,0
7689,103104634P,123456,0
7690,103104635P,123456,0
7691,103104633P,123456,0
7692,103104600P,123456,0
7693,103104597P,123456,0
7694,103104523P,123456,0
7695,103104522P,123456,0
7696,103104336P,123456,0
7697,103104337P,123456,0
7698,103104554P,123456,0
7699,103104338P,123456,0
7700,103104621P,123456,0
7701,103104654P,123456,0
7702,103104531P,123456,0
7703,103104664P,123456,0
7704,104104008P,123456,0
7705,103104649P,123456,0
7706,103104591P,123456,0
7707,103104672P,123456,0
7708,103104525P,123456,0
7709,103103009P,123456,0
7710,103101703P,123456,0
7711,103101704P,123456,0
7712,103101705P,123456,0
7713,103101702P,123456,0
7714,103102306P,123456,0
7715,103102555P,123456,0
7716,103102305P,123456,0
7717,103102304P,123456,0
7718,105303605P,123456,0
7719,103101031P,123456,0
7720,104104501P,123456,0
7721,103102414P,123456,0
7722,103102535P,123456,0
7723,103102493P,123456,0
7724,103102544P,123456,0
7725,103102495P,123456,0
7726,103102421P,123456,0
7727,103102475P,123456,0
7728,103102473P,123456,0
7729,103102552P,123456,0
7730,103102420P,123456,0
7731,103102500P,123456,0
7732,103102423P,123456,0
7733,103102528P,123456,0
7734,104102272P,123456,0
7735,103102553P,123456,0
7736,103102470P,123456,0
7737,103102532P,123456,0
7738,103102546P,123456,0
7739,103102483P,123456,0
7740,103102482P,123456,0
7741,103102492P,123456,0
7742,103102488P,123456,0
7743,103102471P,123456,0
7744,103102435P,123456,0
7745,103102399P,123456,0
7746,105101371P,123456,0
7747,103102499P,123456,0
7748,103102721P,123456,0
7749,103102415P,123456,0
7750,103102316P,123456,0
7751,103102313P,123456,0
7752,103102440P,123456,0
7753,103102441P,123456,0
7754,103102542P,123456,0
7755,103102444P,123456,0
7756,103102537P,123456,0
7757,103102446P,123456,0
7758,103102417P,123456,0
7759,103102450P,123456,0
7760,103102474P,123456,0
7761,103102451P,123456,0
7762,103102040P,123456,0
7763,103102454P,123456,0
7764,103102459P,123456,0
7765,105100633P,123456,0
7766,103102536P,123456,0
7767,103102461P,123456,0
7768,103102530P,123456,0
7769,103102219P,123456,0
7770,103102543P,123456,0
7771,103102487P,123456,0
7772,103102550P,123456,0
7773,103102501P,123456,0
7774,103102554P,123456,0
7775,105101705P,123456,0
7776,103102464P,123456,0
7777,103102465P,123456,0
7778,103102466P,123456,0
7779,101101503P,123456,0
7780,105204903P,123456,0
7781,105204904P,123456,0
7782,103102226P,123456,0
7783,103102236P,123456,0
7784,103102217P,123456,0
7785,103102230P,123456,0
7786,103102248P,123456,0
7787,103102244P,123456,0
7788,103102233P,123456,0
7789,103102234P,123456,0
7790,105101500P,123456,0
7791,104102271P,123456,0
7792,103102856P,123456,0
7793,103100901P,123456,0
7794,103103611P,123456,0
7795,103103601P,123456,0
7796,103102526P,123456,0
7797,102100159P,123456,0
7798,103104658P,123456,0
7799,103104647P,123456,0
7800,103102202P,123456,0
7801,104101429P,123456,0
7802,104101439P,123456,0
7803,104101344P,123456,0
7804,104101345P,123456,0
7805,104101223P,123456,0
7806,104101365P,123456,0
7807,104101386P,123456,0
7808,104101368P,123456,0
7809,104101424P,123456,0
7810,104101355P,123456,0
7811,104101426P,123456,0
7812,104101366P,123456,0
7813,104101349P,123456,0
7814,104101387P,123456,0
7815,104101357P,123456,0
7816,104101450P,123456,0
7817,104101300P,123456,0
7818,104101432P,123456,0
7819,104101441P,123456,0
7820,104101425P,123456,0
7821,104101316P,123456,0
7822,104101219P,123456,0
7823,104101393P,123456,0
7824,104101220P,123456,0
7825,104101217P,123456,0
7826,105101374P,123456,0
7827,104101370P,123456,0
7828,104101227P,123456,0
7829,104101339P,123456,0
7830,104101384P,123456,0
7831,104101437P,123456,0
7832,104101378P,123456,0
7833,104101392P,123456,0
7834,104101216P,123456,0
7835,104101303P,123456,0
7836,104101224P,123456,0
7837,104101202P,123456,0
7838,103102045P,123456,0
7839,104101335P,123456,0
7840,104102003P,123456,0
7841,104101301P,123456,0
7842,104101322P,123456,0
7843,104101359P,123456,0
7844,104101351P,123456,0
7845,104101452P,123456,0
7846,105305601P,123456,0
7847,103102925P,123456,0
7848,103101501P,123456,0
7849,105101502P,123456,0
7850,103102910P,123456,0
7851,102104213P,123456,0
7852,103102502P,123456,0
7853,105101503P,123456,0
7854,103102229P,123456,0
7855,103102906P,123456,0
7856,103101507P,123456,0
7857,103103301P,123456,0
7858,105101505P,123456,0
7859,103102911P,123456,0
7860,103102938P,123456,0
7861,105101506P,123456,0
7862,103102504P,123456,0
7863,103103032P,123456,0
7864,103103088P,123456,0
7865,103103003P,123456,0
7866,103103033P,123456,0
7867,103102907P,123456,0
7868,105101507P,123456,0
7869,105101539P,123456,0
7870,103105401P,123456,0
7871,104101406P,123456,0
7872,105101509P,123456,0
7873,103102903P,123456,0
7874,105301302P,123456,0
7875,103102505P,123456,0
7876,103102222P,123456,0
7877,105101031P,123456,0
7878,103102016P,123456,0
7879,103102525P,123456,0
7880,103103004P,123456,0
7881,105302614P,123456,0
7882,105302616P,123456,0
7883,105302505P,123456,0
7884,103105701P,123456,0
7885,105302502P,123456,0
7886,105101510P,123456,0
7887,102111502P,123456,0
7888,103102807P,123456,0
7889,103102603P,123456,0
7890,105101242P,123456,0
7891,105101026P,123456,0
7892,105101027P,123456,0
7893,105101030P,123456,0
7894,104101603P,123456,0
7895,104101602P,123456,0
7896,103103603P,123456,0
7897,105207001P,123456,0
7898,103102612P,123456,0
7899,103105601P,123456,0
7900,103100902P,123456,0
7901,103102250P,123456,0
7902,103102928P,123456,0
7903,103102225P,123456,0
7904,103102214P,123456,0
7905,103102922P,123456,0
7906,103103604P,123456,0
7907,103100904P,123456,0
7908,103102205P,123456,0
7909,103102930P,123456,0
7910,103102920P,123456,0
7911,103102933P,123456,0
7912,103102916P,123456,0
7913,103102931P,123456,0
7914,103102915P,123456,0
7915,102104407P,123456,0
7916,103102104P,123456,0
7917,105101601P,123456,0
7918,105102194P,123456,0
7919,105102349P,123456,0
7920,103100037P,123456,0
7921,103101512P,123456,0
7922,103100520P,123456,0
7923,103100703P,123456,0
7924,103103430P,123456,0
7925,102100158P,123456,0
7926,103102116P,123456,0
7927,101108010P,123456,0
7928,105301604P,123456,0
7929,102104403P,123456,0
7930,105101603P,123456,0
7931,103102707P,123456,0
7932,104101857P,123456,0
7933,104101744P,123456,0
7934,104101803P,123456,0
7935,104101811P,123456,0
7936,104101810P,123456,0
7937,103103419P,123456,0
7938,105101000P,123456,0
7939,105101604P,123456,0
7940,104101700P,123456,0
7941,102104607P,123456,0
7942,103100529P,123456,0
7943,105102476P,123456,0
7944,105101610P,123456,0
7945,103103437P,123456,0
7946,102104621P,123456,0
7947,102104613P,123456,0
7948,105104115P,123456,0
7949,102104608P,123456,0
7950,102104622P,123456,0
7951,102104612P,123456,0
7952,102104605P,123456,0
7953,104101553P,123456,0
7954,103103610P,123456,0
7955,104101899P,123456,0
7956,104101968P,123456,0
7957,104101898P,123456,0
7958,105104590P,123456,0
7959,103102810P,123456,0
7960,103102109P,123456,0
7961,103102124P,123456,0
7962,104101703P,123456,0
7963,104101024P,123456,0
7964,104101023P,123456,0
7965,103100508P,123456,0
7966,103103413P,123456,0
7967,104101034P,123456,0
7968,104101033P,123456,0
7969,104101026P,123456,0
7970,104101025P,123456,0
7971,104101704P,123456,0
7972,104101802P,123456,0
7973,103103515P,123456,0
7974,104101869P,123456,0
7975,104101873P,123456,0
7976,104101866P,123456,0
7977,103102101P,123456,0
7978,103101301P,123456,0
7979,105101606P,123456,0
7980,104101706P,123456,0
7981,103100530P,123456,0
7982,103103421P,123456,0
7983,104102269P,123456,0
7984,103103438P,123456,0
7985,103103436P,123456,0
7986,103102302P,123456,0
7987,104101865P,123456,0
7988,104101859P,123456,0
7989,104101871P,123456,0
7990,104101805P,123456,0
7991,104101870P,123456,0
7992,104101806P,123456,0
7993,103103417P,123456,0
7994,103103414P,123456,0
7995,102104602P,123456,0
7996,103103516P,123456,0
7997,103103501P,123456,0
7998,103100531P,123456,0
7999,102103503P,123456,0
8000,102104503P,123456,0
8001,102104406P,123456,0
8002,103102102P,123456,0
8003,104102001P,123456,0
8004,103102809P,123456,0
8005,105102775P,123456,0
8006,103103052P,123456,0
8007,103102038P,123456,0
8008,104101712P,123456,0
8009,104101714P,123456,0
8010,102111005P,123456,0
8011,104100320P,123456,0
8012,103102819P,123456,0
8013,103102812P,123456,0
8014,103102820P,123456,0
8015,105101608P,123456,0
8016,103103111P,123456,0
8017,103103109P,123456,0
8018,103102715P,123456,0
8019,104101807P,123456,0
8020,103103404P,123456,0
8021,103103444P,123456,0
8022,103103415P,123456,0
8023,103100512P,123456,0
8024,103100511P,123456,0
8025,102104618P,123456,0
8026,103100524P,123456,0
8027,103103445P,123456,0
8028,103102722P,123456,0
8029,103100519P,123456,0
8030,103100514P,123456,0
8031,103101023P,123456,0
8032,103102123P,123456,0
8033,103102523P,123456,0
8034,103102557P,123456,0
8035,103102522P,123456,0
8036,103102127P,123456,0
8037,103102114P,123456,0
8038,103102818P,123456,0
8039,103102108P,123456,0
8040,105100164P,123456,0
8041,103102117P,123456,0
8042,102100161P,123456,0
8043,102100160P,123456,0
8044,105102462P,123456,0
8045,105102307P,123456,0
8046,102100104P,123456,0
8047,102100156P,123456,0
8048,102100167P,123456,0
8049,102100168P,123456,0
8050,102100165P,123456,0
8051,102102301P,123456,0
8052,104102252P,123456,0
8053,102100201P,123456,0
8054,102104305P,123456,0
8055,102100154P,123456,0
8056,102100108P,123456,0
8057,102100164P,123456,0
8058,102100143P,123456,0
8059,102108000P,123456,0
8060,104102257P,123456,0
8061,102104301P,123456,0
8062,102102202P,123456,0
8063,102102201P,123456,0
8064,103103811P,123456,0
8065,102101007P,123456,0
8066,104102221P,123456,0
8067,104102248P,123456,0
8068,103101911P,123456,0
8069,104102256P,123456,0
8070,104102251P,123456,0
8071,103103825P,123456,0
8072,104102231P,123456,0
8073,104102213P,123456,0
8074,104102216P,123456,0
8075,104102235P,123456,0
8076,104102234P,123456,0
8077,104102225P,123456,0
8078,104102253P,123456,0
8079,104102229P,123456,0
8080,105100159P,123456,0
8081,104100119P,123456,0
8082,104102219P,123456,0
8083,104102226P,123456,0
8084,104102246P,123456,0
8085,104102265P,123456,0
8086,104102214P,123456,0
8087,104102250P,123456,0
8088,104102254P,123456,0
8089,105102768P,123456,0
8090,104102207P,123456,0
8091,104102215P,123456,0
8092,104102208P,123456,0
8093,104102249P,123456,0
8094,104102242P,123456,0
8095,104102210P,123456,0
8096,104102227P,123456,0
8097,104102429P,123456,0
8098,102103401P,123456,0
8099,105102309P,123456,0
8100,102110208P,123456,0
8101,105102310P,123456,0
8102,103102011P,123456,0
8103,103103813P,123456,0
8104,102101802P,123456,0
8105,102102208P,123456,0
8106,103102012P,123456,0
8107,103103502P,123456,0
8108,102102827P,123456,0
8109,103100332P,123456,0
8110,103103824P,123456,0
8111,103102615P,123456,0
8112,102110703P,123456,0
8113,105102316P,123456,0
8114,103102713P,123456,0
8115,105102328P,123456,0
8116,102102103P,123456,0
8117,103103608P,123456,0
8118,105102312P,123456,0
8119,103103507P,123456,0
8120,103103607P,123456,0
8121,102101005P,123456,0
8122,105102313P,123456,0
8123,102101001P,123456,0
8124,102101006P,123456,0
8125,105102400P,123456,0
8126,105102204P,123456,0
8127,105102241P,123456,0
8128,105102250P,123456,0
8129,105102231P,123456,0
8130,105102232P,123456,0
8131,105102270P,123456,0
8132,105102202P,123456,0
8133,105102239P,123456,0
8134,103103735P,123456,0
8135,103103723P,123456,0
8136,103103711P,123456,0
8137,103103750P,123456,0
8138,103103728P,123456,0
8139,103103715P,123456,0
8140,103103050P,123456,0
8141,103103752P,123456,0
8142,103103742P,123456,0
8143,103103743P,123456,0
8144,103103853P,123456,0
8145,103103722P,123456,0
8146,103103716P,123456,0
8147,102111401P,123456,0
8148,105102458P,123456,0
8149,105102315P,123456,0
8150,103103809P,123456,0
8151,102103504P,123456,0
8152,103102010P,123456,0
8153,103103509P,123456,0
8154,105203210P,123456,0
8155,102110204P,123456,0
8156,104100114P,123456,0
8157,104102906P,123456,0
8158,104102908P,123456,0
8159,104102909P,123456,0
8160,104102911P,123456,0
8161,104102912P,123456,0
8162,104102915P,123456,0
8163,104102924P,123456,0
8164,105204014P,123456,0
8165,104101298P,123456,0
8166,104103008P,123456,0
8167,104103101P,123456,0
8168,104103001P,123456,0
8169,104103003P,123456,0
8170,104102784P,123456,0
8171,104103115P,123456,0
8172,104103873P,123456,0
8173,104103026P,123456,0
8174,104102720P,123456,0
8175,104102722P,123456,0
8176,104102724P,123456,0
8177,104102725P,123456,0
8178,104102726P,123456,0
8179,104102728P,123456,0
8180,104102732P,123456,0
8181,104102733P,123456,0
8182,104102734P,123456,0
8183,104102735P,123456,0
8184,104102736P,123456,0
8185,104102737P,123456,0
8186,104102738P,123456,0
8187,104102739P,123456,0
8188,104102741P,123456,0
8189,104102744P,123456,0
8190,104102745P,123456,0
8191,104102746P,123456,0
8192,104102747P,123456,0
8193,104102748P,123456,0
8194,104102749P,123456,0
8195,104102750P,123456,0
8196,104102751P,123456,0
8197,104102752P,123456,0
8198,104102753P,123456,0
8199,104102754P,123456,0
8200,104102755P,123456,0
8201,104102756P,123456,0
8202,104102757P,123456,0
8203,104102758P,123456,0
8204,104102759P,123456,0
8205,104102760P,123456,0
8206,104102762P,123456,0
8207,104102763P,123456,0
8208,104102764P,123456,0
8209,104102765P,123456,0
8210,104102766P,123456,0
8211,104102767P,123456,0
8212,104102768P,123456,0
8213,104102769P,123456,0
8214,104102770P,123456,0
8215,104102771P,123456,0
8216,104102773P,123456,0
8217,104102772P,123456,0
8218,104102774P,123456,0
8219,104102775P,123456,0
8220,104102777P,123456,0
8221,104102779P,123456,0
8222,104102780P,123456,0
8223,104102781P,123456,0
8224,104102782P,123456,0
8225,104102783P,123456,0
8226,104102785P,123456,0
8227,104102786P,123456,0
8228,104102807P,123456,0
8229,104102808P,123456,0
8230,104102809P,123456,0
8231,104102810P,123456,0
8232,104102812P,123456,0
8233,104102813P,123456,0
8234,104102814P,123456,0
8235,104102815P,123456,0
8236,104102817P,123456,0
8237,104102818P,123456,0
8238,104102819P,123456,0
8239,104102820P,123456,0
8240,104102821P,123456,0
8241,104102822P,123456,0
8242,104102823P,123456,0
8243,104102824P,123456,0
8244,104102825P,123456,0
8245,104102826P,123456,0
8246,104102827P,123456,0
8247,104102830P,123456,0
8248,104102831P,123456,0
8249,104102832P,123456,0
8250,104102833P,123456,0
8251,104102834P,123456,0
8252,104102835P,123456,0
8253,104102836P,123456,0
8254,104102838P,123456,0
8255,104102839P,123456,0
8256,104102840P,123456,0
8257,104102841P,123456,0
8258,104102842P,123456,0
8259,104102843P,123456,0
8260,104102844P,123456,0
8261,104102845P,123456,0
8262,104102846P,123456,0
8263,104102847P,123456,0
8264,104102848P,123456,0
8265,104102849P,123456,0
8266,104100110P,123456,0
8267,104102850P,123456,0
8268,104102851P,123456,0
8269,104102852P,123456,0
8270,104102853P,123456,0
8271,104102854P,123456,0
8272,104102855P,123456,0
8273,104102856P,123456,0
8274,104102857P,123456,0
8275,104102858P,123456,0
8276,104102859P,123456,0
8277,104102860P,123456,0
8278,104102861P,123456,0
8279,104102862P,123456,0
8280,104102863P,123456,0
8281,104102864P,123456,0
8282,104102865P,123456,0
8283,104102866P,123456,0
8284,104102867P,123456,0
8285,104102869P,123456,0
8286,104102870P,123456,0
8287,104102871P,123456,0
8288,104102872P,123456,0
8289,104102873P,123456,0
8290,104102874P,123456,0
8291,104102875P,123456,0
8292,104102876P,123456,0
8293,104102878P,123456,0
8294,104102879P,123456,0
8295,104102881P,123456,0
8296,104102882P,123456,0
8297,104102883P,123456,0
8298,104102884P,123456,0
8299,104102885P,123456,0
8300,104102886P,123456,0
8301,104102887P,123456,0
8302,104102888P,123456,0
8303,104102889P,123456,0
8304,104102890P,123456,0
8305,104102891P,123456,0
8306,104102893P,123456,0
8307,104102895P,123456,0
8308,104102896P,123456,0
8309,104102897P,123456,0
8310,104102900P,123456,0
8311,104102901P,123456,0
8312,104102902P,123456,0
8313,104102903P,123456,0
8314,104102942P,123456,0
8315,104102988P,123456,0
8316,104102998P,123456,0
8317,104102999P,123456,0
8318,104103002P,123456,0
8319,104103004P,123456,0
8320,104103005P,123456,0
8321,104103007P,123456,0
8322,104103012P,123456,0
8323,104103010P,123456,0
8324,104103064P,123456,0
8325,104103014P,123456,0
8326,104103017P,123456,0
8327,104103018P,123456,0
8328,104103019P,123456,0
8329,104103021P,123456,0
8330,104103023P,123456,0
8331,104103024P,123456,0
8332,104103025P,123456,0
8333,104103027P,123456,0
8334,104103028P,123456,0
8335,104103029P,123456,0
8336,104103030P,123456,0
8337,104103031P,123456,0
8338,104103032P,123456,0
8339,104103033P,123456,0
8340,104103034P,123456,0
8341,104103036P,123456,0
8342,104103037P,123456,0
8343,104103039P,123456,0
8344,104103040P,123456,0
8345,104103041P,123456,0
8346,104103042P,123456,0
8347,104103043P,123456,0
8348,104103045P,123456,0
8349,104103094P,123456,0
8350,104103047P,123456,0
8351,104103048P,123456,0
8352,104103049P,123456,0
8353,104103053P,123456,0
8354,104103055P,123456,0
8355,104103111P,123456,0
8356,104103058P,123456,0
8357,104103063P,123456,0
8358,104103067P,123456,0
8359,104103070P,123456,0
8360,104103073P,123456,0
8361,104103074P,123456,0
8362,104100109P,123456,0
8363,104103078P,123456,0
8364,104103081P,123456,0
8365,104103082P,123456,0
8366,104103083P,123456,0
8367,104103086P,123456,0
8368,104103087P,123456,0
8369,104103088P,123456,0
8370,104103091P,123456,0
8371,104103093P,123456,0
8372,104103095P,123456,0
8373,104103096P,123456,0
8374,104103099P,123456,0
8375,104103104P,123456,0
8376,104103107P,123456,0
8377,104103109P,123456,0
8378,104103116P,123456,0
8379,104100104P,123456,0
8380,104103123P,123456,0
8381,104103124P,123456,0
8382,104103128P,123456,0
8383,104103130P,123456,0
8384,104103134P,123456,0
8385,104103136P,123456,0
8386,104103137P,123456,0
8387,104103150P,123456,0
8388,104103151P,123456,0
8389,104103152P,123456,0
8390,104103154P,123456,0
8391,104103161P,123456,0
8392,104103164P,123456,0
8393,104103165P,123456,0
8394,104103169P,123456,0
8395,104103172P,123456,0
8396,104103176P,123456,0
8397,104103184P,123456,0
8398,104103189P,123456,0
8399,104103190P,123456,0
8400,104103198P,123456,0
8401,105204000P,123456,0
8402,104103820P,123456,0
8403,104103822P,123456,0
8404,104103825P,123456,0
8405,104103832P,123456,0
8406,104103835P,123456,0
8407,104103840P,123456,0
8408,104103848P,123456,0
8409,104103850P,123456,0
8410,104103852P,123456,0
8411,104103854P,123456,0
8412,104103857P,123456,0
8413,104103863P,123456,0
8414,104103866P,123456,0
8415,104103867P,123456,0
8416,104103869P,123456,0
8417,104103870P,123456,0
8418,104103871P,123456,0
8419,104103876P,123456,0
8420,104103877P,123456,0
8421,104103168P,123456,0
8422,104103084P,123456,0
8423,102104303P,123456,0
8424,104101872P,123456,0
8425,104103317P,123456,0
8426,105102770P,123456,0
8427,105103261P,123456,0
8428,104103395P,123456,0
8429,105103011P,123456,0
8430,102105008P,123456,0
8431,105204126P,123456,0
8432,103102251P,123456,0
8433,105207010P,123456,0
8434,104103372P,123456,0
8435,102107511P,123456,0
8436,102103848P,123456,0
8437,105200511P,123456,0
8438,101104713P,123456,0
8439,102104624P,123456,0
8440,101104331P,123456,0
8441,103104727P,123456,0
8442,105207641P,123456,0
8443,103102857P,123456,0
8444,105101945P,123456,0
8445,103102558P,123456,0
8446,104102811P,123456,0
8447,104104004P,123456,0
8448,105204128P,123456,0
8449,104101875P,123456,0
8450,102100111P,123456,0
8451,101102804P,123456,0
8452,105307126P,123456,0
8453,102100114P,123456,0
8454,103104925P,123456,0
8455,102109502P,123456,0
8456,104101471P,123456,0
8457,105102585P,123456,0
8458,105101137P,123456,0
8459,105101245P,123456,0
8460,105101246P,123456,0
8461,105101369P,123456,0
8462,105101370P,123456,0
8463,104102230P,123456,0
8464,103101976P,123456,0
8465,104103375P,123456,0
8466,103102419P,123456,0
8467,104103378P,123456,0
8468,104103382P,123456,0
8469,104103384P,123456,0
8470,103104018P,123456,0
8471,105102780P,123456,0
8472,105102781P,123456,0
8473,105102783P,123456,0
8474,105102504P,123456,0
8475,105102782P,123456,0
8476,105102786P,123456,0
8477,105102790P,123456,0
8478,105102791P,123456,0
8479,105102792P,123456,0
8480,105102794P,123456,0
8481,105102795P,123456,0
8482,105102796P,123456,0
8483,105102797P,123456,0
8484,105102893P,123456,0
8485,105100315P,123456,0
8486,105102896P,123456,0
8487,104102259P,123456,0
8488,105102700P,123456,0
8489,101102903P,123456,0
8490,105204736P,123456,0
8491,103102559P,123456,0
8492,105102600P,123456,0
8493,103104733P,123456,0
8494,103101312P,123456,0
8495,102103816P,123456,0
8496,102104106P,123456,0
8497,102109704P,123456,0
8498,103102826P,123456,0
8499,104101232P,123456,0
8500,101104313P,123456,0
8501,105300930P,123456,0
8502,105305005P,123456,0
8503,105304320P,123456,0
8504,105303608P,123456,0
8505,103104739P,123456,0
8506,103104741P,123456,0
8507,105102707P,123456,0
8508,105102900P,123456,0
8509,105102904P,123456,0
8510,101105304P,123456,0
8511,103101926P,123456,0
8512,103104743P,123456,0
8513,103101509P,123456,0
8514,103101510P,123456,0
8515,103102561P,123456,0
8516,104102960P,123456,0
8517,104101616P,123456,0
8518,102101406P,123456,0
8519,102111600P,123456,0
8520,103103418P,123456,0
8521,105202913P,123456,0
8522,104104005P,123456,0
8523,105305202P,123456,0
8524,102105908P,123456,0
8525,104104900P,123456,0
8526,103101927P,123456,0
8527,104103387P,123456,0
8528,102105909P,123456,0
8529,105300508P,123456,0
8530,103100609P,123456,0
8531,102101503P,123456,0
8532,104102400P,123456,0
8533,102100170P,123456,0
8534,105303902P,123456,0
8535,103104929P,123456,0
8536,104102262P,123456,0
8537,105300909P,123456,0
8538,105305602P,123456,0
8539,104102264P,123456,0
8540,104101234P,123456,0
8541,104101233P,123456,0
8542,104101247P,123456,0
8543,104101236P,123456,0
8544,104101239P,123456,0
8545,104101240P,123456,0
8546,103102436P,123456,0
8547,103102510P,123456,0
8548,103102607P,123456,0
8549,103102609P,123456,0
8550,103102617P,123456,0
8551,103102618P,123456,0
8552,103102619P,123456,0
8553,103102620P,123456,0
8554,103102621P,123456,0
8555,103102622P,123456,0
8556,103102625P,123456,0
8557,103102626P,123456,0
8558,103102627P,123456,0
8559,103102628P,123456,0
8560,103102629P,123456,0
8561,103102631P,123456,0
8562,105304216P,123456,0
8563,104103417P,123456,0
8564,102107512P,123456,0
8565,104102260P,123456,0
8566,104102828P,123456,0
8567,104103506P,123456,0
8568,103100147P,123456,0
8569,105102784P,123456,0
8570,102107513P,123456,0
8571,104103418P,123456,0
8572,103102307P,123456,0
8573,103102562P,123456,0
8574,105100257P,123456,0
8575,102110603P,123456,0
8576,105204508P,123456,0
8577,105204509P,123456,0
8578,105305203P,123456,0
8579,105300502P,123456,0
8580,101103108P,123456,0
8581,103100509P,123456,0
8582,105103812P,123456,0
8583,101104332P,123456,0
8584,104103507P,123456,0
8585,104103508P,123456,0
8586,102103849P,123456,0
8587,104100319P,123456,0
8588,103100307P,123456,0
8589,105102101P,123456,0
8590,103103039P,123456,0
8591,101104333P,123456,0
8592,105303503P,123456,0
8593,104103419P,123456,0
8594,103101817P,123456,0
8595,104101199P,123456,0
8596,102103009P,123456,0
8597,105300133P,123456,0
8598,101108009P,123456,0
8599,103100208P,123456,0
8600,105305204P,123456,0
8601,101104334P,123456,0
8602,101104335P,123456,0
8603,103104735P,123456,0
8604,103104737P,123456,0
8605,101104336P,123456,0
8606,103102563P,123456,0
8607,104103377P,123456,0
8608,102111204P,123456,0
8609,103104744P,123456,0
8610,104102266P,123456,0
8611,104102723P,123456,0
8612,104102267P,123456,0
8613,103101928P,123456,0
8614,101101504P,123456,0
8615,105302004P,123456,0
8616,105206000P,123456,0
8617,105204129P,123456,0
8618,105204130P,123456,0
8619,105204131P,123456,0
8620,103102564P,123456,0
8621,103103315P,123456,0
8622,102110604P,123456,0
8623,104104006P,123456,0
8624,103104480P,123456,0
8625,104101218P,123456,0
8626,105102907P,123456,0
8627,104102268P,123456,0
8628,105304016P,123456,0
8629,102105300P,123456,0
8630,102104200P,123456,0
8631,101104025P,123456,0
8632,101101300P,123456,0
8633,102106008P,123456,0
8634,105207011P,123456,0
8635,103104310P,123456,0
8636,101104026P,123456,0
8637,101102007P,123456,0
8638,105204013P,123456,0
8639,103104013P,123456,0
8640,101107213P,123456,0
8641,104103390P,123456,0
8642,105101023P,123456,0
8643,102104005P,123456,0
8644,102104007P,123456,0
8645,102104009P,123456,0
8646,101104032P,123456,0
8647,105103012P,123456,0
8648,104101020P,123456,0
8649,104104022P,123456,0
8650,103104019P,123456,0
8651,103104020P,123456,0
8652,103101013P,123456,0
8653,103101032P,123456,0
8654,103101035P,123456,0
8655,103101036P,123456,0
8656,103101037P,123456,0
8657,103103046P,123456,0
8658,103103000P,123456,0
8659,103103049P,123456,0
8660,103103055P,123456,0
8661,103103056P,123456,0
8662,103103058P,123456,0
8663,103103059P,123456,0
8664,103103060P,123456,0
8665,103103054P,123456,0
8666,103104023P,123456,0
8667,103104024P,123456,0
8668,103104025P,123456,0
8669,105306003P,123456,0
8670,105306004P,123456,0
8671,105306005P,123456,0
8672,105306006P,123456,0
8673,105306007P,123456,0
8674,105306008P,123456,0
8675,105302005P,123456,0
8676,104101027P,123456,0
8677,104101028P,123456,0
8678,104101029P,123456,0
8679,104101031P,123456,0
8680,103103074P,123456,0
8681,103103075P,123456,0
8682,103103076P,123456,0
8683,105202100P,123456,0
8684,103101042P,123456,0
8685,103101041P,123456,0
8686,103101040P,123456,0
8687,105306012P,123456,0
8688,105206004P,123456,0
8689,105206002P,123456,0
8690,105206003P,123456,0
8691,105206005P,123456,0
8692,104104007P,123456,0
8693,102104014P,123456,0
8694,102104015P,123456,0
8695,105204017P,123456,0
8696,105204018P,123456,0
8697,102111008P,123456,0
8698,102111009P,123456,0
8699,102111011P,123456,0
8700,102111012P,123456,0
8701,102111013P,123456,0
8702,102111015P,123456,0
8703,102111016P,123456,0
8704,102111017P,123456,0
8705,102111018P,123456,0
8706,102111019P,123456,0
8707,102111020P,123456,0
8708,102111022P,123456,0
8709,102111014P,123456,0
8710,102111030P,123456,0
8711,102111024P,123456,0
8712,102111025P,123456,0
8713,102111026P,123456,0
8714,102111027P,123456,0
8715,102111029P,123456,0
8716,102111028P,123456,0
8717,103103079P,123456,0
8718,102101012P,123456,0
8719,103102008P,123456,0
8720,103103084P,123456,0
8721,103103085P,123456,0
8722,103103086P,123456,0
8723,103103087P,123456,0
8724,105101028P,123456,0
8725,105101029P,123456,0
8726,105204022P,123456,0
8727,105204023P,123456,0
8728,104101032P,123456,0
8729,104102002P,123456,0
8730,104102004P,123456,0
8731,104102006P,123456,0
8732,104102005P,123456,0
8733,105102025P,123456,0
8734,105102772P,123456,0
8735,102103850P,123456,0
8736,104103420P,123456,0
8737,104103421P,123456,0
8738,104103422P,123456,0
8739,104103448P,123456,0
8740,104103451P,123456,0
8741,104103449P,123456,0
8742,105101033P,123456,0
8743,105101035P,123456,0
8744,105101036P,123456,0
8745,105101037P,123456,0
8746,105101038P,123456,0
8747,105101041P,123456,0
8748,105101042P,123456,0
8749,105101043P,123456,0
8750,105101044P,123456,0
8751,105101045P,123456,0
8752,105101048P,123456,0
8753,105102776P,123456,0
8754,104100105P,123456,0
8755,102110003P,123456,0
8756,102110004P,123456,0
8757,105102779P,123456,0
8758,105102789P,123456,0
8759,105102908P,123456,0
8760,103104028P,123456,0
8761,103104029P,123456,0
8762,103104032P,123456,0
8763,103104030P,123456,0
8764,103104031P,123456,0
8765,103104081P,123456,0
8766,103104033P,123456,0
8767,105100160P,123456,0
8768,102106009P,123456,0
8769,103104034P,123456,0
8770,103104035P,123456,0
8771,103104039P,123456,0
8772,103104040P,123456,0
8773,103104041P,123456,0
8774,103104042P,123456,0
8775,103104045P,123456,0
8776,103104044P,123456,0
8777,103104047P,123456,0
8778,103104048P,123456,0
8779,103102015P,123456,0
8780,103104049P,123456,0
8781,103104051P,123456,0
8782,104100112P,123456,0
8783,103102027P,123456,0
8784,103102030P,123456,0
8785,103102023P,123456,0
8786,103102024P,123456,0
8787,103102025P,123456,0
8788,103102022P,123456,0
8789,103102026P,123456,0
8790,103102028P,123456,0
8791,103102029P,123456,0
8792,103102021P,123456,0
8793,103102031P,123456,0
8794,103102032P,123456,0
8795,105307000P,123456,0
8796,105307002P,123456,0
8797,105307003P,123456,0
8798,105307004P,123456,0
8799,105307005P,123456,0
8800,105307006P,123456,0
8801,105305000P,123456,0
8802,105304000P,123456,0
8803,105304017P,123456,0
8804,105304018P,123456,0
8805,105304019P,123456,0
8806,105303000P,123456,0
8807,105303016P,123456,0
8808,105301000P,123456,0
8809,105301002P,123456,0
8810,105300000P,123456,0
8811,105205003P,123456,0
8812,105205000P,123456,0
8813,105205006P,123456,0
8814,105205007P,123456,0
8815,105204033P,123456,0
8816,105204028P,123456,0
8817,105204034P,123456,0
8818,105204032P,123456,0
8819,105204035P,123456,0
8820,105204036P,123456,0
8821,105304021P,123456,0
8822,105304023P,123456,0
8823,105304217P,123456,0
8824,105303018P,123456,0
8825,101102016P,123456,0
8826,101102017P,123456,0
8827,104103454P,123456,0
8828,105203003P,123456,0
8829,102102907P,123456,0
8830,103102036P,123456,0
8831,103101045P,123456,0
8832,103100030P,123456,0
8833,103102041P,123456,0
8834,103102042P,123456,0
8835,105205009P,123456,0
8836,105102910P,123456,0
8837,105304321P,123456,0
8838,103101511P,123456,0
8839,105101052P,123456,0
8840,105101053P,123456,0
8841,104100402P,123456,0
8842,105307010P,123456,0
8843,103104593P,123456,0
8844,104103459P,123456,0
8845,103104748P,123456,0
8846,104101000P,123456,0
8847,103100175P,123456,0
8848,103104017P,123456,0
8849,104103394P,123456,0
8850,103104010P,123456,0
8851,103104007P,123456,0
8852,103104008P,123456,0
8853,103104000P,123456,0
8854,103104006P,123456,0
8855,103104011P,123456,0
8856,103104012P,123456,0
8857,103104014P,123456,0
8858,103104016P,123456,0
8859,101105906P,123456,0
8860,101001006P,123456,0
8861,102105401P,123456,0
8862,105101025P,123456,0
8863,103100035P,123456,0
8864,103101000P,123456,0
8865,101100703P,123456,0
8866,105102774P,123456,0
8867,105102773P,123456,0
8868,101104337P,123456,0
8869,103103755P,123456,0
8870,101103008P,123456,0
8871,103102034P,123456,0
8872,102102000P,123456,0
8873,101103000P,123456,0
8874,103102018P,123456,0
8875,103102033P,123456,0
8876,103102014P,123456,0
8877,103102017P,123456,0
8878,103102009P,123456,0
8879,103106401P,123456,0
8880,103102252P,123456,0
8881,102102204P,123456,0
8882,103103409P,123456,0
8883,103103439P,123456,0
8884,104103469P,123456,0
8885,103106402P,123456,0
8886,104103474P,123456,0
8887,103100039P,123456,0
8888,101001001P,123456,0
8889,104102270P,123456,0
8890,103102929P,123456,0
8891,104102606P,123456,0
8892,103102253P,123456,0
8893,105101024P,123456,0
8894,105204024P,123456,0
8895,716211310P,123456,0
8896,716103002P,123456,0
8897,716203702P,123456,0
8898,716211711P,123456,0
8899,716203703P,123456,0
8900,716102421P,123456,0
8901,716212549P,123456,0
8902,716211710P,123456,0
8903,716211709P,123456,0
8904,716211707P,123456,0
8905,716211708P,123456,0
8906,716102832P,123456,0
8907,716209911P,123456,0
8908,716209910P,123456,0
8909,716210016P,123456,0
8910,716209413P,123456,0
8911,716209412P,123456,0
8912,716203809P,123456,0
8913,716107806P,123456,0
8914,716212970P,123456,0
8915,716103819P,123456,0
8916,716103818P,123456,0
8917,716103817P,123456,0
8918,716103816P,123456,0
8919,716103815P,123456,0
8920,716103814P,123456,0
8921,716207008P,123456,0
8922,716206304P,123456,0
8923,716212705P,123456,0
8924,716102004P,123456,0
8925,716201010P,123456,0
8926,716000005P,123456,0
8927,716000004P,123456,0
8928,716212601P,123456,0
8929,716104713P,123456,0
8930,716104714P,123456,0
8931,716213124P,123456,0
8932,716212812P,123456,0
8933,716104715P,123456,0
8934,716213139P,123456,0
8935,716104716P,123456,0
8936,716104717P,123456,0
8937,716100001P,123456,0
8938,716212937P,123456,0
8939,716104601P,123456,0
8940,716212517P,123456,0
8941,716104719P,123456,0
8942,716213010P,123456,0
8943,716213018P,123456,0
8944,716212712P,123456,0
8945,716106213P,123456,0
8946,716106301P,123456,0
8947,716212506P,123456,0
8948,716212507P,123456,0
8949,716212543P,123456,0
8950,716212830P,123456,0
8951,716106501P,123456,0
8952,716106604P,123456,0
8953,716106606P,123456,0
8954,716106610P,123456,0
8955,716107902P,123456,0
8956,716107903P,123456,0
8957,716107901P,123456,0
8958,716107805P,123456,0
8959,716107804P,123456,0
8960,716200101P,123456,0
8961,716200106P,123456,0
8962,716200103P,123456,0
8963,716211602P,123456,0
8964,716200801P,123456,0
8965,716201101P,123456,0
8966,716213004P,123456,0
8967,716213039P,123456,0
8968,716201601P,123456,0
8969,716202301P,123456,0
8970,716212880P,123456,0
8971,716202604P,123456,0
8972,716202401P,123456,0
8973,716202501P,123456,0
8974,716202701P,123456,0
8975,716212602P,123456,0
8976,716211618P,123456,0
8977,716211702P,123456,0
8978,716202901P,123456,0
8979,716211605P,123456,0
8980,716211606P,123456,0
8981,716211616P,123456,0
8982,716211706P,123456,0
8983,716203202P,123456,0
8984,716203501P,123456,0
8985,716211608P,123456,0
8986,716211609P,123456,0
8987,716211612P,123456,0
8988,716212724P,123456,0
8989,716203902P,123456,0
8990,716211704P,123456,0
8991,716203901P,123456,0
8992,716211705P,123456,0
8993,716205302P,123456,0
8994,716205101P,123456,0
8995,716212728P,123456,0
8996,716205901P,123456,0
8997,716100701P,123456,0
8998,716206406P,123456,0
8999,716206403P,123456,0
9000,716206404P,123456,0
9001,716206501P,123456,0
9002,716206405P,123456,0
9003,716100801P,123456,0
9004,716207003P,123456,0
9005,716206902P,123456,0
9006,716207004P,123456,0
9007,716207403P,123456,0
9008,716207407P,123456,0
9009,716207902P,123456,0
9010,716207409P,123456,0
9011,716208007P,123456,0
9012,716208002P,123456,0
9013,716208001P,123456,0
9014,716208705P,123456,0
9015,716209407P,123456,0
9016,716208710P,123456,0
9017,716209402P,123456,0
9018,716209201P,123456,0
9019,716209305P,123456,0
9020,716209302P,123456,0
9021,716208010P,123456,0
9022,716209901P,123456,0
9023,716210004P,123456,0
9024,716209904P,123456,0
9025,716210003P,123456,0
9026,716210011P,123456,0
9027,716210012P,123456,0
9028,716210002P,123456,0
9029,716210205P,123456,0
9030,716210102P,123456,0
9031,716209000P,123456,0
9032,716210401P,123456,0
9033,716210901P,123456,0
9034,716212526P,123456,0
9035,716212505P,123456,0
9036,716101013P,123456,0
9037,716211301P,123456,0
9038,716101004P,123456,0
9039,716211304P,123456,0
9040,716211303P,123456,0
9041,716101003P,123456,0
9042,716211305P,123456,0
9043,716212756P,123456,0
9044,716101002P,123456,0
9045,716101610P,123456,0
9046,716212001P,123456,0
9047,716101703P,123456,0
9048,716101611P,123456,0
9049,716212934P,123456,0
9050,716101702P,123456,0
9051,716101616P,123456,0
9052,716101612P,123456,0
9053,716211901P,123456,0
9054,716100602P,123456,0
9055,716101614P,123456,0
9056,716101613P,123456,0
9057,716101701P,123456,0
9058,716212201P,123456,0
9059,716212101P,123456,0
9060,716102810P,123456,0
9061,716102704P,123456,0
9062,716102818P,123456,0
9063,716102820P,123456,0
9064,716102821P,123456,0
9065,716102823P,123456,0
9066,716102705P,123456,0
9067,716102706P,123456,0
9068,716102811P,123456,0
9069,716102707P,123456,0
9070,716102411P,123456,0
9071,716102708P,123456,0
9072,716102412P,123456,0
9073,716102812P,123456,0
9074,716102709P,123456,0
9075,716102413P,123456,0
9076,716102306P,123456,0
9077,716102711P,123456,0
9078,716102305P,123456,0
9079,716102833P,123456,0
9080,716102806P,123456,0
9081,716212508P,123456,0
9082,716102807P,123456,0
9083,716102414P,123456,0
9084,716102814P,123456,0
9085,716102606P,123456,0
9086,716102408P,123456,0
9087,716102815P,123456,0
9088,716210015P,123456,0
9089,716102817P,123456,0
9090,716102101P,123456,0
9091,716102804P,123456,0
9092,716102712P,123456,0
9093,716102902P,123456,0
9094,716212504P,123456,0
9095,716104401P,123456,0
9096,716102904P,123456,0
9097,716100301P,123456,0
9098,716102002P,123456,0
9099,716103905P,123456,0
9100,716103901P,123456,0
9101,716103902P,123456,0
9102,716100002P,123456,0
9103,716102203P,123456,0
9104,716102301P,123456,0
9105,716101301P,123456,0
9106,716103809P,123456,0
9107,716100003P,123456,0
9108,716100004P,123456,0
9109,716102302P,123456,0
9110,716104501P,123456,0
9111,716103802P,123456,0
9112,716102303P,123456,0
9113,716103801P,123456,0
9114,716102304P,123456,0
9115,716102401P,123456,0
9116,716100008P,123456,0
9117,716102402P,123456,0
9118,716100005P,123456,0
9119,716103702P,123456,0
9120,716102405P,123456,0
9121,716102406P,123456,0
9122,716102419P,123456,0
9123,716103701P,123456,0
9124,716103710P,123456,0
9125,716102417P,123456,0
9126,716206701P,123456,0
9127,716206705P,123456,0
9128,716206711P,123456,0
9129,716206702P,123456,0
9130,716103603P,123456,0
9131,716203102P,123456,0
9132,716102502P,123456,0
9133,716102501P,123456,0
9134,716103605P,123456,0
9135,716102505P,123456,0
9136,716101901P,123456,0
9137,716102507P,123456,0
9138,716102601P,123456,0
9139,716209001P,123456,0
9140,716101801P,123456,0
9141,716206802P,123456,0
9142,716100007P,123456,0
9143,716103505P,123456,0
9144,716102600P,123456,0
9145,716103502P,123456,0
9146,716103503P,123456,0
9147,716103501P,123456,0
9148,716102605P,123456,0
9149,716207905P,123456,0
9150,716206804P,123456,0
9151,716212708P,123456,0
9152,716103306P,123456,0
9153,716103409P,123456,0
9154,716103401P,123456,0
9155,716103403P,123456,0
9156,716208709P,123456,0
9157,716105113P,123456,0
9158,716208708P,123456,0
9159,716208707P,123456,0
9160,716100013P,123456,0
9161,716210008P,123456,0
9162,716208009P,123456,0
9163,716203905P,123456,0
9164,716103406P,123456,0
9165,716101014P,123456,0
9166,716103407P,123456,0
9167,716100901P,123456,0
9168,716101401P,123456,0
9169,716206409P,123456,0
9170,716206712P,123456,0
9171,716101602P,123456,0
9172,716104701P,123456,0
9173,716106211P,123456,0
9174,716101603P,123456,0
9175,716104703P,123456,0
9176,716103303P,123456,0
9177,716106231P,123456,0
9178,716104704P,123456,0
9179,716106206P,123456,0
9180,716101604P,123456,0
9181,716102703P,123456,0
9182,716102702P,123456,0
9183,716101609P,123456,0
9184,716101606P,123456,0
9185,716104705P,123456,0
9186,716106205P,123456,0
9187,716106204P,123456,0
9188,716104707P,123456,0
9189,716106601P,123456,0
9190,716207002P,123456,0
9191,716103408P,123456,0
9192,716102701P,123456,0
9193,716101607P,123456,0
9194,716106608P,123456,0
9195,716106202P,123456,0
9196,716207005P,123456,0
9197,716104709P,123456,0
9198,716101620P,123456,0
9199,716104710P,123456,0
9200,716106602P,123456,0
9201,716103301P,123456,0
9202,716206301P,123456,0
9203,716101511P,123456,0
9204,716106701P,123456,0
9205,716106107P,123456,0
9206,716102000P,123456,0
9207,716104801P,123456,0
9208,716102801P,123456,0
9209,716104802P,123456,0
9210,716104808P,123456,0
9211,716102808P,123456,0
9212,716106106P,123456,0
9213,716104805P,123456,0
9214,716106105P,123456,0
9215,716102802P,123456,0
9216,716106104P,123456,0
9217,716106702P,123456,0
9218,716102803P,123456,0
9219,716106108P,123456,0
9220,716104807P,123456,0
9221,716200203P,123456,0
9222,716106109P,123456,0
9223,716106101P,123456,0
9224,716203601P,123456,0
9225,716106002P,123456,0
9226,716208601P,123456,0
9227,716107701P,123456,0
9228,716104901P,123456,0
9229,716104902P,123456,0
9230,716106010P,123456,0
9231,716104904P,123456,0
9232,716207007P,123456,0
9233,716104905P,123456,0
9234,716207006P,123456,0
9235,716206303P,123456,0
9236,716206203P,123456,0
9237,716105004P,123456,0
9238,716208501P,123456,0
9239,716103001P,123456,0
9240,716105002P,123456,0
9241,716206202P,123456,0
9242,716105003P,123456,0
9243,716105901P,123456,0
9244,716206101P,123456,0
9245,716105804P,123456,0
9246,716105803P,123456,0
9247,716105101P,123456,0
9248,716105802P,123456,0
9249,716105112P,123456,0
9250,716105111P,123456,0
9251,716105103P,123456,0
9252,716212548P,123456,0
9253,716105801P,123456,0
9254,716201301P,123456,0
9255,716212513P,123456,0
9256,716212525P,123456,0
9257,716207201P,123456,0
9258,716105201P,123456,0
9259,716105203P,123456,0
9260,716105701P,123456,0
9261,716204701P,123456,0
9262,716201401P,123456,0
9263,716204702P,123456,0
9264,716105202P,123456,0
9265,716212514P,123456,0
9266,716210802P,123456,0
9267,716105302P,123456,0
9268,716105301P,123456,0
9269,716103711P,123456,0
9270,716105601P,123456,0
9271,716107201P,123456,0
9272,716208402P,123456,0
9273,716200501P,123456,0
9274,716210301P,123456,0
9275,716104201P,123456,0
9276,716209804P,123456,0
9277,716209802P,123456,0
9278,716209801P,123456,0
9279,716209703P,123456,0
9280,716209702P,123456,0
9281,716208301P,123456,0
9282,716104204P,123456,0
9283,716210805P,123456,0
9284,716208202P,123456,0
9285,716207103P,123456,0
9286,716408815P,123456,0
9287,716320517P,123456,0
9288,716206903P,123456,0
9289,716101625P,123456,0
9290,716110900P,123456,0
9291,716106200P,123456,0
9292,716206402P,123456,0
9293,716104506P,123456,0
9294,716104726P,123456,0
9295,716106232P,123456,0
9296,716104727P,123456,0
9297,716104812P,123456,0
9298,716104813P,123456,0
9299,716105006P,123456,0
9300,716105007P,123456,0
9301,716105008P,123456,0
9302,716105107P,123456,0
9303,716105108P,123456,0
9304,716105109P,123456,0
9305,716105110P,123456,0
9306,716105704P,123456,0
9307,716105304P,123456,0
9308,716105305P,123456,0
9309,716105603P,123456,0
9310,716212546P,123456,0
9311,716212547P,123456,0
9312,716213028P,123456,0
9313,716211619P,123456,0
9314,716211624P,123456,0
9315,716209704P,123456,0
9316,716203002P,123456,0
9317,716202902P,123456,0
9318,716205002P,123456,0
9319,716208011P,123456,0
9320,716213150P,123456,0
9321,716100902P,123456,0
9322,716105009P,123456,0
9323,716105010P,123456,0
9324,716105011P,123456,0
9325,716105012P,123456,0
9326,716105000P,123456,0
9327,716105013P,123456,0
9328,716105014P,123456,0
9329,716101015P,123456,0
9330,716101010P,123456,0
9331,716102607P,123456,0
9332,105101032P,123456,0
9333,207101805P,123456,0
9334,39P133170P,123456,0
9335,39P133171P,123456,0
9336,39P108408P,123456,0
9337,412111715P,123456,0
9338,39P129518P,123456,0
9339,105102299P,123456,0
9340,716100000P,123456,0
9341,716206000P,123456,0
9342,716206002P,123456,0
9343,716206003P,123456,0
9344,716206024P,123456,0
9345,716212000P,123456,0
9346,716201000P,123456,0
9347,716201003P,123456,0
9348,102100113P,123456,0
9349,104100107P,123456,0
9350,716100010P,123456,0
9351,716100011P,123456,0
9352,716100009P,123456,0
9353,37P102414P,123456,0
9354,716100012P,123456,0
9355,716100006P,123456,0
9356,admin,123456,0
