"JUR","PARID","TAXYR","FILEYR","INVENTORY_TYPE","INVENTORY_MONTH","INVENTORY_AMT"
"1","3914-HOWARDAVAP","2025","2025","02","1","7596"
"1","3914-HOWARDAVAP","2025","2025","02","2","14412"
"1","3914-HOWARDAVAP","2025","2025","02","3","14712"
"1","3914-HOWARDAVAP","2025","2025","02","4","13821"
"1","3914-HOWARDAVAP","2025","2025","02","5","13148"
"1","3914-HOWARDAVAP","2025","2025","02","6","13531"
"1","3914-HOWARDAVAP","2025","2025","02","7","16821"
"1","3914-HOWARDAVAP","2025","2025","02","8","2854"
"1","3914-HOWARDAVAP","2025","2025","02","9","5996"
"1","3914-HOWARDAVAP","2025","2025","02","10","17900"
"1","3914-HOWARDAVAP","2025","2025","02","11","12083"
"1","3914-HOWARDAVAP","2025","2025","02","12","19465"
"1","400-POYDRASST1510P","2025","2025","05","12","39"
"2","4315-BIENVILLESTP","2025","2025","01","1","57958"
"2","4315-BIENVILLESTP","2025","2025","01","2","57958"
"2","4315-BIENVILLESTP","2025","2025","01","3","57958"
"2","4315-BIENVILLESTP","2025","2025","01","4","57958"
"2","4315-BIENVILLESTP","2025","2025","01","5","57958"
"2","4315-BIENVILLESTP","2025","2025","01","6","57958"
"2","4315-BIENVILLESTP","2025","2025","01","7","57958"
"2","4315-BIENVILLESTP","2025","2025","01","8","57958"
"2","4315-BIENVILLESTP","2025","2025","01","9","57958"
"2","4315-BIENVILLESTP","2025","2025","01","10","57958"
"2","4315-BIENVILLESTP","2025","2025","01","11","57958"
"2","4315-BIENVILLESTP","2025","2025","01","12","57958"
"2","618-HOMEDALEAVP","2025","2025","01","1","4800"
"2","618-HOMEDALEAVP","2025","2025","01","2","4800"
"2","618-HOMEDALEAVP","2025","2025","01","3","4800"
"2","618-HOMEDALEAVP","2025","2025","01","4","4800"
"2","618-HOMEDALEAVP","2025","2025","01","5","4800"
"2","618-HOMEDALEAVP","2025","2025","01","6","4800"
"2","618-HOMEDALEAVP","2025","2025","01","7","4800"
"2","618-HOMEDALEAVP","2025","2025","01","8","4800"
"2","618-HOMEDALEAVP","2025","2025","01","9","4800"
"2","618-HOMEDALEAVP","2025","2025","01","10","4800"
"2","618-HOMEDALEAVP","2025","2025","01","11","4800"
"2","618-HOMEDALEAVP","2025","2025","01","12","4800"
"5","3440-KABELDR--P","2025","2025","02","1","4570"
"5","3440-KABELDR--P","2025","2025","05","1","142"
"5","3440-KABELDR--P","2025","2025","02","2","5201"
"5","3440-KABELDR--P","2025","2025","05","2","542"
"5","3440-KABELDR--P","2025","2025","02","3","4872"
"5","3440-KABELDR--P","2025","2025","05","3","427"
"5","3440-KABELDR--P","2025","2025","02","4","5214"
"5","3440-KABELDR--P","2025","2025","05","4","455"
"5","3440-KABELDR--P","2025","2025","02","5","4025"
"5","3440-KABELDR--P","2025","2025","05","5","480"
"5","3440-KABELDR--P","2025","2025","02","6","4526"
"5","3440-KABELDR--P","2025","2025","05","6","475"
"5","3440-KABELDR--P","2025","2025","02","7","4635"
"5","3440-KABELDR--P","2025","2025","05","7","453"
"5","3440-KABELDR--P","2025","2025","02","8","4556"
"5","3440-KABELDR--P","2025","2025","05","8","205"
"5","3440-KABELDR--P","2025","2025","02","9","4898"
"5","3440-KABELDR--P","2025","2025","05","9","340"
"5","3440-KABELDR--P","2025","2025","02","10","4877"
"5","3440-KABELDR--P","2025","2025","05","10","147"
"5","3440-KABELDR--P","2025","2025","02","11","4977"
"5","3440-KABELDR--P","2025","2025","05","11","875"
"5","3440-KABELDR--P","2025","2025","02","12","4788"
"5","3440-KABELDR--P","2025","2025","05","12","574"
"7","8640-OAKSTA1P","2025","2025","02","1","100"
"7","8640-OAKSTA1P","2025","2025","02","2","100"
"7","8640-OAKSTA1P","2025","2025","02","3","100"
"7","8640-OAKSTA1P","2025","2025","02","4","100"
"7","8640-OAKSTA1P","2025","2025","02","5","100"
"7","8640-OAKSTA1P","2025","2025","02","6","100"
"7","8640-OAKSTA1P","2025","2025","02","7","100"
"7","8640-OAKSTA1P","2025","2025","02","8","100"
"7","8640-OAKSTA1P","2025","2025","02","9","100"
"7","8640-OAKSTA1P","2025","2025","02","10","100"
"7","8640-OAKSTA1P","2025","2025","02","11","100"
"7","8640-OAKSTA1P","2025","2025","02","12","100"
"7","8640-OAKSTAP","2025","2025","02","1","350"
"7","8640-OAKSTAP","2025","2025","02","2","350"
"7","8640-OAKSTAP","2025","2025","02","3","350"
"7","8640-OAKSTAP","2025","2025","02","4","350"
"7","8640-OAKSTAP","2025","2025","02","5","350"
"7","8640-OAKSTAP","2025","2025","02","6","300"
"7","8640-OAKSTAP","2025","2025","02","7","300"
"7","8640-OAKSTAP","2025","2025","02","8","300"
"7","8640-OAKSTAP","2025","2025","02","9","300"
"7","8640-OAKSTAP","2025","2025","02","10","350"
"7","8640-OAKSTAP","2025","2025","02","11","350"
"7","8640-OAKSTAP","2025","2025","02","12","350"
"7","1426-SCARROLLTONAVP","2025","2025","01","12","48973"
"3","5760-HAYNEBDP","2025","2025","05","1","110"
"3","5760-HAYNEBDP","2025","2025","05","2","110"
"3","5760-HAYNEBDP","2025","2025","05","3","110"
"3","5760-HAYNEBDP","2025","2025","05","4","110"
"3","5760-HAYNEBDP","2025","2025","05","5","110"
"3","5760-HAYNEBDP","2025","2025","05","6","110"
"3","5760-HAYNEBDP","2025","2025","05","7","110"
"3","5760-HAYNEBDP","2025","2025","05","8","110"
"3","5760-HAYNEBDP","2025","2025","05","9","110"
"3","5760-HAYNEBDP","2025","2025","05","10","110"
"3","5760-HAYNEBDP","2025","2025","05","11","110"
"3","5760-HAYNEBDP","2025","2025","05","12","110"
"2","41-FRENCHMARKETPLP","2025","2025","01","1","3500"
"2","41-FRENCHMARKETPLP","2025","2025","05","1","100"
"2","41-FRENCHMARKETPLP","2025","2025","01","2","1500"
"2","41-FRENCHMARKETPLP","2025","2025","05","2","200"
"2","41-FRENCHMARKETPLP","2025","2025","01","3","1535"
"2","41-FRENCHMARKETPLP","2025","2025","05","3","150"
"2","41-FRENCHMARKETPLP","2025","2025","01","4","2500"
"2","41-FRENCHMARKETPLP","2025","2025","05","4","125"
"2","41-FRENCHMARKETPLP","2025","2025","01","5","1750"
"2","41-FRENCHMARKETPLP","2025","2025","05","5","150"
"2","41-FRENCHMARKETPLP","2025","2025","01","6","1500"
"2","41-FRENCHMARKETPLP","2025","2025","05","6","175"
"2","41-FRENCHMARKETPLP","2025","2025","01","7","1200"
"2","41-FRENCHMARKETPLP","2025","2025","05","7","125"
"2","41-FRENCHMARKETPLP","2025","2025","01","8","1300"
"2","41-FRENCHMARKETPLP","2025","2025","05","8","150"
"2","41-FRENCHMARKETPLP","2025","2025","01","9","1400"
"2","41-FRENCHMARKETPLP","2025","2025","05","9","200"
"2","41-FRENCHMARKETPLP","2025","2025","01","10","4500"
"2","41-FRENCHMARKETPLP","2025","2025","05","10","300"
"2","41-FRENCHMARKETPLP","2025","2025","01","11","5500"
"2","41-FRENCHMARKETPLP","2025","2025","05","11","200"
"2","41-FRENCHMARKETPLP","2025","2025","01","12","1000"
"2","41-FRENCHMARKETPLP","2025","2025","05","12","75"
"6","1722-LOUISIANAAVP","2025","2025","02","1","700"
"6","1722-LOUISIANAAVP","2025","2025","02","2","700"
"6","1722-LOUISIANAAVP","2025","2025","02","3","700"
"6","1722-LOUISIANAAVP","2025","2025","02","4","700"
"6","1722-LOUISIANAAVP","2025","2025","02","5","700"
"6","1722-LOUISIANAAVP","2025","2025","02","6","700"
"6","1722-LOUISIANAAVP","2025","2025","02","7","700"
"6","1722-LOUISIANAAVP","2025","2025","02","8","700"
"6","1722-LOUISIANAAVP","2025","2025","02","9","700"
"6","1722-LOUISIANAAVP","2025","2025","02","10","700"
"6","1722-LOUISIANAAVP","2025","2025","02","11","700"
"6","1722-LOUISIANAAVP","2025","2025","02","12","700"
"1","301-SOLYMPIASTP","2025","2025","01","1","10897"
"1","301-SOLYMPIASTP","2025","2025","01","2","11311"
"1","301-SOLYMPIASTP","2025","2025","01","3","10270"
"1","301-SOLYMPIASTP","2025","2025","01","4","9924"
"1","301-SOLYMPIASTP","2025","2025","01","5","10612"
"1","301-SOLYMPIASTP","2025","2025","01","6","14311"
"1","301-SOLYMPIASTP","2025","2025","01","7","7807"
"1","301-SOLYMPIASTP","2025","2025","01","8","10928"
"1","301-SOLYMPIASTP","2025","2025","01","9","7740"
"1","301-SOLYMPIASTP","2025","2025","01","10","11592"
"1","301-SOLYMPIASTP","2025","2025","01","11","11345"
"1","301-SOLYMPIASTP","2025","2025","01","12","8842"
"2","4631-STLOUISSTP","2025","2025","01","1","683570"
"2","4631-STLOUISSTP","2025","2025","01","2","542615"
"2","4631-STLOUISSTP","2025","2025","01","3","701410"
"2","4631-STLOUISSTP","2025","2025","01","4","741735"
"2","4631-STLOUISSTP","2025","2025","01","5","604990"
"2","4631-STLOUISSTP","2025","2025","01","6","571525"
"2","4631-STLOUISSTP","2025","2025","01","7","796740"
"2","4631-STLOUISSTP","2025","2025","01","8","863665"
"2","4631-STLOUISSTP","2025","2025","01","9","913430"
"2","4631-STLOUISSTP","2025","2025","01","10","682955"
"2","4631-STLOUISSTP","2025","2025","01","11","702840"
"2","4631-STLOUISSTP","2025","2025","01","12","615610"
"2","800-NBROADSTP","2025","2025","01","1","755"
"2","800-NBROADSTP","2025","2025","01","2","680"
"2","800-NBROADSTP","2025","2025","01","3","815"
"2","800-NBROADSTP","2025","2025","01","4","720"
"2","800-NBROADSTP","2025","2025","01","5","605"
"2","800-NBROADSTP","2025","2025","01","6","680"
"2","800-NBROADSTP","2025","2025","01","7","790"
"2","800-NBROADSTP","2025","2025","01","8","902"
"2","800-NBROADSTP","2025","2025","01","9","855"
"2","800-NBROADSTP","2025","2025","01","10","509"
"2","800-NBROADSTP","2025","2025","01","11","925"
"2","800-NBROADSTP","2025","2025","01","12","940"
"7","7385-WROADWAYP","2025","2025","01","1","320180"
"7","7385-WROADWAYP","2025","2025","01","2","314748"
"7","7385-WROADWAYP","2025","2025","01","3","264972"
"7","7385-WROADWAYP","2025","2025","01","4","269296"
"7","7385-WROADWAYP","2025","2025","01","5","314547"
"7","7385-WROADWAYP","2025","2025","01","6","379034"
"7","7385-WROADWAYP","2025","2025","01","7","306293"
"7","7385-WROADWAYP","2025","2025","01","8","278335"
"7","7385-WROADWAYP","2025","2025","01","9","294057"
"7","7385-WROADWAYP","2025","2025","01","10","305527"
"7","7385-WROADWAYP","2025","2025","01","11","324193"
"7","7385-WROADWAYP","2025","2025","01","12","341808"
"7","7611-MAPLESTB3P","2025","2025","05","1","20"
"7","7611-MAPLESTB3P","2025","2025","05","2","20"
"7","7611-MAPLESTB3P","2025","2025","05","3","20"
"7","7611-MAPLESTB3P","2025","2025","05","4","20"
"7","7611-MAPLESTB3P","2025","2025","05","5","20"
"7","7611-MAPLESTB3P","2025","2025","05","6","20"
"7","7611-MAPLESTB3P","2025","2025","05","7","20"
"7","7611-MAPLESTB3P","2025","2025","05","8","20"
"7","7611-MAPLESTB3P","2025","2025","05","9","20"
"7","7611-MAPLESTB3P","2025","2025","05","10","20"
"7","7611-MAPLESTB3P","2025","2025","05","11","20"
"7","7611-MAPLESTB3P","2025","2025","05","12","20"
"4","1802-MAGNOLIAST100P","2025","2025","01","1","200"
"4","1802-MAGNOLIAST100P","2025","2025","01","2","200"
"4","1802-MAGNOLIAST100P","2025","2025","01","3","200"
"4","1802-MAGNOLIAST100P","2025","2025","01","4","200"
"4","1802-MAGNOLIAST100P","2025","2025","01","5","200"
"4","1802-MAGNOLIAST100P","2025","2025","01","6","200"
"4","1802-MAGNOLIAST100P","2025","2025","01","7","200"
"4","1802-MAGNOLIAST100P","2025","2025","01","8","200"
"4","1802-MAGNOLIAST100P","2025","2025","01","9","200"
"4","1802-MAGNOLIAST100P","2025","2025","01","10","200"
"4","1802-MAGNOLIAST100P","2025","2025","01","11","200"
"4","1802-MAGNOLIAST100P","2025","2025","01","12","200"
"1","2301-JULIASTP","2025","2025","01","1","1216421"
"1","2301-JULIASTP","2025","2025","01","2","1192958"
"1","2301-JULIASTP","2025","2025","01","3","974001"
"1","2301-JULIASTP","2025","2025","01","4","912664"
"1","2301-JULIASTP","2025","2025","01","5","922421"
"1","2301-JULIASTP","2025","2025","01","6","910997"
"1","2301-JULIASTP","2025","2025","01","7","892337"
"1","2301-JULIASTP","2025","2025","01","8","922756"
"1","2301-JULIASTP","2025","2025","01","9","728941"
"1","2301-JULIASTP","2025","2025","01","10","682239"
"1","2301-JULIASTP","2025","2025","01","11","781174"
"1","2301-JULIASTP","2025","2025","01","12","863307"
"3","3029-RABBITSSTP","2025","2025","02","1","1000"
"3","3029-RABBITSSTP","2025","2025","02","2","1500"
"3","3029-RABBITSSTP","2025","2025","02","3","1000"
"3","3029-RABBITSSTP","2025","2025","02","4","1700"
"3","3029-RABBITSSTP","2025","2025","02","5","1000"
"3","3029-RABBITSSTP","2025","2025","02","6","1200"
"3","3029-RABBITSSTP","2025","2025","02","7","1000"
"3","3029-RABBITSSTP","2025","2025","02","8","1000"
"3","3029-RABBITSSTP","2025","2025","02","9","2200"
"3","3029-RABBITSSTP","2025","2025","02","10","1500"
"3","3029-RABBITSSTP","2025","2025","02","11","800"
"3","3029-RABBITSSTP","2025","2025","02","12","2000"
"2","510-FRENCHMRKTVENDORSP","2025","2025","01","1","300"
"2","510-FRENCHMRKTVENDORSP","2025","2025","01","2","300"
"2","510-FRENCHMRKTVENDORSP","2025","2025","01","3","300"
"2","510-FRENCHMRKTVENDORSP","2025","2025","01","4","300"
"2","510-FRENCHMRKTVENDORSP","2025","2025","01","5","300"
"2","510-FRENCHMRKTVENDORSP","2025","2025","01","6","300"
"2","510-FRENCHMRKTVENDORSP","2025","2025","01","7","300"
"2","510-FRENCHMRKTVENDORSP","2025","2025","01","8","300"
"2","510-FRENCHMRKTVENDORSP","2025","2025","01","9","300"
"2","510-FRENCHMRKTVENDORSP","2025","2025","01","10","300"
"2","510-FRENCHMRKTVENDORSP","2025","2025","01","11","300"
"2","510-FRENCHMRKTVENDORSP","2025","2025","01","12","300"
"3","4800-DOWNMANRDP","2025","2025","01","1","1500"
"3","4800-DOWNMANRDP","2025","2025","04","1","1500"
"3","4800-DOWNMANRDP","2025","2025","01","2","1500"
"3","4800-DOWNMANRDP","2025","2025","04","2","1500"
"3","4800-DOWNMANRDP","2025","2025","01","3","1500"
"3","4800-DOWNMANRDP","2025","2025","04","3","1500"
"3","4800-DOWNMANRDP","2025","2025","01","4","1500"
"3","4800-DOWNMANRDP","2025","2025","04","4","1500"
"3","4800-DOWNMANRDP","2025","2025","01","5","1500"
"3","4800-DOWNMANRDP","2025","2025","04","5","1500"
"3","4800-DOWNMANRDP","2025","2025","01","6","1500"
"3","4800-DOWNMANRDP","2025","2025","04","6","1500"
"3","4800-DOWNMANRDP","2025","2025","01","7","1500"
"3","4800-DOWNMANRDP","2025","2025","04","7","1500"
"3","4800-DOWNMANRDP","2025","2025","01","8","1500"
"3","4800-DOWNMANRDP","2025","2025","04","8","1500"
"3","4800-DOWNMANRDP","2025","2025","01","9","1500"
"3","4800-DOWNMANRDP","2025","2025","04","9","1500"
"3","4800-DOWNMANRDP","2025","2025","01","10","1500"
"3","4800-DOWNMANRDP","2025","2025","04","10","1500"
"3","4800-DOWNMANRDP","2025","2025","01","11","1500"
"3","4800-DOWNMANRDP","2025","2025","04","11","1500"
"3","4800-DOWNMANRDP","2025","2025","01","12","1500"
"3","4800-DOWNMANRDP","2025","2025","04","12","1500"
"2","1-FRENCHMRKTVENDORSP","2025","2025","01","1","30"
"2","1-FRENCHMRKTVENDORSP","2025","2025","01","2","40"
"2","1-FRENCHMRKTVENDORSP","2025","2025","01","3","40"
"2","1-FRENCHMRKTVENDORSP","2025","2025","01","4","40"
"2","1-FRENCHMRKTVENDORSP","2025","2025","01","5","40"
"2","1-FRENCHMRKTVENDORSP","2025","2025","01","6","40"
"2","1-FRENCHMRKTVENDORSP","2025","2025","01","7","40"
"2","1-FRENCHMRKTVENDORSP","2025","2025","01","8","40"
"2","1-FRENCHMRKTVENDORSP","2025","2025","01","9","40"
"2","1-FRENCHMRKTVENDORSP","2025","2025","01","10","40"
"2","1-FRENCHMRKTVENDORSP","2025","2025","01","11","40"
"2","1-FRENCHMRKTVENDORSP","2025","2025","01","12","30"
"1","4417-EARHARTBDP","2025","2025","01","1","400"
"1","4417-EARHARTBDP","2025","2025","05","1","3500"
"1","4417-EARHARTBDP","2025","2025","01","2","400"
"1","4417-EARHARTBDP","2025","2025","05","2","3500"
"1","4417-EARHARTBDP","2025","2025","01","3","400"
"1","4417-EARHARTBDP","2025","2025","05","3","3500"
"1","4417-EARHARTBDP","2025","2025","01","4","400"
"1","4417-EARHARTBDP","2025","2025","05","4","3500"
"1","4417-EARHARTBDP","2025","2025","01","5","400"
"1","4417-EARHARTBDP","2025","2025","05","5","3500"
"1","4417-EARHARTBDP","2025","2025","01","6","400"
"1","4417-EARHARTBDP","2025","2025","05","6","3500"
"1","4417-EARHARTBDP","2025","2025","01","7","400"
"1","4417-EARHARTBDP","2025","2025","05","7","3500"
"1","4417-EARHARTBDP","2025","2025","01","8","400"
"1","4417-EARHARTBDP","2025","2025","05","8","3500"
"1","4417-EARHARTBDP","2025","2025","01","9","400"
"1","4417-EARHARTBDP","2025","2025","05","9","3500"
"1","4417-EARHARTBDP","2025","2025","01","10","400"
"1","4417-EARHARTBDP","2025","2025","05","10","3500"
"1","4417-EARHARTBDP","2025","2025","01","11","400"
"1","4417-EARHARTBDP","2025","2025","05","11","3500"
"1","4417-EARHARTBDP","2025","2025","01","12","400"
"1","4417-EARHARTBDP","2025","2025","05","12","3500"
"2","2-FRENCHMRKTVENDORSP","2025","2025","01","1","30"
"2","2-FRENCHMRKTVENDORSP","2025","2025","01","2","40"
"2","2-FRENCHMRKTVENDORSP","2025","2025","01","3","40"
"2","2-FRENCHMRKTVENDORSP","2025","2025","01","4","40"
"2","2-FRENCHMRKTVENDORSP","2025","2025","01","5","40"
"2","2-FRENCHMRKTVENDORSP","2025","2025","01","6","40"
"2","2-FRENCHMRKTVENDORSP","2025","2025","01","7","40"
"2","2-FRENCHMRKTVENDORSP","2025","2025","01","8","40"
"2","2-FRENCHMRKTVENDORSP","2025","2025","01","9","40"
"2","2-FRENCHMRKTVENDORSP","2025","2025","01","10","40"
"2","2-FRENCHMRKTVENDORSP","2025","2025","01","11","30"
"2","2-FRENCHMRKTVENDORSP","2025","2025","01","12","30"
"3","7911-BULLARDAVP","2025","2025","01","1","360"
"3","7911-BULLARDAVP","2025","2025","01","2","360"
"3","7911-BULLARDAVP","2025","2025","01","3","320"
"3","7911-BULLARDAVP","2025","2025","01","4","280"
"3","7911-BULLARDAVP","2025","2025","01","5","200"
"3","7911-BULLARDAVP","2025","2025","01","6","150"
"3","7911-BULLARDAVP","2025","2025","01","7","150"
"3","7911-BULLARDAVP","2025","2025","01","8","300"
"3","7911-BULLARDAVP","2025","2025","01","9","280"
"3","7911-BULLARDAVP","2025","2025","01","10","220"
"3","7911-BULLARDAVP","2025","2025","01","11","300"
"3","7911-BULLARDAVP","2025","2025","01","12","300"
"1","935-GRAVIERST1910P","2025","2025","05","1","50"
"1","935-GRAVIERST1910P","2025","2025","05","2","50"
"1","935-GRAVIERST1910P","2025","2025","05","3","50"
"1","935-GRAVIERST1910P","2025","2025","05","4","50"
"1","935-GRAVIERST1910P","2025","2025","05","5","50"
"1","935-GRAVIERST1910P","2025","2025","05","6","50"
"1","935-GRAVIERST1910P","2025","2025","05","7","50"
"1","935-GRAVIERST1910P","2025","2025","05","8","50"
"1","935-GRAVIERST1910P","2025","2025","05","9","50"
"1","935-GRAVIERST1910P","2025","2025","05","10","50"
"1","935-GRAVIERST1910P","2025","2025","05","11","50"
"1","935-GRAVIERST1910P","2025","2025","05","12","50"
"2","6264-ARGONNEBDP","2025","2025","02","1","2500"
"2","6264-ARGONNEBDP","2025","2025","02","2","2500"
"2","6264-ARGONNEBDP","2025","2025","02","3","2500"
"2","6264-ARGONNEBDP","2025","2025","02","4","2500"
"2","6264-ARGONNEBDP","2025","2025","02","5","2500"
"2","6264-ARGONNEBDP","2025","2025","02","6","2500"
"2","6264-ARGONNEBDP","2025","2025","02","7","2500"
"2","6264-ARGONNEBDP","2025","2025","02","8","2500"
"2","6264-ARGONNEBDP","2025","2025","02","9","2500"
"2","6264-ARGONNEBDP","2025","2025","02","10","2500"
"2","6264-ARGONNEBDP","2025","2025","02","11","2500"
"2","6264-ARGONNEBDP","2025","2025","02","12","2500"
"4","1042-TOLEDANOSTP","2025","2025","01","1","100"
"4","1042-TOLEDANOSTP","2025","2025","02","1","500"
"4","1042-TOLEDANOSTP","2025","2025","04","1","100"
"4","1042-TOLEDANOSTP","2025","2025","05","1","100"
"4","1042-TOLEDANOSTP","2025","2025","01","2","100"
"4","1042-TOLEDANOSTP","2025","2025","02","2","500"
"4","1042-TOLEDANOSTP","2025","2025","04","2","100"
"4","1042-TOLEDANOSTP","2025","2025","05","2","100"
"4","1042-TOLEDANOSTP","2025","2025","01","3","100"
"4","1042-TOLEDANOSTP","2025","2025","02","3","500"
"4","1042-TOLEDANOSTP","2025","2025","04","3","100"
"4","1042-TOLEDANOSTP","2025","2025","05","3","100"
"4","1042-TOLEDANOSTP","2025","2025","01","4","100"
"4","1042-TOLEDANOSTP","2025","2025","02","4","500"
"4","1042-TOLEDANOSTP","2025","2025","04","4","100"
"4","1042-TOLEDANOSTP","2025","2025","05","4","100"
"4","1042-TOLEDANOSTP","2025","2025","01","5","100"
"4","1042-TOLEDANOSTP","2025","2025","02","5","500"
"4","1042-TOLEDANOSTP","2025","2025","04","5","100"
"4","1042-TOLEDANOSTP","2025","2025","05","5","100"
"4","1042-TOLEDANOSTP","2025","2025","01","6","100"
"4","1042-TOLEDANOSTP","2025","2025","02","6","500"
"4","1042-TOLEDANOSTP","2025","2025","04","6","100"
"4","1042-TOLEDANOSTP","2025","2025","05","6","100"
"4","1042-TOLEDANOSTP","2025","2025","01","7","100"
"4","1042-TOLEDANOSTP","2025","2025","02","7","500"
"4","1042-TOLEDANOSTP","2025","2025","04","7","100"
"4","1042-TOLEDANOSTP","2025","2025","05","7","100"
"4","1042-TOLEDANOSTP","2025","2025","01","8","100"
"4","1042-TOLEDANOSTP","2025","2025","02","8","500"
"4","1042-TOLEDANOSTP","2025","2025","04","8","100"
"4","1042-TOLEDANOSTP","2025","2025","05","8","100"
"4","1042-TOLEDANOSTP","2025","2025","01","9","100"
"4","1042-TOLEDANOSTP","2025","2025","02","9","500"
"4","1042-TOLEDANOSTP","2025","2025","04","9","100"
"4","1042-TOLEDANOSTP","2025","2025","05","9","100"
"4","1042-TOLEDANOSTP","2025","2025","01","10","100"
"4","1042-TOLEDANOSTP","2025","2025","02","10","500"
"4","1042-TOLEDANOSTP","2025","2025","04","10","100"
"4","1042-TOLEDANOSTP","2025","2025","05","10","100"
"4","1042-TOLEDANOSTP","2025","2025","01","11","100"
"4","1042-TOLEDANOSTP","2025","2025","02","11","500"
"4","1042-TOLEDANOSTP","2025","2025","04","11","100"
"4","1042-TOLEDANOSTP","2025","2025","05","11","100"
"4","1042-TOLEDANOSTP","2025","2025","01","12","100"
"4","1042-TOLEDANOSTP","2025","2025","02","12","500"
"4","1042-TOLEDANOSTP","2025","2025","04","12","100"
"4","1042-TOLEDANOSTP","2025","2025","05","12","100"
"2","222-HARRISONAVP","2025","2025","99","1","3700"
"2","222-HARRISONAVP","2025","2025","99","2","3500"
"2","222-HARRISONAVP","2025","2025","99","3","3200"
"2","222-HARRISONAVP","2025","2025","99","4","3000"
"2","222-HARRISONAVP","2025","2025","99","5","2700"
"2","222-HARRISONAVP","2025","2025","99","6","2700"
"2","222-HARRISONAVP","2025","2025","99","7","3800"
"2","222-HARRISONAVP","2025","2025","99","8","3900"
"2","222-HARRISONAVP","2025","2025","99","9","3600"
"2","222-HARRISONAVP","2025","2025","99","10","3300"
"2","222-HARRISONAVP","2025","2025","99","11","3000"
"2","222-HARRISONAVP","2025","2025","99","12","2800"
"6","4842-PERRIERSTP","2025","2025","01","1","6863"
"6","4842-PERRIERSTP","2025","2025","01","2","6847"
"6","4842-PERRIERSTP","2025","2025","01","3","6770"
"6","4842-PERRIERSTP","2025","2025","01","4","6761"
"6","4842-PERRIERSTP","2025","2025","01","5","6683"
"6","4842-PERRIERSTP","2025","2025","01","6","6614"
"6","4842-PERRIERSTP","2025","2025","01","7","6568"
"6","4842-PERRIERSTP","2025","2025","01","8","6534"
"6","4842-PERRIERSTP","2025","2025","01","9","6499"
"6","4842-PERRIERSTP","2025","2025","01","10","6489"
"6","4842-PERRIERSTP","2025","2025","01","11","6489"
"6","4842-PERRIERSTP","2025","2025","01","12","1873"
"3","2900-GENTILLYBDEP","2025","2025","05","1","3000"
"3","2900-GENTILLYBDEP","2025","2025","05","2","3000"
"3","2900-GENTILLYBDEP","2025","2025","05","3","3000"
"3","2900-GENTILLYBDEP","2025","2025","05","4","3000"
"3","2900-GENTILLYBDEP","2025","2025","05","5","3000"
"3","2900-GENTILLYBDEP","2025","2025","05","6","3000"
"3","2900-GENTILLYBDEP","2025","2025","05","7","3000"
"3","2900-GENTILLYBDEP","2025","2025","05","8","3000"
"3","2900-GENTILLYBDEP","2025","2025","05","9","3000"
"3","2900-GENTILLYBDEP","2025","2025","05","10","3000"
"3","2900-GENTILLYBDEP","2025","2025","05","11","3000"
"3","2900-GENTILLYBDEP","2025","2025","05","12","3000"
"2","14-FRENCHMRKTVENDORSP","2025","2025","01","1","250"
"2","14-FRENCHMRKTVENDORSP","2025","2025","01","2","250"
"2","14-FRENCHMRKTVENDORSP","2025","2025","01","3","250"
"2","14-FRENCHMRKTVENDORSP","2025","2025","01","4","250"
"2","14-FRENCHMRKTVENDORSP","2025","2025","01","5","250"
"2","14-FRENCHMRKTVENDORSP","2025","2025","01","6","250"
"2","14-FRENCHMRKTVENDORSP","2025","2025","01","7","250"
"2","14-FRENCHMRKTVENDORSP","2025","2025","01","8","250"
"2","14-FRENCHMRKTVENDORSP","2025","2025","01","9","250"
"2","14-FRENCHMRKTVENDORSP","2025","2025","01","10","250"
"2","14-FRENCHMRKTVENDORSP","2025","2025","01","11","250"
"2","14-FRENCHMRKTVENDORSP","2025","2025","01","12","250"
"2","4400-BIENVILLESTP","2025","2025","02","1","7500"
"2","4400-BIENVILLESTP","2025","2025","05","1","2000"
"2","4400-BIENVILLESTP","2025","2025","02","2","7500"
"2","4400-BIENVILLESTP","2025","2025","05","2","2000"
"2","4400-BIENVILLESTP","2025","2025","02","3","7500"
"2","4400-BIENVILLESTP","2025","2025","05","3","2000"
"2","4400-BIENVILLESTP","2025","2025","02","4","7500"
"2","4400-BIENVILLESTP","2025","2025","05","4","2000"
"2","4400-BIENVILLESTP","2025","2025","02","5","7500"
"2","4400-BIENVILLESTP","2025","2025","05","5","2000"
"2","4400-BIENVILLESTP","2025","2025","02","6","7500"
"2","4400-BIENVILLESTP","2025","2025","05","6","2000"
"2","4400-BIENVILLESTP","2025","2025","02","7","7500"
"2","4400-BIENVILLESTP","2025","2025","05","7","2000"
"2","4400-BIENVILLESTP","2025","2025","02","8","7500"
"2","4400-BIENVILLESTP","2025","2025","05","8","2000"
"2","4400-BIENVILLESTP","2025","2025","02","9","7500"
"2","4400-BIENVILLESTP","2025","2025","05","9","2000"
"2","4400-BIENVILLESTP","2025","2025","02","10","7500"
"2","4400-BIENVILLESTP","2025","2025","05","10","2000"
"2","4400-BIENVILLESTP","2025","2025","02","11","7500"
"2","4400-BIENVILLESTP","2025","2025","05","11","2000"
"2","4400-BIENVILLESTP","2025","2025","02","12","7500"
"2","4400-BIENVILLESTP","2025","2025","05","12","2000"
"2","560-FRENCHMRKTVENDORSP","2025","2025","01","1","250"
"2","560-FRENCHMRKTVENDORSP","2025","2025","01","2","250"
"2","560-FRENCHMRKTVENDORSP","2025","2025","01","3","250"
"2","560-FRENCHMRKTVENDORSP","2025","2025","01","4","250"
"2","560-FRENCHMRKTVENDORSP","2025","2025","01","5","250"
"2","560-FRENCHMRKTVENDORSP","2025","2025","01","6","250"
"2","560-FRENCHMRKTVENDORSP","2025","2025","01","7","250"
"2","560-FRENCHMRKTVENDORSP","2025","2025","01","8","250"
"2","560-FRENCHMRKTVENDORSP","2025","2025","01","9","250"
"2","560-FRENCHMRKTVENDORSP","2025","2025","01","10","250"
"2","560-FRENCHMRKTVENDORSP","2025","2025","01","11","250"
"2","560-FRENCHMRKTVENDORSP","2025","2025","01","12","250"
"7","7211-REGENTSTFP","2025","2025","01","6","5300"
"7","7211-REGENTSTFP","2025","2025","02","6","5000"
"1","116-BARONNESTP","2025","2025","01","1","1800"
"1","116-BARONNESTP","2025","2025","01","2","2300"
"1","116-BARONNESTP","2025","2025","01","3","1200"
"1","116-BARONNESTP","2025","2025","01","4","1200"
"1","116-BARONNESTP","2025","2025","01","5","1200"
"1","116-BARONNESTP","2025","2025","01","6","1200"
"1","116-BARONNESTP","2025","2025","01","7","1200"
"1","116-BARONNESTP","2025","2025","01","8","1200"
"1","116-BARONNESTP","2025","2025","01","9","1200"
"1","116-BARONNESTP","2025","2025","01","10","1500"
"1","116-BARONNESTP","2025","2025","01","11","1200"
"1","116-BARONNESTP","2025","2025","01","12","1200"
"2","5555-CANALBD010P","2025","2025","01","1","100"
"2","5555-CANALBD010P","2025","2025","02","1","500"
"2","5555-CANALBD010P","2025","2025","04","1","100"
"2","5555-CANALBD010P","2025","2025","01","2","100"
"2","5555-CANALBD010P","2025","2025","02","2","600"
"2","5555-CANALBD010P","2025","2025","04","2","100"
"2","5555-CANALBD010P","2025","2025","01","3","100"
"2","5555-CANALBD010P","2025","2025","02","3","500"
"2","5555-CANALBD010P","2025","2025","04","3","100"
"2","5555-CANALBD010P","2025","2025","01","4","100"
"2","5555-CANALBD010P","2025","2025","02","4","500"
"2","5555-CANALBD010P","2025","2025","04","4","100"
"2","5555-CANALBD010P","2025","2025","01","5","100"
"2","5555-CANALBD010P","2025","2025","02","5","400"
"2","5555-CANALBD010P","2025","2025","04","5","100"
"2","5555-CANALBD010P","2025","2025","01","6","80"
"2","5555-CANALBD010P","2025","2025","02","6","400"
"2","5555-CANALBD010P","2025","2025","04","6","80"
"2","5555-CANALBD010P","2025","2025","01","7","80"
"2","5555-CANALBD010P","2025","2025","02","7","400"
"2","5555-CANALBD010P","2025","2025","04","7","80"
"2","5555-CANALBD010P","2025","2025","01","8","80"
"2","5555-CANALBD010P","2025","2025","02","8","400"
"2","5555-CANALBD010P","2025","2025","04","8","80"
"2","5555-CANALBD010P","2025","2025","01","9","100"
"2","5555-CANALBD010P","2025","2025","02","9","500"
"2","5555-CANALBD010P","2025","2025","04","9","100"
"2","5555-CANALBD010P","2025","2025","01","10","100"
"2","5555-CANALBD010P","2025","2025","02","10","500"
"2","5555-CANALBD010P","2025","2025","04","10","100"
"2","5555-CANALBD010P","2025","2025","01","11","100"
"2","5555-CANALBD010P","2025","2025","02","11","600"
"2","5555-CANALBD010P","2025","2025","04","11","100"
"2","5555-CANALBD010P","2025","2025","01","12","80"
"2","5555-CANALBD010P","2025","2025","02","12","400"
"2","5555-CANALBD010P","2025","2025","04","12","80"
"2","337-ROYALSTP","2025","2025","01","1","9500"
"2","337-ROYALSTP","2025","2025","02","1","650"
"2","337-ROYALSTP","2025","2025","01","2","9500"
"2","337-ROYALSTP","2025","2025","02","2","650"
"2","337-ROYALSTP","2025","2025","01","3","9500"
"2","337-ROYALSTP","2025","2025","02","3","650"
"2","337-ROYALSTP","2025","2025","01","4","9500"
"2","337-ROYALSTP","2025","2025","02","4","650"
"2","337-ROYALSTP","2025","2025","01","5","9500"
"2","337-ROYALSTP","2025","2025","02","5","650"
"2","337-ROYALSTP","2025","2025","01","6","9500"
"2","337-ROYALSTP","2025","2025","02","6","650"
"2","337-ROYALSTP","2025","2025","01","7","9500"
"2","337-ROYALSTP","2025","2025","02","7","650"
"2","337-ROYALSTP","2025","2025","01","8","9500"
"2","337-ROYALSTP","2025","2025","02","8","650"
"2","337-ROYALSTP","2025","2025","01","9","9500"
"2","337-ROYALSTP","2025","2025","02","9","650"
"2","337-ROYALSTP","2025","2025","01","10","9500"
"2","337-ROYALSTP","2025","2025","02","10","650"
"2","337-ROYALSTP","2025","2025","01","11","9500"
"2","337-ROYALSTP","2025","2025","02","11","650"
"2","337-ROYALSTP","2025","2025","01","12","9500"
"2","337-ROYALSTP","2025","2025","02","12","650"
"2","1036-NRAMPARTSTP","2025","2025","02","1","1000"
"2","1036-NRAMPARTSTP","2025","2025","02","2","1000"
"2","1036-NRAMPARTSTP","2025","2025","02","3","1000"
"2","1036-NRAMPARTSTP","2025","2025","02","4","1000"
"2","1036-NRAMPARTSTP","2025","2025","02","5","1000"
"2","1036-NRAMPARTSTP","2025","2025","02","6","1000"
"2","1036-NRAMPARTSTP","2025","2025","02","7","1000"
"2","1036-NRAMPARTSTP","2025","2025","02","8","1000"
"2","1036-NRAMPARTSTP","2025","2025","02","9","1000"
"2","1036-NRAMPARTSTP","2025","2025","02","10","1000"
"2","1036-NRAMPARTSTP","2025","2025","02","11","1000"
"2","1036-NRAMPARTSTP","2025","2025","02","12","1000"
"6","4734-MAGAZINESTP","2025","2025","02","1","500"
"6","4734-MAGAZINESTP","2025","2025","02","2","500"
"6","4734-MAGAZINESTP","2025","2025","02","3","500"
"6","4734-MAGAZINESTP","2025","2025","02","4","500"
"6","4734-MAGAZINESTP","2025","2025","02","5","500"
"6","4734-MAGAZINESTP","2025","2025","02","6","500"
"6","4734-MAGAZINESTP","2025","2025","02","7","500"
"6","4734-MAGAZINESTP","2025","2025","02","8","500"
"6","4734-MAGAZINESTP","2025","2025","02","9","500"
"6","4734-MAGAZINESTP","2025","2025","02","10","500"
"6","4734-MAGAZINESTP","2025","2025","02","11","500"
"6","4734-MAGAZINESTP","2025","2025","02","12","500"
"3","10001-LAKEFORESTBD702P","2025","2025","05","1","150"
"3","10001-LAKEFORESTBD702P","2025","2025","05","2","150"
"3","10001-LAKEFORESTBD702P","2025","2025","05","3","150"
"3","10001-LAKEFORESTBD702P","2025","2025","05","4","150"
"3","10001-LAKEFORESTBD702P","2025","2025","05","5","150"
"3","10001-LAKEFORESTBD702P","2025","2025","05","6","150"
"3","10001-LAKEFORESTBD702P","2025","2025","05","7","150"
"3","10001-LAKEFORESTBD702P","2025","2025","05","8","150"
"3","10001-LAKEFORESTBD702P","2025","2025","05","9","150"
"3","10001-LAKEFORESTBD702P","2025","2025","05","10","150"
"3","10001-LAKEFORESTBD702P","2025","2025","05","11","150"
"3","10001-LAKEFORESTBD702P","2025","2025","05","12","150"
"2","1201-BURGUNDYSTP","2025","2025","01","1","1200"
"2","1201-BURGUNDYSTP","2025","2025","01","2","1900"
"2","1201-BURGUNDYSTP","2025","2025","01","3","1100"
"2","1201-BURGUNDYSTP","2025","2025","01","4","1100"
"2","1201-BURGUNDYSTP","2025","2025","01","5","1000"
"2","1201-BURGUNDYSTP","2025","2025","01","6","1000"
"2","1201-BURGUNDYSTP","2025","2025","01","7","1000"
"2","1201-BURGUNDYSTP","2025","2025","01","8","1000"
"2","1201-BURGUNDYSTP","2025","2025","01","9","1200"
"2","1201-BURGUNDYSTP","2025","2025","01","10","1400"
"2","1201-BURGUNDYSTP","2025","2025","01","11","1000"
"2","1201-BURGUNDYSTP","2025","2025","01","12","1100"
"7","7211-REGENTSTGP","2025","2025","01","1","65500"
"7","7211-REGENTSTGP","2025","2025","01","2","65500"
"7","7211-REGENTSTGP","2025","2025","01","3","65500"
"7","7211-REGENTSTGP","2025","2025","01","4","65500"
"7","7211-REGENTSTGP","2025","2025","01","5","65500"
"7","7211-REGENTSTGP","2025","2025","01","6","84000"
"7","7211-REGENTSTGP","2025","2025","01","7","84000"
"7","7211-REGENTSTGP","2025","2025","01","8","84000"
"7","7211-REGENTSTGP","2025","2025","01","9","84000"
"7","7211-REGENTSTGP","2025","2025","01","10","84000"
"7","7211-REGENTSTGP","2025","2025","01","11","84000"
"7","7211-REGENTSTGP","2025","2025","01","12","84000"
"2","3909-BIENVILLEST020P","2025","2025","01","1","150"
"2","3909-BIENVILLEST020P","2025","2025","01","2","200"
"2","3909-BIENVILLEST020P","2025","2025","01","3","175"
"2","3909-BIENVILLEST020P","2025","2025","01","4","300"
"2","3909-BIENVILLEST020P","2025","2025","01","5","125"
"2","3909-BIENVILLEST020P","2025","2025","01","6","155"
"2","3909-BIENVILLEST020P","2025","2025","01","7","225"
"2","3909-BIENVILLEST020P","2025","2025","01","8","195"
"2","3909-BIENVILLEST020P","2025","2025","01","9","125"
"2","3909-BIENVILLEST020P","2025","2025","01","10","150"
"2","3909-BIENVILLEST020P","2025","2025","01","11","200"
"2","3909-BIENVILLEST020P","2025","2025","01","12","300"
"6","800-BROADWAYSTP","2025","2025","04","1","32830"
"6","800-BROADWAYSTP","2025","2025","04","2","35412"
"6","800-BROADWAYSTP","2025","2025","04","3","35986"
"6","800-BROADWAYSTP","2025","2025","04","4","35573"
"6","800-BROADWAYSTP","2025","2025","04","5","37053"
"6","800-BROADWAYSTP","2025","2025","04","6","36885"
"6","800-BROADWAYSTP","2025","2025","04","7","36516"
"6","800-BROADWAYSTP","2025","2025","04","8","37709"
"6","800-BROADWAYSTP","2025","2025","04","9","40008"
"6","800-BROADWAYSTP","2025","2025","04","10","41833"
"6","800-BROADWAYSTP","2025","2025","04","11","42273"
"6","800-BROADWAYSTP","2025","2025","04","12","40043"
"2","309-DECATURSTP","2025","2025","05","3","3000"
"2","309-DECATURSTP","2025","2025","05","4","3000"
"2","309-DECATURSTP","2025","2025","05","5","3000"
"2","309-DECATURSTP","2025","2025","05","6","3000"
"2","309-DECATURSTP","2025","2025","05","7","3000"
"2","309-DECATURSTP","2025","2025","05","8","3000"
"2","309-DECATURSTP","2025","2025","05","9","3000"
"2","309-DECATURSTP","2025","2025","05","10","3000"
"6","6205-SMIROSTP","2025","2025","01","12","461094"
"3","2256-STCLAUDEAVP","2025","2025","02","1","7980"
"3","2256-STCLAUDEAVP","2025","2025","02","2","7980"
"3","2256-STCLAUDEAVP","2025","2025","02","3","7980"
"3","2256-STCLAUDEAVP","2025","2025","02","4","7980"
"3","2256-STCLAUDEAVP","2025","2025","02","5","7980"
"3","2256-STCLAUDEAVP","2025","2025","02","6","7980"
"3","2256-STCLAUDEAVP","2025","2025","02","7","7980"
"3","2256-STCLAUDEAVP","2025","2025","02","8","7980"
"3","2256-STCLAUDEAVP","2025","2025","02","9","7980"
"3","2256-STCLAUDEAVP","2025","2025","02","10","7980"
"3","2256-STCLAUDEAVP","2025","2025","02","11","7980"
"3","2256-STCLAUDEAVP","2025","2025","02","12","7980"
"3","2258-STCLAUDEAVP","2025","2025","02","1","6790"
"3","2258-STCLAUDEAVP","2025","2025","02","2","6790"
"3","2258-STCLAUDEAVP","2025","2025","02","3","6790"
"3","2258-STCLAUDEAVP","2025","2025","02","4","6790"
"3","2258-STCLAUDEAVP","2025","2025","02","5","6790"
"3","2258-STCLAUDEAVP","2025","2025","02","6","6790"
"3","2258-STCLAUDEAVP","2025","2025","02","7","6790"
"3","2258-STCLAUDEAVP","2025","2025","02","8","6790"
"3","2258-STCLAUDEAVP","2025","2025","02","9","6790"
"3","2258-STCLAUDEAVP","2025","2025","02","10","6790"
"3","2258-STCLAUDEAVP","2025","2025","02","11","6790"
"3","2258-STCLAUDEAVP","2025","2025","02","12","6790"
"4","1114-JOSEPHINESTP","2025","2025","01","1","728"
"4","1114-JOSEPHINESTP","2025","2025","01","2","185"
"4","1114-JOSEPHINESTP","2025","2025","01","3","1027"
"4","1114-JOSEPHINESTP","2025","2025","01","4","1143"
"4","1114-JOSEPHINESTP","2025","2025","01","5","1367"
"4","1114-JOSEPHINESTP","2025","2025","01","6","764"
"4","1114-JOSEPHINESTP","2025","2025","01","7","312"
"4","1114-JOSEPHINESTP","2025","2025","01","8","1432"
"4","1114-JOSEPHINESTP","2025","2025","01","10","1189"
"4","1114-JOSEPHINESTP","2025","2025","01","11","54"
"4","1114-JOSEPHINESTP","2025","2025","01","12","342"
"2","5101-CANALBDP","2025","2025","02","1","200"
"2","5101-CANALBDP","2025","2025","02","2","152"
"2","5101-CANALBDP","2025","2025","02","3","160"
"2","5101-CANALBDP","2025","2025","02","4","244"
"2","5101-CANALBDP","2025","2025","02","5","158"
"2","5101-CANALBDP","2025","2025","02","6","170"
"2","5101-CANALBDP","2025","2025","02","7","166"
"2","5101-CANALBDP","2025","2025","02","8","108"
"2","5101-CANALBDP","2025","2025","02","9","167"
"2","5101-CANALBDP","2025","2025","02","10","183"
"2","5101-CANALBDP","2025","2025","02","11","159"
"2","5101-CANALBDP","2025","2025","02","12","153"
"1","LEASEDEQUIPMENT3052P","2025","2025","01","12","2944"
"2","TOULOUSESTP","2025","2025","01","1","25125"
"2","TOULOUSESTP","2025","2025","02","1","23285"
"2","TOULOUSESTP","2025","2025","01","2","21513"
"2","TOULOUSESTP","2025","2025","02","2","34907"
"2","TOULOUSESTP","2025","2025","01","3","23367"
"2","TOULOUSESTP","2025","2025","02","3","17562"
"2","TOULOUSESTP","2025","2025","01","4","23666"
"2","TOULOUSESTP","2025","2025","02","4","18033"
"2","TOULOUSESTP","2025","2025","01","5","20522"
"2","TOULOUSESTP","2025","2025","02","5","13592"
"2","TOULOUSESTP","2025","2025","01","6","22958"
"2","TOULOUSESTP","2025","2025","02","6","15942"
"2","TOULOUSESTP","2025","2025","01","7","22683"
"2","TOULOUSESTP","2025","2025","02","7","17246"
"2","TOULOUSESTP","2025","2025","01","8","20896"
"2","TOULOUSESTP","2025","2025","02","8","19721"
"2","TOULOUSESTP","2025","2025","01","9","20799"
"2","TOULOUSESTP","2025","2025","02","9","15352"
"2","TOULOUSESTP","2025","2025","01","10","19111"
"2","TOULOUSESTP","2025","2025","02","10","15101"
"2","TOULOUSESTP","2025","2025","01","11","16556"
"2","TOULOUSESTP","2025","2025","02","11","12662"
"2","TOULOUSESTP","2025","2025","01","12","12845"
"2","TOULOUSESTP","2025","2025","02","12","10222"
"6","3450-MAGAZINESTAP","2025","2025","99","1","135650"
"6","3450-MAGAZINESTAP","2025","2025","99","12","181085"
"1","620-SPETERSSTP","2025","2025","05","1","200"
"1","620-SPETERSSTP","2025","2025","05","2","500"
"1","620-SPETERSSTP","2025","2025","05","3","300"
"1","620-SPETERSSTP","2025","2025","05","4","300"
"1","620-SPETERSSTP","2025","2025","05","5","300"
"1","620-SPETERSSTP","2025","2025","05","6","150"
"1","620-SPETERSSTP","2025","2025","05","7","150"
"1","620-SPETERSSTP","2025","2025","05","8","150"
"1","620-SPETERSSTP","2025","2025","05","9","150"
"1","620-SPETERSSTP","2025","2025","05","10","250"
"1","620-SPETERSSTP","2025","2025","05","11","200"
"1","620-SPETERSSTP","2025","2025","05","12","250"
"2","525-HARRISONAV2P","2025","2025","99","1","135650"
"2","525-HARRISONAV2P","2025","2025","99","12","116098"
"3","2800-EADSSTP","2025","2025","02","1","20"
"3","2800-EADSSTP","2025","2025","02","3","20"
"3","2800-EADSSTP","2025","2025","02","5","20"
"3","2800-EADSSTP","2025","2025","02","7","20"
"3","2800-EADSSTP","2025","2025","02","9","20"
"3","2800-EADSSTP","2025","2025","02","11","20"
"5","157-ALLLOCATIONS5TH03P","2025","2025","04","1","13009"
"5","157-ALLLOCATIONS5TH03P","2025","2025","04","2","12306"
"5","157-ALLLOCATIONS5TH03P","2025","2025","04","3","12982"
"5","157-ALLLOCATIONS5TH03P","2025","2025","04","4","14801"
"5","157-ALLLOCATIONS5TH03P","2025","2025","04","5","13554"
"5","157-ALLLOCATIONS5TH03P","2025","2025","04","6","12902"
"5","157-ALLLOCATIONS5TH03P","2025","2025","04","7","12651"
"5","157-ALLLOCATIONS5TH03P","2025","2025","04","8","12948"
"5","157-ALLLOCATIONS5TH03P","2025","2025","04","9","14674"
"5","157-ALLLOCATIONS5TH03P","2025","2025","04","10","14352"
"5","157-ALLLOCATIONS5TH03P","2025","2025","04","11","15875"
"5","157-ALLLOCATIONS5TH03P","2025","2025","04","12","13991"
"6","4800-MAGAZINESTP","2025","2025","02","1","400"
"6","4800-MAGAZINESTP","2025","2025","02","2","400"
"6","4800-MAGAZINESTP","2025","2025","02","3","400"
"6","4800-MAGAZINESTP","2025","2025","02","4","400"
"6","4800-MAGAZINESTP","2025","2025","02","5","400"
"6","4800-MAGAZINESTP","2025","2025","02","6","400"
"6","4800-MAGAZINESTP","2025","2025","02","7","400"
"6","4800-MAGAZINESTP","2025","2025","02","8","400"
"6","4800-MAGAZINESTP","2025","2025","02","9","400"
"6","4800-MAGAZINESTP","2025","2025","02","10","400"
"6","4800-MAGAZINESTP","2025","2025","02","11","400"
"6","4800-MAGAZINESTP","2025","2025","02","12","400"
"4","3249-CHIPPEWASTP","2025","2025","02","1","125"
"4","3249-CHIPPEWASTP","2025","2025","05","1","40"
"4","3249-CHIPPEWASTP","2025","2025","02","2","300"
"4","3249-CHIPPEWASTP","2025","2025","05","2","20"
"4","3249-CHIPPEWASTP","2025","2025","02","3","300"
"4","3249-CHIPPEWASTP","2025","2025","05","3","10"
"4","3249-CHIPPEWASTP","2025","2025","02","4","210"
"4","3249-CHIPPEWASTP","2025","2025","05","4","15"
"4","3249-CHIPPEWASTP","2025","2025","02","5","180"
"4","3249-CHIPPEWASTP","2025","2025","05","5","10"
"4","3249-CHIPPEWASTP","2025","2025","02","6","340"
"4","3249-CHIPPEWASTP","2025","2025","05","6","30"
"4","3249-CHIPPEWASTP","2025","2025","02","7","126"
"4","3249-CHIPPEWASTP","2025","2025","05","7","16"
"4","3249-CHIPPEWASTP","2025","2025","02","8","180"
"4","3249-CHIPPEWASTP","2025","2025","05","8","30"
"4","3249-CHIPPEWASTP","2025","2025","02","9","206"
"4","3249-CHIPPEWASTP","2025","2025","05","9","20"
"4","3249-CHIPPEWASTP","2025","2025","02","10","130"
"4","3249-CHIPPEWASTP","2025","2025","05","10","20"
"4","3249-CHIPPEWASTP","2025","2025","02","11","210"
"4","3249-CHIPPEWASTP","2025","2025","05","11","20"
"4","3249-CHIPPEWASTP","2025","2025","02","12","110"
"4","3249-CHIPPEWASTP","2025","2025","05","12","18"
"1","500-PORTOFNEWORLEANS146P","2025","2025","01","1","174035"
"1","500-PORTOFNEWORLEANS146P","2025","2025","01","2","192543"
"1","500-PORTOFNEWORLEANS146P","2025","2025","01","3","202521"
"1","500-PORTOFNEWORLEANS146P","2025","2025","01","4","224256"
"1","500-PORTOFNEWORLEANS146P","2025","2025","01","5","219203"
"1","500-PORTOFNEWORLEANS146P","2025","2025","01","6","221709"
"1","500-PORTOFNEWORLEANS146P","2025","2025","01","7","222898"
"1","500-PORTOFNEWORLEANS146P","2025","2025","01","8","219970"
"1","500-PORTOFNEWORLEANS146P","2025","2025","01","9","222751"
"1","500-PORTOFNEWORLEANS146P","2025","2025","01","10","238745"
"1","500-PORTOFNEWORLEANS146P","2025","2025","01","11","236575"
"1","500-PORTOFNEWORLEANS146P","2025","2025","01","12","217904"
"6","4501-TCHOUPITOULASSTP","2025","2025","05","1","17385"
"6","4501-TCHOUPITOULASSTP","2025","2025","05","12","13714"
"2","240-BURGUNDYSTP","2025","2025","05","2","250"
"2","240-BURGUNDYSTP","2025","2025","05","3","200"
"2","240-BURGUNDYSTP","2025","2025","05","4","200"
"2","240-BURGUNDYSTP","2025","2025","05","5","150"
"2","240-BURGUNDYSTP","2025","2025","05","6","150"
"2","240-BURGUNDYSTP","2025","2025","05","7","200"
"2","240-BURGUNDYSTP","2025","2025","05","8","100"
"2","240-BURGUNDYSTP","2025","2025","05","9","100"
"2","240-BURGUNDYSTP","2025","2025","05","10","150"
"2","240-BURGUNDYSTP","2025","2025","05","11","100"
"2","240-BURGUNDYSTP","2025","2025","05","12","100"
"1","4206-HOWARDAVP","2025","2025","01","1","149277"
"1","4206-HOWARDAVP","2025","2025","01","2","151766"
"1","4206-HOWARDAVP","2025","2025","01","3","159896"
"1","4206-HOWARDAVP","2025","2025","01","4","157981"
"1","4206-HOWARDAVP","2025","2025","01","5","151238"
"1","4206-HOWARDAVP","2025","2025","01","6","155762"
"1","4206-HOWARDAVP","2025","2025","01","7","151424"
"1","4206-HOWARDAVP","2025","2025","01","8","150989"
"1","4206-HOWARDAVP","2025","2025","01","9","157222"
"1","4206-HOWARDAVP","2025","2025","01","10","149724"
"1","4206-HOWARDAVP","2025","2025","01","11","156449"
"1","4206-HOWARDAVP","2025","2025","01","12","152118"
"1","3508-TULANEAVP","2025","2025","05","2","49"
"1","3508-TULANEAVP","2025","2025","05","5","1576"
"1","3508-TULANEAVP","2025","2025","05","8","57"
"1","3508-TULANEAVP","2025","2025","05","9","45"
"1","3508-TULANEAVP","2025","2025","05","11","236"
"1","3508-TULANEAVP","2025","2025","05","12","1629"
"2","537-CHARTRESSTP","2025","2025","05","1","50"
"2","220-NCARROLLTONAVP","2025","2025","05","1","4300"
"2","220-NCARROLLTONAVP","2025","2025","05","2","4300"
"2","220-NCARROLLTONAVP","2025","2025","05","3","4300"
"2","220-NCARROLLTONAVP","2025","2025","05","4","4300"
"2","220-NCARROLLTONAVP","2025","2025","05","5","4300"
"2","220-NCARROLLTONAVP","2025","2025","05","6","4300"
"2","220-NCARROLLTONAVP","2025","2025","05","7","4300"
"2","220-NCARROLLTONAVP","2025","2025","05","8","4300"
"2","220-NCARROLLTONAVP","2025","2025","05","9","4300"
"2","220-NCARROLLTONAVP","2025","2025","05","10","4300"
"2","220-NCARROLLTONAVP","2025","2025","05","11","4300"
"2","220-NCARROLLTONAVP","2025","2025","05","12","4300"
"6","901-LOUISIANAAVP","2025","2025","02","1","67480"
"6","901-LOUISIANAAVP","2025","2025","02","2","67504"
"6","901-LOUISIANAAVP","2025","2025","02","3","74891"
"6","901-LOUISIANAAVP","2025","2025","02","4","70112"
"6","901-LOUISIANAAVP","2025","2025","02","5","77495"
"6","901-LOUISIANAAVP","2025","2025","02","6","74429"
"6","901-LOUISIANAAVP","2025","2025","02","7","72876"
"6","901-LOUISIANAAVP","2025","2025","02","8","67877"
"6","901-LOUISIANAAVP","2025","2025","02","9","63667"
"6","901-LOUISIANAAVP","2025","2025","02","10","67431"
"6","901-LOUISIANAAVP","2025","2025","02","11","66212"
"6","901-LOUISIANAAVP","2025","2025","02","12","66134"
"1","2235-POYDRASSTCP","2025","2025","05","1","14548"
"1","2235-POYDRASSTCP","2025","2025","05","2","10628"
"1","2235-POYDRASSTCP","2025","2025","05","3","12902"
"1","2235-POYDRASSTCP","2025","2025","05","4","13119"
"1","2235-POYDRASSTCP","2025","2025","05","5","14261"
"1","2235-POYDRASSTCP","2025","2025","05","6","14911"
"1","2235-POYDRASSTCP","2025","2025","05","7","16217"
"1","2235-POYDRASSTCP","2025","2025","05","8","14009"
"1","2235-POYDRASSTCP","2025","2025","05","9","14709"
"1","2235-POYDRASSTCP","2025","2025","05","10","13551"
"1","2235-POYDRASSTCP","2025","2025","05","11","14092"
"1","2235-POYDRASSTCP","2025","2025","05","12","9055"
"2","324-CHARTRESST010P","2025","2025","01","1","3500"
"2","324-CHARTRESST010P","2025","2025","01","2","3000"
"2","324-CHARTRESST010P","2025","2025","01","3","5000"
"2","324-CHARTRESST010P","2025","2025","01","4","5000"
"2","324-CHARTRESST010P","2025","2025","01","5","5000"
"2","324-CHARTRESST010P","2025","2025","01","6","3000"
"2","324-CHARTRESST010P","2025","2025","01","7","2000"
"2","324-CHARTRESST010P","2025","2025","01","8","2000"
"2","324-CHARTRESST010P","2025","2025","01","9","3500"
"2","324-CHARTRESST010P","2025","2025","01","10","5000"
"2","324-CHARTRESST010P","2025","2025","01","11","5000"
"2","324-CHARTRESST010P","2025","2025","01","12","3500"
"1","201-STCHARLESAV03P","2025","2025","05","1","76"
"2","605-TOULOUSESTP","2025","2025","05","3","250"
"2","605-TOULOUSESTP","2025","2025","05","4","250"
"2","605-TOULOUSESTP","2025","2025","05","5","250"
"2","605-TOULOUSESTP","2025","2025","05","6","250"
"2","605-TOULOUSESTP","2025","2025","05","7","250"
"2","605-TOULOUSESTP","2025","2025","05","8","250"
"2","605-TOULOUSESTP","2025","2025","05","9","250"
"2","605-TOULOUSESTP","2025","2025","05","10","250"
"2","605-TOULOUSESTP","2025","2025","05","11","250"
"2","605-TOULOUSESTP","2025","2025","05","12","250"
"6","4861-MAGAZINESTP","2025","2025","05","1","200"
"6","4861-MAGAZINESTP","2025","2025","05","2","200"
"6","4861-MAGAZINESTP","2025","2025","05","3","200"
"6","4861-MAGAZINESTP","2025","2025","05","4","200"
"6","4861-MAGAZINESTP","2025","2025","05","5","200"
"6","4861-MAGAZINESTP","2025","2025","05","6","200"
"6","4861-MAGAZINESTP","2025","2025","05","7","200"
"6","4861-MAGAZINESTP","2025","2025","05","8","200"
"6","4861-MAGAZINESTP","2025","2025","05","9","200"
"6","4861-MAGAZINESTP","2025","2025","05","10","200"
"6","4861-MAGAZINESTP","2025","2025","05","11","200"
"6","4861-MAGAZINESTP","2025","2025","05","12","200"
"2","620-CHARTRESSTP","2025","2025","99","1","1500"
"2","620-CHARTRESSTP","2025","2025","02","1","1500"
"2","620-CHARTRESSTP","2025","2025","99","2","1500"
"2","620-CHARTRESSTP","2025","2025","02","2","1500"
"2","620-CHARTRESSTP","2025","2025","99","3","1500"
"2","620-CHARTRESSTP","2025","2025","02","3","1500"
"2","620-CHARTRESSTP","2025","2025","99","4","1500"
"2","620-CHARTRESSTP","2025","2025","02","4","1500"
"2","620-CHARTRESSTP","2025","2025","99","5","1500"
"2","620-CHARTRESSTP","2025","2025","02","5","1500"
"2","620-CHARTRESSTP","2025","2025","99","6","1500"
"2","620-CHARTRESSTP","2025","2025","02","6","1500"
"2","620-CHARTRESSTP","2025","2025","99","7","1500"
"2","620-CHARTRESSTP","2025","2025","02","7","1500"
"2","620-CHARTRESSTP","2025","2025","99","8","1500"
"2","620-CHARTRESSTP","2025","2025","02","8","1500"
"2","620-CHARTRESSTP","2025","2025","99","9","1500"
"2","620-CHARTRESSTP","2025","2025","02","9","1500"
"2","620-CHARTRESSTP","2025","2025","99","10","1500"
"2","620-CHARTRESSTP","2025","2025","02","10","1500"
"2","620-CHARTRESSTP","2025","2025","99","11","1500"
"2","620-CHARTRESSTP","2025","2025","02","11","1500"
"2","620-CHARTRESSTP","2025","2025","99","12","1500"
"2","620-CHARTRESSTP","2025","2025","02","12","1500"
"2","600-DECATURSTP","2025","2025","01","1","89387"
"2","600-DECATURSTP","2025","2025","05","1","200"
"2","600-DECATURSTP","2025","2025","01","2","90464"
"2","600-DECATURSTP","2025","2025","05","2","200"
"2","600-DECATURSTP","2025","2025","01","3","90970"
"2","600-DECATURSTP","2025","2025","05","3","200"
"2","600-DECATURSTP","2025","2025","01","4","80138"
"2","600-DECATURSTP","2025","2025","05","4","200"
"2","600-DECATURSTP","2025","2025","01","5","78791"
"2","600-DECATURSTP","2025","2025","05","5","200"
"2","600-DECATURSTP","2025","2025","01","6","76619"
"2","600-DECATURSTP","2025","2025","05","6","200"
"2","600-DECATURSTP","2025","2025","01","7","77760"
"2","600-DECATURSTP","2025","2025","05","7","200"
"2","600-DECATURSTP","2025","2025","01","8","76868"
"2","600-DECATURSTP","2025","2025","05","8","200"
"2","600-DECATURSTP","2025","2025","01","9","70201"
"2","600-DECATURSTP","2025","2025","05","9","200"
"2","600-DECATURSTP","2025","2025","01","10","70812"
"2","600-DECATURSTP","2025","2025","05","10","200"
"2","600-DECATURSTP","2025","2025","01","11","74416"
"2","600-DECATURSTP","2025","2025","05","11","200"
"2","600-DECATURSTP","2025","2025","01","12","64965"
"2","600-DECATURSTP","2025","2025","05","12","200"
"2","538-NHAGANSTP","2025","2025","01","1","14950"
"2","538-NHAGANSTP","2025","2025","01","2","14950"
"2","538-NHAGANSTP","2025","2025","01","3","14950"
"2","538-NHAGANSTP","2025","2025","01","4","14950"
"2","538-NHAGANSTP","2025","2025","01","5","14950"
"2","538-NHAGANSTP","2025","2025","01","6","14950"
"2","538-NHAGANSTP","2025","2025","01","7","14950"
"2","538-NHAGANSTP","2025","2025","01","8","14950"
"2","538-NHAGANSTP","2025","2025","01","9","14950"
"2","538-NHAGANSTP","2025","2025","01","10","14950"
"2","538-NHAGANSTP","2025","2025","01","11","14950"
"2","538-NHAGANSTP","2025","2025","01","12","14950"
"3","2601-ESPLANADEAVP","2025","2025","01","1","3616"
"3","2601-ESPLANADEAVP","2025","2025","01","2","3416"
"3","2601-ESPLANADEAVP","2025","2025","01","3","3514"
"3","2601-ESPLANADEAVP","2025","2025","01","4","3223"
"3","2601-ESPLANADEAVP","2025","2025","01","5","3622"
"3","2601-ESPLANADEAVP","2025","2025","01","6","3517"
"3","2601-ESPLANADEAVP","2025","2025","01","7","3408"
"3","2601-ESPLANADEAVP","2025","2025","01","8","3192"
"3","2601-ESPLANADEAVP","2025","2025","01","9","3699"
"3","2601-ESPLANADEAVP","2025","2025","01","10","3424"
"3","2601-ESPLANADEAVP","2025","2025","01","11","3381"
"3","2601-ESPLANADEAVP","2025","2025","01","12","3111"
"2","321-CHARTRESSTP","2025","2025","01","1","249847"
"2","321-CHARTRESSTP","2025","2025","01","2","262895"
"2","321-CHARTRESSTP","2025","2025","01","3","300634"
"2","321-CHARTRESSTP","2025","2025","01","4","342342"
"2","321-CHARTRESSTP","2025","2025","01","5","376156"
"2","321-CHARTRESSTP","2025","2025","01","6","335242"
"2","321-CHARTRESSTP","2025","2025","01","7","329940"
"2","321-CHARTRESSTP","2025","2025","01","8","381067"
"2","321-CHARTRESSTP","2025","2025","01","9","405057"
"2","321-CHARTRESSTP","2025","2025","01","10","397775"
"2","321-CHARTRESSTP","2025","2025","01","11","387635"
"2","321-CHARTRESSTP","2025","2025","01","12","363323"
"7","744-DANTESTP","2025","2025","05","1","200"
"7","744-DANTESTP","2025","2025","05","2","200"
"7","744-DANTESTP","2025","2025","05","3","200"
"7","744-DANTESTP","2025","2025","05","4","200"
"7","744-DANTESTP","2025","2025","05","5","200"
"7","744-DANTESTP","2025","2025","05","6","200"
"7","744-DANTESTP","2025","2025","05","7","200"
"7","744-DANTESTP","2025","2025","05","8","200"
"7","744-DANTESTP","2025","2025","05","9","200"
"7","744-DANTESTP","2025","2025","05","10","200"
"7","744-DANTESTP","2025","2025","05","11","200"
"7","744-DANTESTP","2025","2025","05","12","200"
"4","2133-STCHARLESAVP","2025","2025","05","1","1500"
"4","2133-STCHARLESAVP","2025","2025","05","2","1500"
"4","2133-STCHARLESAVP","2025","2025","05","3","1500"
"4","2133-STCHARLESAVP","2025","2025","05","4","1500"
"4","2133-STCHARLESAVP","2025","2025","05","5","1500"
"4","2133-STCHARLESAVP","2025","2025","05","6","1500"
"4","2133-STCHARLESAVP","2025","2025","05","7","1500"
"4","2133-STCHARLESAVP","2025","2025","05","8","1500"
"4","2133-STCHARLESAVP","2025","2025","05","9","1500"
"4","2133-STCHARLESAVP","2025","2025","05","10","1500"
"4","2133-STCHARLESAVP","2025","2025","05","11","1500"
"4","2133-STCHARLESAVP","2025","2025","05","12","1500"
"3","501-ESPLANADEAVP","2025","2025","05","1","1500"
"3","501-ESPLANADEAVP","2025","2025","05","2","1500"
"3","501-ESPLANADEAVP","2025","2025","05","3","1500"
"3","501-ESPLANADEAVP","2025","2025","05","4","1500"
"3","501-ESPLANADEAVP","2025","2025","05","5","1500"
"3","501-ESPLANADEAVP","2025","2025","05","6","1500"
"3","501-ESPLANADEAVP","2025","2025","05","7","1500"
"3","501-ESPLANADEAVP","2025","2025","05","8","1500"
"3","501-ESPLANADEAVP","2025","2025","05","9","1500"
"3","501-ESPLANADEAVP","2025","2025","05","10","1500"
"3","501-ESPLANADEAVP","2025","2025","05","11","1500"
"3","501-ESPLANADEAVP","2025","2025","05","12","1500"
"6","5500-MAGAZINESTP","2025","2025","01","1","1135858"
"6","5500-MAGAZINESTP","2025","2025","01","2","1128841"
"6","5500-MAGAZINESTP","2025","2025","01","3","1204923"
"6","5500-MAGAZINESTP","2025","2025","01","4","1045826"
"6","5500-MAGAZINESTP","2025","2025","01","5","1102969"
"6","5500-MAGAZINESTP","2025","2025","01","6","1082145"
"6","5500-MAGAZINESTP","2025","2025","01","7","1098790"
"6","5500-MAGAZINESTP","2025","2025","01","8","1097461"
"6","5500-MAGAZINESTP","2025","2025","01","9","1128748"
"6","5500-MAGAZINESTP","2025","2025","01","10","1115971"
"6","5500-MAGAZINESTP","2025","2025","01","11","1203231"
"6","5500-MAGAZINESTP","2025","2025","01","12","1209191"
"2","406-NCARROLLTONAVP","2025","2025","01","1","2300"
"2","406-NCARROLLTONAVP","2025","2025","01","12","2300"
"1","1625-STCHARLESAVP","2025","2025","05","1","1500"
"1","1625-STCHARLESAVP","2025","2025","05","2","1500"
"1","1625-STCHARLESAVP","2025","2025","05","3","1500"
"1","1625-STCHARLESAVP","2025","2025","05","4","1500"
"1","1625-STCHARLESAVP","2025","2025","05","5","1500"
"1","1625-STCHARLESAVP","2025","2025","05","6","1500"
"1","1625-STCHARLESAVP","2025","2025","05","7","1500"
"1","1625-STCHARLESAVP","2025","2025","05","8","1500"
"1","1625-STCHARLESAVP","2025","2025","05","9","1500"
"1","1625-STCHARLESAVP","2025","2025","05","10","1500"
"1","1625-STCHARLESAVP","2025","2025","05","11","1500"
"1","1625-STCHARLESAVP","2025","2025","05","12","1500"
"3","16900-CHEFMENTEURHW01P","2025","2025","01","1","3089"
"3","16900-CHEFMENTEURHW01P","2025","2025","01","2","3050"
"3","16900-CHEFMENTEURHW01P","2025","2025","01","3","3251"
"3","16900-CHEFMENTEURHW01P","2025","2025","01","4","2867"
"3","16900-CHEFMENTEURHW01P","2025","2025","01","5","3156"
"3","16900-CHEFMENTEURHW01P","2025","2025","01","6","3278"
"3","16900-CHEFMENTEURHW01P","2025","2025","01","7","3392"
"3","16900-CHEFMENTEURHW01P","2025","2025","01","8","3041"
"3","16900-CHEFMENTEURHW01P","2025","2025","01","9","2929"
"3","16900-CHEFMENTEURHW01P","2025","2025","01","10","3600"
"3","16900-CHEFMENTEURHW01P","2025","2025","01","11","3160"
"3","16900-CHEFMENTEURHW01P","2025","2025","01","12","2182"
"7","1122-DUBLINSTP","2025","2025","01","1","426"
"7","1122-DUBLINSTP","2025","2025","01","2","672"
"7","1122-DUBLINSTP","2025","2025","01","3","748"
"7","1122-DUBLINSTP","2025","2025","01","4","691"
"7","1122-DUBLINSTP","2025","2025","01","5","358"
"7","1122-DUBLINSTP","2025","2025","01","6","398"
"7","1122-DUBLINSTP","2025","2025","01","7","499"
"7","1122-DUBLINSTP","2025","2025","01","8","598"
"7","1122-DUBLINSTP","2025","2025","01","9","463"
"7","1122-DUBLINSTP","2025","2025","01","10","560"
"7","1122-DUBLINSTP","2025","2025","01","11","526"
"7","1122-DUBLINSTP","2025","2025","01","12","448"
"1","4626-DHEMECOURTSTP","2025","2025","01","1","25000"
"1","4626-DHEMECOURTSTP","2025","2025","01","2","25000"
"1","4626-DHEMECOURTSTP","2025","2025","01","3","25000"
"1","4626-DHEMECOURTSTP","2025","2025","01","4","25000"
"1","4626-DHEMECOURTSTP","2025","2025","01","5","25000"
"1","4626-DHEMECOURTSTP","2025","2025","01","6","25000"
"1","4626-DHEMECOURTSTP","2025","2025","01","7","25000"
"1","4626-DHEMECOURTSTP","2025","2025","01","8","25000"
"1","4626-DHEMECOURTSTP","2025","2025","01","9","25000"
"1","4626-DHEMECOURTSTP","2025","2025","01","10","25000"
"1","4626-DHEMECOURTSTP","2025","2025","01","11","25000"
"1","4626-DHEMECOURTSTP","2025","2025","01","12","25000"
"6","4122-MAGAZINESTP","2025","2025","01","1","149679"
"6","4122-MAGAZINESTP","2025","2025","01","2","158776"
"6","4122-MAGAZINESTP","2025","2025","01","3","167385"
"6","4122-MAGAZINESTP","2025","2025","01","4","167170"
"6","4122-MAGAZINESTP","2025","2025","01","5","147141"
"6","4122-MAGAZINESTP","2025","2025","01","6","146548"
"6","4122-MAGAZINESTP","2025","2025","01","7","153721"
"6","4122-MAGAZINESTP","2025","2025","01","8","174562"
"6","4122-MAGAZINESTP","2025","2025","01","9","178243"
"6","4122-MAGAZINESTP","2025","2025","01","10","166344"
"6","4122-MAGAZINESTP","2025","2025","01","11","149791"
"6","4122-MAGAZINESTP","2025","2025","01","12","130957"
"1","419-CARONDELETSTP","2025","2025","02","1","15000"
"1","419-CARONDELETSTP","2025","2025","05","1","1000"
"1","419-CARONDELETSTP","2025","2025","02","2","15000"
"1","419-CARONDELETSTP","2025","2025","05","2","1000"
"1","419-CARONDELETSTP","2025","2025","02","3","15000"
"1","419-CARONDELETSTP","2025","2025","05","3","1000"
"1","419-CARONDELETSTP","2025","2025","02","4","15000"
"1","419-CARONDELETSTP","2025","2025","05","4","1000"
"1","419-CARONDELETSTP","2025","2025","02","5","15000"
"1","419-CARONDELETSTP","2025","2025","05","5","1000"
"1","419-CARONDELETSTP","2025","2025","02","6","15000"
"1","419-CARONDELETSTP","2025","2025","05","6","1000"
"1","419-CARONDELETSTP","2025","2025","02","7","15000"
"1","419-CARONDELETSTP","2025","2025","05","7","1000"
"1","419-CARONDELETSTP","2025","2025","02","8","15000"
"1","419-CARONDELETSTP","2025","2025","05","8","1000"
"1","419-CARONDELETSTP","2025","2025","02","9","15000"
"1","419-CARONDELETSTP","2025","2025","05","9","1000"
"1","419-CARONDELETSTP","2025","2025","02","10","15000"
"1","419-CARONDELETSTP","2025","2025","05","10","1000"
"1","419-CARONDELETSTP","2025","2025","02","11","15000"
"1","419-CARONDELETSTP","2025","2025","05","11","1000"
"1","419-CARONDELETSTP","2025","2025","02","12","15000"
"1","419-CARONDELETSTP","2025","2025","05","12","1000"
"1","1741-POYDRASSTP","2025","2025","01","1","956736"
"1","1741-POYDRASSTP","2025","2025","01","2","947080"
"1","1741-POYDRASSTP","2025","2025","01","3","1443476"
"1","1741-POYDRASSTP","2025","2025","01","4","1323070"
"1","1741-POYDRASSTP","2025","2025","01","5","1505381"
"1","1741-POYDRASSTP","2025","2025","01","6","1874038"
"1","1741-POYDRASSTP","2025","2025","01","7","2111079"
"1","1741-POYDRASSTP","2025","2025","01","8","2281829"
"1","1741-POYDRASSTP","2025","2025","01","9","2326300"
"1","1741-POYDRASSTP","2025","2025","01","10","3046876"
"1","1741-POYDRASSTP","2025","2025","01","11","3393323"
"1","1741-POYDRASSTP","2025","2025","01","12","3544565"
"1","4928-SJOHNSONSTP","2025","2025","01","1","100"
"1","4928-SJOHNSONSTP","2025","2025","01","2","100"
"1","4928-SJOHNSONSTP","2025","2025","01","3","100"
"1","4928-SJOHNSONSTP","2025","2025","01","4","100"
"1","4928-SJOHNSONSTP","2025","2025","01","5","100"
"1","4928-SJOHNSONSTP","2025","2025","01","6","100"
"1","4928-SJOHNSONSTP","2025","2025","01","7","100"
"1","4928-SJOHNSONSTP","2025","2025","01","8","100"
"1","4928-SJOHNSONSTP","2025","2025","01","9","100"
"1","4928-SJOHNSONSTP","2025","2025","01","10","100"
"1","4928-SJOHNSONSTP","2025","2025","01","11","100"
"1","4928-SJOHNSONSTP","2025","2025","01","12","100"
"1","701-POYDRASST4200P","2025","2025","05","12","21221"
"6","3424-MAGAZINESTP","2025","2025","01","1","32970"
"6","3424-MAGAZINESTP","2025","2025","01","2","30147"
"6","3424-MAGAZINESTP","2025","2025","01","3","26921"
"6","3424-MAGAZINESTP","2025","2025","01","4","27339"
"6","3424-MAGAZINESTP","2025","2025","01","5","27873"
"6","3424-MAGAZINESTP","2025","2025","01","6","25681"
"6","3424-MAGAZINESTP","2025","2025","01","7","23810"
"6","3424-MAGAZINESTP","2025","2025","01","8","34474"
"6","3424-MAGAZINESTP","2025","2025","01","9","30282"
"6","3424-MAGAZINESTP","2025","2025","01","10","21043"
"6","3424-MAGAZINESTP","2025","2025","01","11","20736"
"6","3424-MAGAZINESTP","2025","2025","01","12","10150"
"3","13150-I10SERVICERDP","2025","2025","01","1","1554434"
"3","13150-I10SERVICERDP","2025","2025","03","1","3802"
"3","13150-I10SERVICERDP","2025","2025","01","2","1287865"
"3","13150-I10SERVICERDP","2025","2025","03","2","3118"
"3","13150-I10SERVICERDP","2025","2025","01","3","1511649"
"3","13150-I10SERVICERDP","2025","2025","03","3","4640"
"3","13150-I10SERVICERDP","2025","2025","01","4","1426221"
"3","13150-I10SERVICERDP","2025","2025","03","4","5207"
"3","13150-I10SERVICERDP","2025","2025","01","5","1651607"
"3","13150-I10SERVICERDP","2025","2025","03","5","2186"
"3","13150-I10SERVICERDP","2025","2025","01","6","1894606"
"3","13150-I10SERVICERDP","2025","2025","03","6","6568"
"3","13150-I10SERVICERDP","2025","2025","01","7","1725246"
"3","13150-I10SERVICERDP","2025","2025","03","7","9513"
"3","13150-I10SERVICERDP","2025","2025","01","8","1513284"
"3","13150-I10SERVICERDP","2025","2025","03","8","11532"
"3","13150-I10SERVICERDP","2025","2025","01","9","1850524"
"3","13150-I10SERVICERDP","2025","2025","03","9","9521"
"3","13150-I10SERVICERDP","2025","2025","01","10","1807859"
"3","13150-I10SERVICERDP","2025","2025","03","10","12295"
"3","13150-I10SERVICERDP","2025","2025","01","11","1785494"
"3","13150-I10SERVICERDP","2025","2025","03","11","19542"
"3","13150-I10SERVICERDP","2025","2025","01","12","2065090"
"3","13150-I10SERVICERDP","2025","2025","03","12","16694"
"1","1200-POYDRASSTP","2025","2025","01","1","86921"
"1","1200-POYDRASSTP","2025","2025","01","12","118680"
"5","3601-BEHRMANPLP","2025","2025","05","12","243"
"7","8232-OAKSTP","2025","2025","01","1","773505"
"7","8232-OAKSTP","2025","2025","01","12","763173"
"1","920-JULIASTP","2025","2025","01","1","295198"
"1","920-JULIASTP","2025","2025","01","2","295198"
"1","920-JULIASTP","2025","2025","01","3","295198"
"1","920-JULIASTP","2025","2025","01","4","295198"
"1","920-JULIASTP","2025","2025","01","5","295198"
"1","920-JULIASTP","2025","2025","01","6","295198"
"1","920-JULIASTP","2025","2025","01","7","295198"
"1","920-JULIASTP","2025","2025","01","8","295198"
"1","920-JULIASTP","2025","2025","01","9","295198"
"1","920-JULIASTP","2025","2025","01","10","295198"
"1","920-JULIASTP","2025","2025","01","11","295198"
"1","920-JULIASTP","2025","2025","01","12","295198"
"2","341-HENNESSYST01P","2025","2025","01","12","12000"
"6","5501-MAGAZINESTP","2025","2025","01","1","159442"
"6","5501-MAGAZINESTP","2025","2025","01","12","160955"
"5","3613-GENMEYERAVBP","2025","2025","05","1","200"
"5","3613-GENMEYERAVBP","2025","2025","05","2","200"
"5","3613-GENMEYERAVBP","2025","2025","05","3","200"
"5","3613-GENMEYERAVBP","2025","2025","05","4","200"
"5","3613-GENMEYERAVBP","2025","2025","05","5","200"
"5","3613-GENMEYERAVBP","2025","2025","05","6","200"
"5","3613-GENMEYERAVBP","2025","2025","05","7","200"
"5","3613-GENMEYERAVBP","2025","2025","05","8","200"
"5","3613-GENMEYERAVBP","2025","2025","05","9","200"
"5","3613-GENMEYERAVBP","2025","2025","05","10","200"
"5","3613-GENMEYERAVBP","2025","2025","05","11","200"
"5","3613-GENMEYERAVBP","2025","2025","05","12","200"
"2","305-ROYALSTP","2025","2025","01","1","2500"
"2","305-ROYALSTP","2025","2025","01","2","2500"
"2","305-ROYALSTP","2025","2025","01","3","2500"
"2","305-ROYALSTP","2025","2025","01","4","2500"
"2","305-ROYALSTP","2025","2025","01","5","2500"
"2","305-ROYALSTP","2025","2025","01","6","2500"
"2","305-ROYALSTP","2025","2025","01","7","2500"
"2","305-ROYALSTP","2025","2025","01","8","2500"
"2","305-ROYALSTP","2025","2025","01","9","2500"
"2","305-ROYALSTP","2025","2025","01","10","2500"
"2","305-ROYALSTP","2025","2025","01","11","2500"
"2","305-ROYALSTP","2025","2025","01","12","2500"
"7","3619-SCARROLLTONAVP","2025","2025","01","1","133000"
"7","3619-SCARROLLTONAVP","2025","2025","01","2","140000"
"7","3619-SCARROLLTONAVP","2025","2025","01","3","144000"
"7","3619-SCARROLLTONAVP","2025","2025","01","4","151000"
"7","3619-SCARROLLTONAVP","2025","2025","01","5","144000"
"7","3619-SCARROLLTONAVP","2025","2025","01","6","143000"
"7","3619-SCARROLLTONAVP","2025","2025","01","7","136000"
"7","3619-SCARROLLTONAVP","2025","2025","01","8","137000"
"7","3619-SCARROLLTONAVP","2025","2025","01","9","134000"
"7","3619-SCARROLLTONAVP","2025","2025","01","10","105000"
"7","3619-SCARROLLTONAVP","2025","2025","01","11","106000"
"7","3619-SCARROLLTONAVP","2025","2025","01","12","70000"
"1","510-GRAVIERSTP","2025","2025","01","1","12297"
"1","510-GRAVIERSTP","2025","2025","01","2","16265"
"1","510-GRAVIERSTP","2025","2025","01","3","14580"
"1","510-GRAVIERSTP","2025","2025","01","4","12976"
"1","510-GRAVIERSTP","2025","2025","01","5","16520"
"1","510-GRAVIERSTP","2025","2025","01","6","15437"
"1","510-GRAVIERSTP","2025","2025","01","7","15604"
"1","510-GRAVIERSTP","2025","2025","01","8","14690"
"1","510-GRAVIERSTP","2025","2025","01","9","13271"
"1","510-GRAVIERSTP","2025","2025","01","10","13642"
"1","510-GRAVIERSTP","2025","2025","01","11","18176"
"1","510-GRAVIERSTP","2025","2025","01","12","2584"
"1","3525-TULANEAVP","2025","2025","05","1","84885"
"1","3525-TULANEAVP","2025","2025","99","2","946"
"1","3525-TULANEAVP","2025","2025","05","2","73457"
"1","3525-TULANEAVP","2025","2025","05","3","82487"
"1","3525-TULANEAVP","2025","2025","99","4","1391"
"1","3525-TULANEAVP","2025","2025","05","4","59650"
"1","3525-TULANEAVP","2025","2025","05","5","53329"
"1","3525-TULANEAVP","2025","2025","05","6","93788"
"1","3525-TULANEAVP","2025","2025","99","7","1194"
"1","3525-TULANEAVP","2025","2025","05","7","60930"
"1","3525-TULANEAVP","2025","2025","05","8","76072"
"1","3525-TULANEAVP","2025","2025","05","9","59761"
"1","3525-TULANEAVP","2025","2025","05","10","60171"
"1","3525-TULANEAVP","2025","2025","05","11","89495"
"1","3525-TULANEAVP","2025","2025","99","12","67"
"1","3525-TULANEAVP","2025","2025","05","12","46557"
"2","729-NCARROLLTONAVP","2025","2025","05","1","1000"
"2","729-NCARROLLTONAVP","2025","2025","05","2","1000"
"2","729-NCARROLLTONAVP","2025","2025","05","3","1000"
"2","729-NCARROLLTONAVP","2025","2025","05","4","1000"
"2","729-NCARROLLTONAVP","2025","2025","05","5","1000"
"2","729-NCARROLLTONAVP","2025","2025","05","6","1000"
"2","729-NCARROLLTONAVP","2025","2025","05","7","1000"
"2","729-NCARROLLTONAVP","2025","2025","05","8","1000"
"2","729-NCARROLLTONAVP","2025","2025","05","9","1000"
"2","729-NCARROLLTONAVP","2025","2025","05","10","1000"
"2","729-NCARROLLTONAVP","2025","2025","05","11","1000"
"2","729-NCARROLLTONAVP","2025","2025","05","12","1000"
"2","5301-CANALBD010P","2025","2025","01","1","126292"
"2","5301-CANALBD010P","2025","2025","01","2","131090"
"2","5301-CANALBD010P","2025","2025","01","3","129352"
"2","5301-CANALBD010P","2025","2025","01","4","122714"
"2","5301-CANALBD010P","2025","2025","01","5","128876"
"2","5301-CANALBD010P","2025","2025","01","6","127621"
"2","5301-CANALBD010P","2025","2025","01","7","128779"
"2","5301-CANALBD010P","2025","2025","01","8","132711"
"2","5301-CANALBD010P","2025","2025","01","9","132856"
"2","5301-CANALBD010P","2025","2025","01","10","123461"
"2","5301-CANALBD010P","2025","2025","01","11","121392"
"2","5301-CANALBD010P","2025","2025","01","12","119655"
"6","201-NASHVILLEAVP","2025","2025","01","1","41634"
"6","201-NASHVILLEAVP","2025","2025","01","2","41634"
"6","201-NASHVILLEAVP","2025","2025","01","3","41634"
"6","201-NASHVILLEAVP","2025","2025","01","4","41634"
"6","201-NASHVILLEAVP","2025","2025","01","5","41634"
"6","201-NASHVILLEAVP","2025","2025","01","6","41634"
"6","201-NASHVILLEAVP","2025","2025","01","7","41634"
"6","201-NASHVILLEAVP","2025","2025","01","8","41634"
"6","201-NASHVILLEAVP","2025","2025","01","9","41634"
"6","201-NASHVILLEAVP","2025","2025","01","10","41634"
"6","201-NASHVILLEAVP","2025","2025","01","11","41634"
"6","201-NASHVILLEAVP","2025","2025","01","12","41634"
"2","414-NGALVEZSTP","2025","2025","01","1","294626"
"2","414-NGALVEZSTP","2025","2025","01","2","294000"
"2","414-NGALVEZSTP","2025","2025","01","3","291000"
"2","414-NGALVEZSTP","2025","2025","01","4","288000"
"2","414-NGALVEZSTP","2025","2025","01","5","285000"
"2","414-NGALVEZSTP","2025","2025","01","6","280250"
"2","414-NGALVEZSTP","2025","2025","01","7","279000"
"2","414-NGALVEZSTP","2025","2025","01","8","278500"
"2","414-NGALVEZSTP","2025","2025","01","9","278000"
"2","414-NGALVEZSTP","2025","2025","01","10","273500"
"2","414-NGALVEZSTP","2025","2025","01","11","269000"
"2","414-NGALVEZSTP","2025","2025","01","12","265956"
"3","4520-ELYSIANFIELDSAVP","2025","2025","05","1","6987"
"3","4520-ELYSIANFIELDSAVP","2025","2025","05","2","4772"
"3","4520-ELYSIANFIELDSAVP","2025","2025","05","3","3692"
"3","4520-ELYSIANFIELDSAVP","2025","2025","05","4","3068"
"3","4520-ELYSIANFIELDSAVP","2025","2025","05","5","5356"
"3","4520-ELYSIANFIELDSAVP","2025","2025","05","6","3716"
"3","4520-ELYSIANFIELDSAVP","2025","2025","05","7","4041"
"3","4520-ELYSIANFIELDSAVP","2025","2025","05","8","4075"
"3","4520-ELYSIANFIELDSAVP","2025","2025","05","9","7158"
"3","4520-ELYSIANFIELDSAVP","2025","2025","05","10","2932"
"3","4520-ELYSIANFIELDSAVP","2025","2025","05","11","3036"
"3","4520-ELYSIANFIELDSAVP","2025","2025","05","12","5222"
"2","201-ROYALSTP","2025","2025","99","1","103015"
"2","201-ROYALSTP","2025","2025","99","12","131460"
"6","3627-MAGAZINESTP","2025","2025","01","12","146335"
"5","1113-TECHESTP","2025","2025","05","1","5137"
"5","1113-TECHESTP","2025","2025","05","2","8250"
"5","1113-TECHESTP","2025","2025","05","3","7093"
"5","1113-TECHESTP","2025","2025","05","4","6229"
"5","1113-TECHESTP","2025","2025","05","5","7751"
"5","1113-TECHESTP","2025","2025","05","6","5331"
"5","1113-TECHESTP","2025","2025","05","7","9058"
"5","1113-TECHESTP","2025","2025","05","8","5569"
"5","1113-TECHESTP","2025","2025","05","9","5755"
"5","1113-TECHESTP","2025","2025","05","10","6306"
"5","1113-TECHESTP","2025","2025","05","11","3436"
"5","1113-TECHESTP","2025","2025","05","12","9176"
"2","627-BOURBONSTP","2025","2025","99","1","69208"
"2","627-BOURBONSTP","2025","2025","99","12","94322"
"5","775-HUNLEYLNP","2025","2025","02","1","1000"
"5","775-HUNLEYLNP","2025","2025","02","2","1000"
"5","775-HUNLEYLNP","2025","2025","02","3","1000"
"5","775-HUNLEYLNP","2025","2025","02","4","1000"
"5","775-HUNLEYLNP","2025","2025","02","5","1000"
"5","775-HUNLEYLNP","2025","2025","02","6","1000"
"5","775-HUNLEYLNP","2025","2025","02","7","1000"
"5","775-HUNLEYLNP","2025","2025","02","8","1000"
"5","775-HUNLEYLNP","2025","2025","02","9","1000"
"5","775-HUNLEYLNP","2025","2025","02","10","1000"
"5","775-HUNLEYLNP","2025","2025","02","11","1000"
"5","775-HUNLEYLNP","2025","2025","02","12","1000"
"3","13301-CHEFMENTEURHW2P","2025","2025","01","1","4000"
"3","13301-CHEFMENTEURHW2P","2025","2025","01","6","4000"
"3","13301-CHEFMENTEURHW2P","2025","2025","01","12","4000"
"1","500-PORTOFNEWORLEANS163P","2025","2025","01","1","194916"
"1","500-PORTOFNEWORLEANS163P","2025","2025","05","1","42"
"1","500-PORTOFNEWORLEANS163P","2025","2025","01","2","180959"
"1","500-PORTOFNEWORLEANS163P","2025","2025","05","2","42"
"1","500-PORTOFNEWORLEANS163P","2025","2025","01","3","220058"
"1","500-PORTOFNEWORLEANS163P","2025","2025","05","3","42"
"1","500-PORTOFNEWORLEANS163P","2025","2025","01","4","231900"
"1","500-PORTOFNEWORLEANS163P","2025","2025","05","4","42"
"1","500-PORTOFNEWORLEANS163P","2025","2025","01","5","197227"
"1","500-PORTOFNEWORLEANS163P","2025","2025","05","5","42"
"1","500-PORTOFNEWORLEANS163P","2025","2025","01","6","208367"
"1","500-PORTOFNEWORLEANS163P","2025","2025","05","6","42"
"1","500-PORTOFNEWORLEANS163P","2025","2025","01","7","200790"
"1","500-PORTOFNEWORLEANS163P","2025","2025","05","7","42"
"1","500-PORTOFNEWORLEANS163P","2025","2025","01","8","194423"
"1","500-PORTOFNEWORLEANS163P","2025","2025","05","8","42"
"1","500-PORTOFNEWORLEANS163P","2025","2025","01","9","206582"
"1","500-PORTOFNEWORLEANS163P","2025","2025","05","9","42"
"1","500-PORTOFNEWORLEANS163P","2025","2025","01","10","258491"
"1","500-PORTOFNEWORLEANS163P","2025","2025","05","10","42"
"1","500-PORTOFNEWORLEANS163P","2025","2025","01","11","216689"
"1","500-PORTOFNEWORLEANS163P","2025","2025","05","11","42"
"1","500-PORTOFNEWORLEANS163P","2025","2025","01","12","162853"
"1","500-PORTOFNEWORLEANS163P","2025","2025","05","12","42"
"6","1501-SJEFFERSONDAVISPKP","2025","2025","01","1","5500"
"6","1501-SJEFFERSONDAVISPKP","2025","2025","01","6","5500"
"6","1501-SJEFFERSONDAVISPKP","2025","2025","01","12","5500"
"6","4500-MAGAZINEST5P","2025","2025","01","1","100"
"6","4500-MAGAZINEST5P","2025","2025","02","1","100"
"6","4500-MAGAZINEST5P","2025","2025","03","1","100"
"6","4500-MAGAZINEST5P","2025","2025","04","1","100"
"6","4500-MAGAZINEST5P","2025","2025","05","1","100"
"6","4500-MAGAZINEST5P","2025","2025","01","2","100"
"6","4500-MAGAZINEST5P","2025","2025","02","2","100"
"6","4500-MAGAZINEST5P","2025","2025","03","2","100"
"6","4500-MAGAZINEST5P","2025","2025","04","2","100"
"6","4500-MAGAZINEST5P","2025","2025","05","2","100"
"6","4500-MAGAZINEST5P","2025","2025","01","3","100"
"6","4500-MAGAZINEST5P","2025","2025","02","3","100"
"6","4500-MAGAZINEST5P","2025","2025","03","3","100"
"6","4500-MAGAZINEST5P","2025","2025","04","3","100"
"6","4500-MAGAZINEST5P","2025","2025","05","3","100"
"6","4500-MAGAZINEST5P","2025","2025","01","4","100"
"6","4500-MAGAZINEST5P","2025","2025","02","4","100"
"6","4500-MAGAZINEST5P","2025","2025","03","4","100"
"6","4500-MAGAZINEST5P","2025","2025","04","4","100"
"6","4500-MAGAZINEST5P","2025","2025","05","4","100"
"6","4500-MAGAZINEST5P","2025","2025","01","5","100"
"6","4500-MAGAZINEST5P","2025","2025","02","5","100"
"6","4500-MAGAZINEST5P","2025","2025","03","5","100"
"6","4500-MAGAZINEST5P","2025","2025","04","5","100"
"6","4500-MAGAZINEST5P","2025","2025","05","5","100"
"6","4500-MAGAZINEST5P","2025","2025","01","6","100"
"6","4500-MAGAZINEST5P","2025","2025","02","6","100"
"6","4500-MAGAZINEST5P","2025","2025","03","6","100"
"6","4500-MAGAZINEST5P","2025","2025","04","6","100"
"6","4500-MAGAZINEST5P","2025","2025","05","6","100"
"6","4500-MAGAZINEST5P","2025","2025","01","7","100"
"6","4500-MAGAZINEST5P","2025","2025","02","7","100"
"6","4500-MAGAZINEST5P","2025","2025","03","7","100"
"6","4500-MAGAZINEST5P","2025","2025","04","7","100"
"6","4500-MAGAZINEST5P","2025","2025","05","7","100"
"6","4500-MAGAZINEST5P","2025","2025","01","8","100"
"6","4500-MAGAZINEST5P","2025","2025","02","8","100"
"6","4500-MAGAZINEST5P","2025","2025","03","8","100"
"6","4500-MAGAZINEST5P","2025","2025","04","8","100"
"6","4500-MAGAZINEST5P","2025","2025","05","8","100"
"6","4500-MAGAZINEST5P","2025","2025","01","9","100"
"6","4500-MAGAZINEST5P","2025","2025","02","9","100"
"6","4500-MAGAZINEST5P","2025","2025","03","9","100"
"6","4500-MAGAZINEST5P","2025","2025","04","9","100"
"6","4500-MAGAZINEST5P","2025","2025","05","9","100"
"6","4500-MAGAZINEST5P","2025","2025","01","10","100"
"6","4500-MAGAZINEST5P","2025","2025","02","10","100"
"6","4500-MAGAZINEST5P","2025","2025","03","10","100"
"6","4500-MAGAZINEST5P","2025","2025","04","10","100"
"6","4500-MAGAZINEST5P","2025","2025","05","10","100"
"6","4500-MAGAZINEST5P","2025","2025","01","11","100"
"6","4500-MAGAZINEST5P","2025","2025","02","11","100"
"6","4500-MAGAZINEST5P","2025","2025","03","11","100"
"6","4500-MAGAZINEST5P","2025","2025","04","11","100"
"6","4500-MAGAZINEST5P","2025","2025","05","11","100"
"6","4500-MAGAZINEST5P","2025","2025","01","12","100"
"6","4500-MAGAZINEST5P","2025","2025","02","12","100"
"6","4500-MAGAZINEST5P","2025","2025","03","12","100"
"6","4500-MAGAZINEST5P","2025","2025","04","12","100"
"6","4500-MAGAZINEST5P","2025","2025","05","12","100"
"4","2723-SBROADST100P","2025","2025","01","1","572"
"4","2723-SBROADST100P","2025","2025","02","1","1043"
"4","2723-SBROADST100P","2025","2025","01","2","572"
"4","2723-SBROADST100P","2025","2025","02","2","1043"
"4","2723-SBROADST100P","2025","2025","01","3","572"
"4","2723-SBROADST100P","2025","2025","02","3","1043"
"4","2723-SBROADST100P","2025","2025","01","4","572"
"4","2723-SBROADST100P","2025","2025","02","4","1043"
"4","2723-SBROADST100P","2025","2025","01","5","572"
"4","2723-SBROADST100P","2025","2025","02","5","1043"
"4","2723-SBROADST100P","2025","2025","01","6","572"
"4","2723-SBROADST100P","2025","2025","02","6","1043"
"4","2723-SBROADST100P","2025","2025","01","7","572"
"4","2723-SBROADST100P","2025","2025","02","7","1043"
"4","2723-SBROADST100P","2025","2025","01","8","572"
"4","2723-SBROADST100P","2025","2025","02","8","1043"
"4","2723-SBROADST100P","2025","2025","01","9","572"
"4","2723-SBROADST100P","2025","2025","02","9","1043"
"4","2723-SBROADST100P","2025","2025","01","10","572"
"4","2723-SBROADST100P","2025","2025","02","10","1043"
"4","2723-SBROADST100P","2025","2025","01","11","572"
"4","2723-SBROADST100P","2025","2025","02","11","1043"
"4","2723-SBROADST100P","2025","2025","01","12","572"
"4","2723-SBROADST100P","2025","2025","02","12","1043"
"3","2372-STCLAUDEAV125P","2025","2025","01","1","26"
"3","2372-STCLAUDEAV125P","2025","2025","05","1","60"
"3","2372-STCLAUDEAV125P","2025","2025","01","2","26"
"3","2372-STCLAUDEAV125P","2025","2025","05","2","60"
"3","2372-STCLAUDEAV125P","2025","2025","01","3","26"
"3","2372-STCLAUDEAV125P","2025","2025","05","3","60"
"3","2372-STCLAUDEAV125P","2025","2025","01","4","26"
"3","2372-STCLAUDEAV125P","2025","2025","05","4","60"
"3","2372-STCLAUDEAV125P","2025","2025","01","5","26"
"3","2372-STCLAUDEAV125P","2025","2025","05","5","60"
"3","2372-STCLAUDEAV125P","2025","2025","01","6","26"
"3","2372-STCLAUDEAV125P","2025","2025","05","6","60"
"3","2372-STCLAUDEAV125P","2025","2025","01","7","26"
"3","2372-STCLAUDEAV125P","2025","2025","05","7","60"
"3","2372-STCLAUDEAV125P","2025","2025","01","8","26"
"3","2372-STCLAUDEAV125P","2025","2025","05","8","60"
"3","2372-STCLAUDEAV125P","2025","2025","01","9","26"
"3","2372-STCLAUDEAV125P","2025","2025","05","9","60"
"3","2372-STCLAUDEAV125P","2025","2025","01","10","26"
"3","2372-STCLAUDEAV125P","2025","2025","05","10","60"
"3","2372-STCLAUDEAV125P","2025","2025","01","11","26"
"3","2372-STCLAUDEAV125P","2025","2025","05","11","60"
"3","2372-STCLAUDEAV125P","2025","2025","01","12","26"
"3","2372-STCLAUDEAV125P","2025","2025","05","12","60"
"2","724-IBERVILLESTP","2025","2025","99","1","33917"
"2","724-IBERVILLESTP","2025","2025","99","2","46319"
"2","724-IBERVILLESTP","2025","2025","99","3","42150"
"2","724-IBERVILLESTP","2025","2025","99","4","41345"
"2","724-IBERVILLESTP","2025","2025","99","5","38183"
"2","724-IBERVILLESTP","2025","2025","99","6","47709"
"2","724-IBERVILLESTP","2025","2025","99","7","41664"
"2","724-IBERVILLESTP","2025","2025","99","8","46166"
"2","724-IBERVILLESTP","2025","2025","99","9","45966"
"2","724-IBERVILLESTP","2025","2025","99","10","40884"
"2","724-IBERVILLESTP","2025","2025","99","11","43485"
"2","724-IBERVILLESTP","2025","2025","99","12","43668"
"2","827-ROYALSTP","2025","2025","01","1","7116"
"2","827-ROYALSTP","2025","2025","01","2","7228"
"2","827-ROYALSTP","2025","2025","01","3","8737"
"2","827-ROYALSTP","2025","2025","01","4","8191"
"2","827-ROYALSTP","2025","2025","01","5","9068"
"2","827-ROYALSTP","2025","2025","01","6","4571"
"2","827-ROYALSTP","2025","2025","01","7","6536"
"2","827-ROYALSTP","2025","2025","01","8","8360"
"2","827-ROYALSTP","2025","2025","01","9","3377"
"2","827-ROYALSTP","2025","2025","01","10","7390"
"2","827-ROYALSTP","2025","2025","01","11","11530"
"2","827-ROYALSTP","2025","2025","01","12","10044"
"6","5415-MAGAZINESTP","2025","2025","01","1","21631"
"6","5415-MAGAZINESTP","2025","2025","01","2","26002"
"6","5415-MAGAZINESTP","2025","2025","01","3","17475"
"6","5415-MAGAZINESTP","2025","2025","01","4","18290"
"6","5415-MAGAZINESTP","2025","2025","01","5","20263"
"6","5415-MAGAZINESTP","2025","2025","01","6","13819"
"6","5415-MAGAZINESTP","2025","2025","01","7","10931"
"6","5415-MAGAZINESTP","2025","2025","01","8","11404"
"6","5415-MAGAZINESTP","2025","2025","01","9","10977"
"6","5415-MAGAZINESTP","2025","2025","01","10","18322"
"6","5415-MAGAZINESTP","2025","2025","01","11","22756"
"6","5415-MAGAZINESTP","2025","2025","01","12","62334"
"3","1648-GENTILLYBDP","2025","2025","05","1","1500"
"3","1648-GENTILLYBDP","2025","2025","05","2","1500"
"3","1648-GENTILLYBDP","2025","2025","05","3","1500"
"3","1648-GENTILLYBDP","2025","2025","05","4","1500"
"3","1648-GENTILLYBDP","2025","2025","05","5","1500"
"3","1648-GENTILLYBDP","2025","2025","05","6","1500"
"3","1648-GENTILLYBDP","2025","2025","05","7","1500"
"3","1648-GENTILLYBDP","2025","2025","05","8","1500"
"3","1648-GENTILLYBDP","2025","2025","05","9","1500"
"3","1648-GENTILLYBDP","2025","2025","05","10","1500"
"3","1648-GENTILLYBDP","2025","2025","05","11","1500"
"3","1648-GENTILLYBDP","2025","2025","05","12","1500"
"6","5423-MAGAZINESTP","2025","2025","01","1","50500"
"6","5423-MAGAZINESTP","2025","2025","01","2","52390"
"6","5423-MAGAZINESTP","2025","2025","01","3","52390"
"6","5423-MAGAZINESTP","2025","2025","01","4","52390"
"6","5423-MAGAZINESTP","2025","2025","01","5","52390"
"6","5423-MAGAZINESTP","2025","2025","01","6","52390"
"6","5423-MAGAZINESTP","2025","2025","01","7","52390"
"6","5423-MAGAZINESTP","2025","2025","01","8","52390"
"6","5423-MAGAZINESTP","2025","2025","01","9","52390"
"6","5423-MAGAZINESTP","2025","2025","01","10","52390"
"6","5423-MAGAZINESTP","2025","2025","01","11","52390"
"6","5423-MAGAZINESTP","2025","2025","01","12","54280"
"1","4322-CANALSTP","2025","2025","01","1","15255"
"1","4322-CANALSTP","2025","2025","01","2","15309"
"1","4322-CANALSTP","2025","2025","01","3","14645"
"1","4322-CANALSTP","2025","2025","01","4","15696"
"1","4322-CANALSTP","2025","2025","01","5","15420"
"1","4322-CANALSTP","2025","2025","01","6","14176"
"1","4322-CANALSTP","2025","2025","01","7","14547"
"1","4322-CANALSTP","2025","2025","01","8","15602"
"1","4322-CANALSTP","2025","2025","01","9","15703"
"1","4322-CANALSTP","2025","2025","01","10","15003"
"1","4322-CANALSTP","2025","2025","01","11","14432"
"1","4322-CANALSTP","2025","2025","01","12","13939"
"1","1622-STCHARLESAVP","2025","2025","01","12","15728"
"2","631-NCARROLLTONAVP","2025","2025","01","3","3642"
"2","631-NCARROLLTONAVP","2025","2025","01","4","3042"
"2","631-NCARROLLTONAVP","2025","2025","01","5","12858"
"2","631-NCARROLLTONAVP","2025","2025","01","6","2760"
"2","631-NCARROLLTONAVP","2025","2025","01","7","536"
"2","631-NCARROLLTONAVP","2025","2025","01","8","387"
"2","631-NCARROLLTONAVP","2025","2025","01","9","365"
"2","631-NCARROLLTONAVP","2025","2025","01","10","228"
"2","631-NCARROLLTONAVP","2025","2025","01","11","2227"
"2","631-NCARROLLTONAVP","2025","2025","01","12","739"
"2","631-NCARROLLTONAVP","2025","2025","01","1","2225"
"2","631-NCARROLLTONAVP","2025","2025","01","2","1631"
"3","2061-CATONSTP","2025","2025","05","1","100"
"3","2061-CATONSTP","2025","2025","05","2","221"
"3","2061-CATONSTP","2025","2025","05","3","97"
"3","2061-CATONSTP","2025","2025","05","4","55"
"3","2061-CATONSTP","2025","2025","05","5","105"
"3","2061-CATONSTP","2025","2025","05","6","78"
"3","2061-CATONSTP","2025","2025","05","7","148"
"3","2061-CATONSTP","2025","2025","05","8","66"
"3","2061-CATONSTP","2025","2025","05","9","90"
"3","2061-CATONSTP","2025","2025","05","10","86"
"3","2061-CATONSTP","2025","2025","05","11","47"
"3","2061-CATONSTP","2025","2025","05","12","70"
"1","1153-MAGAZINESTP","2025","2025","01","1","269706"
"1","1153-MAGAZINESTP","2025","2025","01","2","258068"
"1","1153-MAGAZINESTP","2025","2025","01","3","321134"
"1","1153-MAGAZINESTP","2025","2025","01","4","326687"
"1","1153-MAGAZINESTP","2025","2025","01","5","339813"
"1","1153-MAGAZINESTP","2025","2025","01","6","344852"
"1","1153-MAGAZINESTP","2025","2025","01","7","336498"
"1","1153-MAGAZINESTP","2025","2025","01","8","322848"
"1","1153-MAGAZINESTP","2025","2025","01","9","317696"
"1","1153-MAGAZINESTP","2025","2025","01","10","302323"
"1","1153-MAGAZINESTP","2025","2025","01","11","285522"
"1","1153-MAGAZINESTP","2025","2025","01","12","279187"
"1","500-PORTOFNEWORLEANS105P","2025","2025","01","1","383614"
"1","500-PORTOFNEWORLEANS105P","2025","2025","05","1","42"
"1","500-PORTOFNEWORLEANS105P","2025","2025","01","2","378123"
"1","500-PORTOFNEWORLEANS105P","2025","2025","05","2","42"
"1","500-PORTOFNEWORLEANS105P","2025","2025","01","3","397967"
"1","500-PORTOFNEWORLEANS105P","2025","2025","05","3","42"
"1","500-PORTOFNEWORLEANS105P","2025","2025","01","4","404125"
"1","500-PORTOFNEWORLEANS105P","2025","2025","05","4","42"
"1","500-PORTOFNEWORLEANS105P","2025","2025","01","5","381856"
"1","500-PORTOFNEWORLEANS105P","2025","2025","05","5","42"
"1","500-PORTOFNEWORLEANS105P","2025","2025","01","6","346298"
"1","500-PORTOFNEWORLEANS105P","2025","2025","05","6","42"
"1","500-PORTOFNEWORLEANS105P","2025","2025","01","7","352277"
"1","500-PORTOFNEWORLEANS105P","2025","2025","05","7","42"
"1","500-PORTOFNEWORLEANS105P","2025","2025","01","8","324620"
"1","500-PORTOFNEWORLEANS105P","2025","2025","05","8","42"
"1","500-PORTOFNEWORLEANS105P","2025","2025","01","9","348443"
"1","500-PORTOFNEWORLEANS105P","2025","2025","05","9","42"
"1","500-PORTOFNEWORLEANS105P","2025","2025","01","10","401446"
"1","500-PORTOFNEWORLEANS105P","2025","2025","05","10","42"
"1","500-PORTOFNEWORLEANS105P","2025","2025","01","11","354374"
"1","500-PORTOFNEWORLEANS105P","2025","2025","05","11","42"
"1","500-PORTOFNEWORLEANS105P","2025","2025","01","12","284029"
"1","500-PORTOFNEWORLEANS105P","2025","2025","05","12","42"
"1","1100-POYDRASST1100P","2025","2025","01","6","1712"
"1","1100-POYDRASST1100P","2025","2025","01","7","13489"
"1","1100-POYDRASST1100P","2025","2025","01","11","4752"
"2","811-ROYALSTP","2025","2025","04","1","1046"
"2","811-ROYALSTP","2025","2025","04","2","693"
"2","811-ROYALSTP","2025","2025","04","3","1146"
"2","811-ROYALSTP","2025","2025","04","4","2031"
"2","811-ROYALSTP","2025","2025","04","5","424"
"2","811-ROYALSTP","2025","2025","04","6","288"
"2","811-ROYALSTP","2025","2025","04","7","566"
"2","811-ROYALSTP","2025","2025","04","8","1304"
"2","811-ROYALSTP","2025","2025","04","9","602"
"2","811-ROYALSTP","2025","2025","04","10","808"
"2","811-ROYALSTP","2025","2025","04","11","634"
"2","811-ROYALSTP","2025","2025","04","12","697"
"3","14500-HAYNEBDFP","2025","2025","99","12","16947"
"6","3935-MAGAZINESTP","2025","2025","04","1","1259"
"6","3935-MAGAZINESTP","2025","2025","04","2","803"
"6","3935-MAGAZINESTP","2025","2025","04","3","912"
"6","3935-MAGAZINESTP","2025","2025","04","4","515"
"6","3935-MAGAZINESTP","2025","2025","04","5","601"
"6","3935-MAGAZINESTP","2025","2025","04","6","1567"
"6","3935-MAGAZINESTP","2025","2025","04","7","351"
"6","3935-MAGAZINESTP","2025","2025","04","8","1212"
"6","3935-MAGAZINESTP","2025","2025","04","9","691"
"6","3935-MAGAZINESTP","2025","2025","04","10","1476"
"6","3935-MAGAZINESTP","2025","2025","04","11","2518"
"6","3935-MAGAZINESTP","2025","2025","04","12","1845"
"3","1400-NBROADSTP","2025","2025","01","1","13845"
"3","1400-NBROADSTP","2025","2025","01","2","15360"
"3","1400-NBROADSTP","2025","2025","01","3","15500"
"3","1400-NBROADSTP","2025","2025","01","4","13200"
"3","1400-NBROADSTP","2025","2025","01","5","14000"
"3","1400-NBROADSTP","2025","2025","01","6","14900"
"3","1400-NBROADSTP","2025","2025","01","7","13805"
"3","1400-NBROADSTP","2025","2025","01","8","13145"
"3","1400-NBROADSTP","2025","2025","01","9","16600"
"3","1400-NBROADSTP","2025","2025","01","10","14000"
"3","1400-NBROADSTP","2025","2025","01","11","13200"
"3","1400-NBROADSTP","2025","2025","01","12","18600"
"6","10-TULANEUP","2025","2025","05","1","1"
"6","10-TULANEUP","2025","2025","05","8","2"
"6","10-TULANEUP","2025","2025","05","9","56"
"6","10-TULANEUP","2025","2025","05","10","54"
"6","10-TULANEUP","2025","2025","05","11","150"
"6","10-TULANEUP","2025","2025","05","12","6"
"4","1010-STMARYST2P","2025","2025","01","1","925167"
"4","1010-STMARYST2P","2025","2025","01","2","945679"
"4","1010-STMARYST2P","2025","2025","01","3","954326"
"4","1010-STMARYST2P","2025","2025","01","4","992864"
"4","1010-STMARYST2P","2025","2025","01","5","973086"
"4","1010-STMARYST2P","2025","2025","01","6","932578"
"4","1010-STMARYST2P","2025","2025","01","7","945104"
"4","1010-STMARYST2P","2025","2025","01","8","892033"
"4","1010-STMARYST2P","2025","2025","01","9","961910"
"4","1010-STMARYST2P","2025","2025","01","10","983555"
"4","1010-STMARYST2P","2025","2025","01","11","948310"
"4","1010-STMARYST2P","2025","2025","01","12","961608"
"2","910-ROYALSTP","2025","2025","04","1","13700"
"2","910-ROYALSTP","2025","2025","04","2","13700"
"2","910-ROYALSTP","2025","2025","04","3","13700"
"2","910-ROYALSTP","2025","2025","04","4","13700"
"2","910-ROYALSTP","2025","2025","04","5","13700"
"2","910-ROYALSTP","2025","2025","04","6","13700"
"2","910-ROYALSTP","2025","2025","04","7","13700"
"2","910-ROYALSTP","2025","2025","04","8","13700"
"2","910-ROYALSTP","2025","2025","04","9","13700"
"2","910-ROYALSTP","2025","2025","04","10","13700"
"2","910-ROYALSTP","2025","2025","04","11","13700"
"2","910-ROYALSTP","2025","2025","04","12","13700"
"2","333-CANALPL120P","2025","2025","01","1","11050"
"2","333-CANALPL120P","2025","2025","01","2","10400"
"2","333-CANALPL120P","2025","2025","01","3","11000"
"2","333-CANALPL120P","2025","2025","01","4","11100"
"2","333-CANALPL120P","2025","2025","01","5","10700"
"2","333-CANALPL120P","2025","2025","01","6","11100"
"2","333-CANALPL120P","2025","2025","01","7","10000"
"2","333-CANALPL120P","2025","2025","01","8","11000"
"2","333-CANALPL120P","2025","2025","01","9","11300"
"2","333-CANALPL120P","2025","2025","01","10","12000"
"2","333-CANALPL120P","2025","2025","01","11","12200"
"2","333-CANALPL120P","2025","2025","01","12","14100"
"7","141-WHARRISONAVEP","2025","2025","01","1","100"
"7","141-WHARRISONAVEP","2025","2025","01","2","100"
"7","141-WHARRISONAVEP","2025","2025","01","3","200"
"7","141-WHARRISONAVEP","2025","2025","01","6","200"
"7","141-WHARRISONAVEP","2025","2025","01","8","200"
"7","141-WHARRISONAVEP","2025","2025","01","10","100"
"7","141-WHARRISONAVEP","2025","2025","01","12","100"
"2","949-NRENDONSTP","2025","2025","01","1","5000"
"2","949-NRENDONSTP","2025","2025","01","2","5000"
"2","949-NRENDONSTP","2025","2025","01","3","5000"
"2","949-NRENDONSTP","2025","2025","01","4","5000"
"2","949-NRENDONSTP","2025","2025","01","5","5000"
"2","949-NRENDONSTP","2025","2025","01","6","5000"
"2","949-NRENDONSTP","2025","2025","01","7","5000"
"2","949-NRENDONSTP","2025","2025","01","8","5000"
"2","949-NRENDONSTP","2025","2025","01","9","5000"
"2","949-NRENDONSTP","2025","2025","01","10","5000"
"2","949-NRENDONSTP","2025","2025","01","11","5000"
"2","949-NRENDONSTP","2025","2025","01","12","5000"
"3","3041-NRAMPARTSTP","2025","2025","01","1","47804"
"3","3041-NRAMPARTSTP","2025","2025","05","1","373"
"3","3041-NRAMPARTSTP","2025","2025","01","2","45467"
"3","3041-NRAMPARTSTP","2025","2025","05","2","363"
"3","3041-NRAMPARTSTP","2025","2025","01","3","53475"
"3","3041-NRAMPARTSTP","2025","2025","05","3","990"
"3","3041-NRAMPARTSTP","2025","2025","01","4","47608"
"3","3041-NRAMPARTSTP","2025","2025","05","4","749"
"3","3041-NRAMPARTSTP","2025","2025","01","5","49347"
"3","3041-NRAMPARTSTP","2025","2025","05","5","504"
"3","3041-NRAMPARTSTP","2025","2025","01","6","43276"
"3","3041-NRAMPARTSTP","2025","2025","05","6","601"
"3","3041-NRAMPARTSTP","2025","2025","01","7","45459"
"3","3041-NRAMPARTSTP","2025","2025","05","7","25"
"3","3041-NRAMPARTSTP","2025","2025","01","8","33739"
"3","3041-NRAMPARTSTP","2025","2025","05","8","619"
"3","3041-NRAMPARTSTP","2025","2025","01","9","44305"
"3","3041-NRAMPARTSTP","2025","2025","01","10","42009"
"3","3041-NRAMPARTSTP","2025","2025","05","10","190"
"3","3041-NRAMPARTSTP","2025","2025","01","11","34808"
"3","3041-NRAMPARTSTP","2025","2025","01","12","53422"
"3","3041-NRAMPARTSTP","2025","2025","05","12","49"
"6","3525-PRYTANIAST606P","2025","2025","05","1","250"
"6","3525-PRYTANIAST606P","2025","2025","05","2","100"
"6","3525-PRYTANIAST606P","2025","2025","05","3","150"
"6","3525-PRYTANIAST606P","2025","2025","05","4","150"
"6","3525-PRYTANIAST606P","2025","2025","05","5","100"
"6","3525-PRYTANIAST606P","2025","2025","05","6","200"
"6","3525-PRYTANIAST606P","2025","2025","05","7","150"
"6","3525-PRYTANIAST606P","2025","2025","05","8","100"
"6","3525-PRYTANIAST606P","2025","2025","05","9","250"
"6","3525-PRYTANIAST606P","2025","2025","05","10","150"
"6","3525-PRYTANIAST606P","2025","2025","05","11","100"
"6","3525-PRYTANIAST606P","2025","2025","05","12","200"
"2","4905-CANALSTP","2025","2025","01","1","16397"
"2","4905-CANALSTP","2025","2025","01","12","12563"
"3","14500-HAYNEBDP","2025","2025","05","1","5265"
"3","14500-HAYNEBDP","2025","2025","05","2","5265"
"3","14500-HAYNEBDP","2025","2025","05","3","5265"
"3","14500-HAYNEBDP","2025","2025","05","4","5265"
"3","14500-HAYNEBDP","2025","2025","05","5","5265"
"3","14500-HAYNEBDP","2025","2025","05","6","5265"
"3","14500-HAYNEBDP","2025","2025","05","7","5265"
"3","14500-HAYNEBDP","2025","2025","05","8","5265"
"3","14500-HAYNEBDP","2025","2025","05","9","5265"
"3","14500-HAYNEBDP","2025","2025","05","10","5265"
"3","14500-HAYNEBDP","2025","2025","05","11","5265"
"3","14500-HAYNEBDP","2025","2025","05","12","5265"
"1","2800-PERDIDOSTP","2025","2025","99","12","5457"
"1","2800-PERDIDOSTP","2025","2025","05","12","16884"
"6","1300-ARABELLASTP","2025","2025","01","3","297632"
"6","1300-ARABELLASTP","2025","2025","01","6","320334"
"6","1300-ARABELLASTP","2025","2025","01","9","307970"
"6","1300-ARABELLASTP","2025","2025","01","12","348171"
"6","1330-ARABELLASTP","2025","2025","01","3","286514"
"6","1330-ARABELLASTP","2025","2025","01","6","292097"
"6","1330-ARABELLASTP","2025","2025","01","9","276590"
"6","1330-ARABELLASTP","2025","2025","01","12","289891"
"4","2201-MAGAZINESTP","2025","2025","01","1","45300"
"4","2201-MAGAZINESTP","2025","2025","05","1","500"
"4","2201-MAGAZINESTP","2025","2025","01","2","45300"
"4","2201-MAGAZINESTP","2025","2025","05","2","500"
"4","2201-MAGAZINESTP","2025","2025","01","3","45300"
"4","2201-MAGAZINESTP","2025","2025","05","3","500"
"4","2201-MAGAZINESTP","2025","2025","01","4","45300"
"4","2201-MAGAZINESTP","2025","2025","05","4","500"
"4","2201-MAGAZINESTP","2025","2025","01","5","45300"
"4","2201-MAGAZINESTP","2025","2025","05","5","500"
"4","2201-MAGAZINESTP","2025","2025","01","6","45300"
"4","2201-MAGAZINESTP","2025","2025","05","6","500"
"4","2201-MAGAZINESTP","2025","2025","01","7","45300"
"4","2201-MAGAZINESTP","2025","2025","05","7","500"
"4","2201-MAGAZINESTP","2025","2025","01","8","45300"
"4","2201-MAGAZINESTP","2025","2025","05","8","500"
"4","2201-MAGAZINESTP","2025","2025","01","9","45300"
"4","2201-MAGAZINESTP","2025","2025","05","9","500"
"4","2201-MAGAZINESTP","2025","2025","01","10","45300"
"4","2201-MAGAZINESTP","2025","2025","05","10","500"
"4","2201-MAGAZINESTP","2025","2025","01","11","45300"
"4","2201-MAGAZINESTP","2025","2025","05","11","500"
"4","2201-MAGAZINESTP","2025","2025","01","12","45300"
"4","2201-MAGAZINESTP","2025","2025","05","12","500"
"6","3987-TCHOUPITOULASSTP","2025","2025","01","7","1800"
"6","3987-TCHOUPITOULASSTP","2025","2025","02","7","1500"
"6","3987-TCHOUPITOULASSTP","2025","2025","05","7","800"
"6","3987-TCHOUPITOULASSTP","2025","2025","01","8","1400"
"6","3987-TCHOUPITOULASSTP","2025","2025","02","8","1750"
"6","3987-TCHOUPITOULASSTP","2025","2025","05","8","900"
"6","3987-TCHOUPITOULASSTP","2025","2025","01","9","800"
"6","3987-TCHOUPITOULASSTP","2025","2025","02","9","1500"
"6","3987-TCHOUPITOULASSTP","2025","2025","05","9","550"
"6","3987-TCHOUPITOULASSTP","2025","2025","01","10","750"
"6","3987-TCHOUPITOULASSTP","2025","2025","02","10","1775"
"6","3987-TCHOUPITOULASSTP","2025","2025","05","10","800"
"6","3987-TCHOUPITOULASSTP","2025","2025","01","11","750"
"6","3987-TCHOUPITOULASSTP","2025","2025","02","11","2225"
"6","3987-TCHOUPITOULASSTP","2025","2025","05","11","750"
"6","3987-TCHOUPITOULASSTP","2025","2025","01","12","600"
"6","3987-TCHOUPITOULASSTP","2025","2025","02","12","1775"
"6","3987-TCHOUPITOULASSTP","2025","2025","05","12","800"
"5","4001-GENDEGAULLEDRBP","2025","2025","01","1","220"
"5","4001-GENDEGAULLEDRBP","2025","2025","01","2","200"
"5","4001-GENDEGAULLEDRBP","2025","2025","01","3","190"
"5","4001-GENDEGAULLEDRBP","2025","2025","01","4","198"
"5","4001-GENDEGAULLEDRBP","2025","2025","01","5","200"
"5","4001-GENDEGAULLEDRBP","2025","2025","01","6","210"
"5","4001-GENDEGAULLEDRBP","2025","2025","01","7","200"
"5","4001-GENDEGAULLEDRBP","2025","2025","01","8","205"
"5","4001-GENDEGAULLEDRBP","2025","2025","01","9","195"
"5","4001-GENDEGAULLEDRBP","2025","2025","01","10","198"
"5","4001-GENDEGAULLEDRBP","2025","2025","01","11","200"
"5","4001-GENDEGAULLEDRBP","2025","2025","01","12","205"
"6","2521-JENASTP","2025","2025","02","1","63628"
"6","2521-JENASTP","2025","2025","02","2","59008"
"6","2521-JENASTP","2025","2025","02","3","66428"
"6","2521-JENASTP","2025","2025","02","4","71890"
"6","2521-JENASTP","2025","2025","02","5","59914"
"6","2521-JENASTP","2025","2025","02","6","51164"
"6","2521-JENASTP","2025","2025","02","7","48967"
"6","2521-JENASTP","2025","2025","02","8","53649"
"6","2521-JENASTP","2025","2025","02","9","52868"
"6","2521-JENASTP","2025","2025","02","10","54121"
"6","2521-JENASTP","2025","2025","02","11","53398"
"6","2521-JENASTP","2025","2025","02","12","52087"
"1","845-CARONDELETSTP","2025","2025","02","1","72531"
"1","845-CARONDELETSTP","2025","2025","02","2","81236"
"1","845-CARONDELETSTP","2025","2025","02","3","91444"
"1","845-CARONDELETSTP","2025","2025","02","4","110884"
"1","845-CARONDELETSTP","2025","2025","02","5","140598"
"1","845-CARONDELETSTP","2025","2025","02","6","103052"
"1","845-CARONDELETSTP","2025","2025","02","7","90045"
"1","845-CARONDELETSTP","2025","2025","02","8","78483"
"1","845-CARONDELETSTP","2025","2025","02","9","73710"
"1","845-CARONDELETSTP","2025","2025","02","10","99947"
"1","845-CARONDELETSTP","2025","2025","02","11","80033"
"1","845-CARONDELETSTP","2025","2025","02","12","77373"
"2","216-CHARTRESSTP","2025","2025","01","1","33315"
"2","216-CHARTRESSTP","2025","2025","01","2","58269"
"2","216-CHARTRESSTP","2025","2025","01","3","84865"
"2","216-CHARTRESSTP","2025","2025","01","4","74051"
"2","216-CHARTRESSTP","2025","2025","01","5","69932"
"2","216-CHARTRESSTP","2025","2025","01","6","35035"
"2","216-CHARTRESSTP","2025","2025","01","7","58933"
"2","216-CHARTRESSTP","2025","2025","01","8","49644"
"2","216-CHARTRESSTP","2025","2025","01","9","47044"
"2","216-CHARTRESSTP","2025","2025","01","10","51596"
"2","216-CHARTRESSTP","2025","2025","01","11","49075"
"2","216-CHARTRESSTP","2025","2025","01","12","47582"
"3","5001-CHEFMENTEURHWP","2025","2025","01","1","1500"
"3","5001-CHEFMENTEURHWP","2025","2025","01","2","1500"
"3","5001-CHEFMENTEURHWP","2025","2025","01","3","1500"
"3","5001-CHEFMENTEURHWP","2025","2025","01","4","1500"
"3","5001-CHEFMENTEURHWP","2025","2025","01","5","1500"
"3","5001-CHEFMENTEURHWP","2025","2025","01","6","1500"
"3","5001-CHEFMENTEURHWP","2025","2025","01","7","1500"
"3","5001-CHEFMENTEURHWP","2025","2025","01","8","1500"
"3","5001-CHEFMENTEURHWP","2025","2025","01","9","1500"
"3","5001-CHEFMENTEURHWP","2025","2025","01","10","1500"
"3","5001-CHEFMENTEURHWP","2025","2025","01","11","1500"
"3","5001-CHEFMENTEURHWP","2025","2025","01","12","1500"
"3","3140-EADSSTP","2025","2025","01","1","1391489"
"3","3140-EADSSTP","2025","2025","01","2","1254751"
"3","3140-EADSSTP","2025","2025","01","3","1274243"
"3","3140-EADSSTP","2025","2025","01","4","1162405"
"3","3140-EADSSTP","2025","2025","01","5","1242382"
"3","3140-EADSSTP","2025","2025","01","6","1271089"
"3","3140-EADSSTP","2025","2025","01","7","1340131"
"3","3140-EADSSTP","2025","2025","01","8","1087313"
"3","3140-EADSSTP","2025","2025","01","9","1217313"
"3","3140-EADSSTP","2025","2025","01","10","1210257"
"3","3140-EADSSTP","2025","2025","01","11","1313236"
"3","3140-EADSSTP","2025","2025","01","12","1261301"
"2","130-HARRISONAVP","2025","2025","01","1","11042"
"2","130-HARRISONAVP","2025","2025","01","2","11042"
"2","130-HARRISONAVP","2025","2025","01","3","11042"
"2","130-HARRISONAVP","2025","2025","01","4","11042"
"2","130-HARRISONAVP","2025","2025","01","5","11042"
"2","130-HARRISONAVP","2025","2025","01","6","11042"
"2","130-HARRISONAVP","2025","2025","01","7","11042"
"2","130-HARRISONAVP","2025","2025","01","8","11042"
"2","130-HARRISONAVP","2025","2025","01","9","11042"
"2","130-HARRISONAVP","2025","2025","01","10","11042"
"2","130-HARRISONAVP","2025","2025","01","11","11042"
"2","130-HARRISONAVP","2025","2025","01","12","11042"
"2","533-STANNSTP","2025","2025","01","1","28685"
"2","533-STANNSTP","2025","2025","01","2","26289"
"2","533-STANNSTP","2025","2025","01","3","24796"
"2","533-STANNSTP","2025","2025","01","4","22753"
"2","533-STANNSTP","2025","2025","01","5","20489"
"2","533-STANNSTP","2025","2025","01","6","19596"
"2","533-STANNSTP","2025","2025","01","7","17589"
"2","533-STANNSTP","2025","2025","01","8","15963"
"2","533-STANNSTP","2025","2025","01","9","16496"
"2","533-STANNSTP","2025","2025","01","10","17652"
"2","533-STANNSTP","2025","2025","01","11","18798"
"2","533-STANNSTP","2025","2025","01","12","26634"
"3","14301-CHEFMENTEURHWCP","2025","2025","01","1","20540"
"3","14301-CHEFMENTEURHWCP","2025","2025","01","2","18410"
"3","14301-CHEFMENTEURHWCP","2025","2025","01","3","16350"
"3","14301-CHEFMENTEURHWCP","2025","2025","01","4","18440"
"3","14301-CHEFMENTEURHWCP","2025","2025","01","5","17650"
"3","14301-CHEFMENTEURHWCP","2025","2025","01","6","15250"
"3","14301-CHEFMENTEURHWCP","2025","2025","01","7","15940"
"3","14301-CHEFMENTEURHWCP","2025","2025","01","8","16320"
"3","14301-CHEFMENTEURHWCP","2025","2025","01","9","17240"
"3","14301-CHEFMENTEURHWCP","2025","2025","01","10","18285"
"3","14301-CHEFMENTEURHWCP","2025","2025","01","11","19840"
"3","14301-CHEFMENTEURHWCP","2025","2025","01","12","21750"
"3","14301-CHEFMENTEURHW3P","2025","2025","01","1","19550"
"3","14301-CHEFMENTEURHW3P","2025","2025","01","2","20540"
"3","14301-CHEFMENTEURHW3P","2025","2025","01","3","18740"
"3","14301-CHEFMENTEURHW3P","2025","2025","01","4","17860"
"3","14301-CHEFMENTEURHW3P","2025","2025","01","5","17220"
"3","14301-CHEFMENTEURHW3P","2025","2025","01","6","16410"
"3","14301-CHEFMENTEURHW3P","2025","2025","01","7","15560"
"3","14301-CHEFMENTEURHW3P","2025","2025","01","8","16890"
"3","14301-CHEFMENTEURHW3P","2025","2025","01","9","18410"
"3","14301-CHEFMENTEURHW3P","2025","2025","01","10","19390"
"3","14301-CHEFMENTEURHW3P","2025","2025","01","11","21455"
"3","14301-CHEFMENTEURHW3P","2025","2025","01","12","22610"
"3","3933-STCLAUDEAVP","2025","2025","01","1","20540"
"3","3933-STCLAUDEAVP","2025","2025","01","2","21250"
"3","3933-STCLAUDEAVP","2025","2025","01","3","21860"
"3","3933-STCLAUDEAVP","2025","2025","01","4","22740"
"3","3933-STCLAUDEAVP","2025","2025","01","5","20510"
"3","3933-STCLAUDEAVP","2025","2025","01","6","18620"
"3","3933-STCLAUDEAVP","2025","2025","01","7","19630"
"3","3933-STCLAUDEAVP","2025","2025","01","8","20370"
"3","3933-STCLAUDEAVP","2025","2025","01","9","21590"
"3","3933-STCLAUDEAVP","2025","2025","01","10","23100"
"3","3933-STCLAUDEAVP","2025","2025","01","11","24280"
"3","3933-STCLAUDEAVP","2025","2025","01","12","25610"
"3","4520-DOWNMANRDP","2025","2025","01","1","6850"
"3","4520-DOWNMANRDP","2025","2025","01","2","6940"
"3","4520-DOWNMANRDP","2025","2025","01","3","7240"
"3","4520-DOWNMANRDP","2025","2025","01","4","7550"
"3","4520-DOWNMANRDP","2025","2025","01","5","6150"
"3","4520-DOWNMANRDP","2025","2025","01","6","6470"
"3","4520-DOWNMANRDP","2025","2025","01","7","6380"
"3","4520-DOWNMANRDP","2025","2025","01","8","5950"
"3","4520-DOWNMANRDP","2025","2025","01","9","5810"
"3","4520-DOWNMANRDP","2025","2025","01","10","5770"
"3","4520-DOWNMANRDP","2025","2025","01","11","6120"
"3","4520-DOWNMANRDP","2025","2025","01","12","6320"
"3","2020-NCLAIBORNEAVP","2025","2025","01","1","8550"
"3","2020-NCLAIBORNEAVP","2025","2025","01","2","8410"
"3","2020-NCLAIBORNEAVP","2025","2025","01","3","8690"
"3","2020-NCLAIBORNEAVP","2025","2025","01","4","8320"
"3","2020-NCLAIBORNEAVP","2025","2025","01","5","7985"
"3","2020-NCLAIBORNEAVP","2025","2025","01","6","7660"
"3","2020-NCLAIBORNEAVP","2025","2025","01","7","7840"
"3","2020-NCLAIBORNEAVP","2025","2025","01","8","7220"
"3","2020-NCLAIBORNEAVP","2025","2025","01","9","7650"
"3","2020-NCLAIBORNEAVP","2025","2025","01","10","7880"
"3","2020-NCLAIBORNEAVP","2025","2025","01","11","8740"
"3","2020-NCLAIBORNEAVP","2025","2025","01","12","8820"
"2","1125-NBROADSTP","2025","2025","05","1","5260"
"2","1125-NBROADSTP","2025","2025","05","2","4510"
"2","1125-NBROADSTP","2025","2025","05","3","4680"
"2","1125-NBROADSTP","2025","2025","05","4","5080"
"2","1125-NBROADSTP","2025","2025","05","5","4530"
"2","1125-NBROADSTP","2025","2025","05","6","4140"
"2","1125-NBROADSTP","2025","2025","05","7","4230"
"2","1125-NBROADSTP","2025","2025","05","8","4050"
"2","1125-NBROADSTP","2025","2025","05","9","4390"
"2","1125-NBROADSTP","2025","2025","05","10","4470"
"2","1125-NBROADSTP","2025","2025","05","11","4990"
"2","1125-NBROADSTP","2025","2025","05","12","5370"
"2","52-FRENCHMRKTVENDORSP","2025","2025","01","1","2564"
"2","52-FRENCHMRKTVENDORSP","2025","2025","01","2","2589"
"2","52-FRENCHMRKTVENDORSP","2025","2025","01","3","2659"
"2","52-FRENCHMRKTVENDORSP","2025","2025","01","4","2659"
"2","52-FRENCHMRKTVENDORSP","2025","2025","01","5","2354"
"2","52-FRENCHMRKTVENDORSP","2025","2025","01","6","2354"
"2","52-FRENCHMRKTVENDORSP","2025","2025","01","7","2547"
"2","52-FRENCHMRKTVENDORSP","2025","2025","01","8","2348"
"2","52-FRENCHMRKTVENDORSP","2025","2025","01","9","2356"
"2","52-FRENCHMRKTVENDORSP","2025","2025","01","10","2356"
"2","52-FRENCHMRKTVENDORSP","2025","2025","01","11","2897"
"2","52-FRENCHMRKTVENDORSP","2025","2025","01","12","2564"
"1","901-POYDRASSTP","2025","2025","05","1","125"
"1","901-POYDRASSTP","2025","2025","05","2","125"
"1","901-POYDRASSTP","2025","2025","05","3","125"
"1","901-POYDRASSTP","2025","2025","05","4","125"
"1","901-POYDRASSTP","2025","2025","05","5","125"
"1","901-POYDRASSTP","2025","2025","05","6","125"
"1","901-POYDRASSTP","2025","2025","05","7","125"
"1","901-POYDRASSTP","2025","2025","05","8","125"
"1","901-POYDRASSTP","2025","2025","05","9","125"
"1","901-POYDRASSTP","2025","2025","05","10","125"
"1","901-POYDRASSTP","2025","2025","05","11","125"
"1","901-POYDRASSTP","2025","2025","05","12","125"
"7","8180-EARHARTBDP","2025","2025","01","12","555769"
"4","2801-MAGAZINEST3P","2025","2025","01","12","139783"
"6","5130-FRERETSTP","2025","2025","02","1","22978"
"6","5130-FRERETSTP","2025","2025","02","2","16042"
"6","5130-FRERETSTP","2025","2025","02","3","61022"
"6","5130-FRERETSTP","2025","2025","02","4","27914"
"6","5130-FRERETSTP","2025","2025","02","5","53905"
"6","5130-FRERETSTP","2025","2025","02","6","38940"
"6","5130-FRERETSTP","2025","2025","02","7","28814"
"6","5130-FRERETSTP","2025","2025","02","8","58338"
"6","5130-FRERETSTP","2025","2025","02","9","34875"
"6","5130-FRERETSTP","2025","2025","02","10","44168"
"6","5130-FRERETSTP","2025","2025","02","11","21843"
"6","5130-FRERETSTP","2025","2025","02","12","28834"
"6","1039-BROADWAYSTBP","2025","2025","02","1","5298"
"6","1039-BROADWAYSTBP","2025","2025","02","2","7387"
"6","1039-BROADWAYSTBP","2025","2025","02","3","6271"
"6","1039-BROADWAYSTBP","2025","2025","02","4","6517"
"6","1039-BROADWAYSTBP","2025","2025","02","5","6353"
"6","1039-BROADWAYSTBP","2025","2025","02","6","6853"
"6","1039-BROADWAYSTBP","2025","2025","02","7","7713"
"6","1039-BROADWAYSTBP","2025","2025","02","8","6722"
"6","1039-BROADWAYSTBP","2025","2025","02","9","6232"
"6","1039-BROADWAYSTBP","2025","2025","02","10","9993"
"6","1039-BROADWAYSTBP","2025","2025","02","11","13754"
"6","1039-BROADWAYSTBP","2025","2025","02","12","12706"
"3","2034-AGRICULTURESTP","2025","2025","02","1","187175"
"3","2034-AGRICULTURESTP","2025","2025","02","2","163450"
"3","2034-AGRICULTURESTP","2025","2025","02","3","188207"
"3","2034-AGRICULTURESTP","2025","2025","02","4","188918"
"3","2034-AGRICULTURESTP","2025","2025","02","5","173926"
"3","2034-AGRICULTURESTP","2025","2025","02","6","199331"
"3","2034-AGRICULTURESTP","2025","2025","02","7","181974"
"3","2034-AGRICULTURESTP","2025","2025","02","8","198993"
"3","2034-AGRICULTURESTP","2025","2025","02","9","152669"
"3","2034-AGRICULTURESTP","2025","2025","02","10","155334"
"3","2034-AGRICULTURESTP","2025","2025","02","11","164143"
"3","2034-AGRICULTURESTP","2025","2025","02","12","135521"
"3","4039-LOUISASTP","2025","2025","01","1","9118"
"3","4039-LOUISASTP","2025","2025","01","2","8745"
"3","4039-LOUISASTP","2025","2025","01","3","8256"
"3","4039-LOUISASTP","2025","2025","01","4","8545"
"3","4039-LOUISASTP","2025","2025","01","5","8740"
"3","4039-LOUISASTP","2025","2025","01","6","9620"
"3","4039-LOUISASTP","2025","2025","01","7","8941"
"3","4039-LOUISASTP","2025","2025","01","8","9230"
"3","4039-LOUISASTP","2025","2025","01","9","9625"
"3","4039-LOUISASTP","2025","2025","01","10","9775"
"3","4039-LOUISASTP","2025","2025","01","11","8625"
"3","4039-LOUISASTP","2025","2025","01","12","9240"
"3","5609-READBDP","2025","2025","05","1","4550"
"3","5609-READBDP","2025","2025","05","2","4810"
"3","5609-READBDP","2025","2025","05","3","5240"
"3","5609-READBDP","2025","2025","05","4","5360"
"3","5609-READBDP","2025","2025","05","5","4680"
"3","5609-READBDP","2025","2025","05","6","4395"
"3","5609-READBDP","2025","2025","05","7","4140"
"3","5609-READBDP","2025","2025","05","8","4360"
"3","5609-READBDP","2025","2025","05","9","4890"
"3","5609-READBDP","2025","2025","05","10","5085"
"3","5609-READBDP","2025","2025","05","11","5250"
"3","5609-READBDP","2025","2025","05","12","5475"
"3","1782-NDORGENOISSTP","2025","2025","05","1","5450"
"3","1782-NDORGENOISSTP","2025","2025","05","2","5940"
"3","1782-NDORGENOISSTP","2025","2025","05","3","5710"
"3","1782-NDORGENOISSTP","2025","2025","05","4","5690"
"3","1782-NDORGENOISSTP","2025","2025","05","5","5340"
"3","1782-NDORGENOISSTP","2025","2025","05","6","5150"
"3","1782-NDORGENOISSTP","2025","2025","05","7","5065"
"3","1782-NDORGENOISSTP","2025","2025","05","8","4890"
"3","1782-NDORGENOISSTP","2025","2025","05","9","4915"
"3","1782-NDORGENOISSTP","2025","2025","05","10","5115"
"3","1782-NDORGENOISSTP","2025","2025","05","11","5470"
"3","1782-NDORGENOISSTP","2025","2025","05","12","5695"
"5","3600-MACARTHURBD6P","2025","2025","05","1","4850"
"5","3600-MACARTHURBD6P","2025","2025","05","2","5640"
"5","3600-MACARTHURBD6P","2025","2025","05","3","5735"
"5","3600-MACARTHURBD6P","2025","2025","05","4","5460"
"5","3600-MACARTHURBD6P","2025","2025","05","5","5180"
"5","3600-MACARTHURBD6P","2025","2025","05","6","4680"
"5","3600-MACARTHURBD6P","2025","2025","05","7","4710"
"5","3600-MACARTHURBD6P","2025","2025","05","8","4540"
"5","3600-MACARTHURBD6P","2025","2025","05","9","4920"
"5","3600-MACARTHURBD6P","2025","2025","05","10","5375"
"5","3600-MACARTHURBD6P","2025","2025","05","11","5590"
"5","3600-MACARTHURBD6P","2025","2025","05","12","6050"
"3","14207-CHEFMENTEURHW4P","2025","2025","05","1","5480"
"3","14207-CHEFMENTEURHW4P","2025","2025","05","2","5690"
"3","14207-CHEFMENTEURHW4P","2025","2025","05","3","5745"
"3","14207-CHEFMENTEURHW4P","2025","2025","05","4","5650"
"3","14207-CHEFMENTEURHW4P","2025","2025","05","5","5280"
"3","14207-CHEFMENTEURHW4P","2025","2025","05","6","5110"
"3","14207-CHEFMENTEURHW4P","2025","2025","05","7","5175"
"3","14207-CHEFMENTEURHW4P","2025","2025","05","8","4830"
"3","14207-CHEFMENTEURHW4P","2025","2025","05","9","4480"
"3","14207-CHEFMENTEURHW4P","2025","2025","05","10","4265"
"3","14207-CHEFMENTEURHW4P","2025","2025","05","11","4940"
"3","14207-CHEFMENTEURHW4P","2025","2025","05","12","5615"
"3","7342-CHEFMENTEURHWP","2025","2025","01","1","6105"
"3","7342-CHEFMENTEURHWP","2025","2025","01","2","5890"
"3","7342-CHEFMENTEURHWP","2025","2025","01","3","5740"
"3","7342-CHEFMENTEURHWP","2025","2025","01","4","5250"
"3","7342-CHEFMENTEURHWP","2025","2025","01","5","5185"
"3","7342-CHEFMENTEURHWP","2025","2025","01","6","4660"
"3","7342-CHEFMENTEURHWP","2025","2025","01","7","4510"
"3","7342-CHEFMENTEURHWP","2025","2025","01","8","4775"
"3","7342-CHEFMENTEURHWP","2025","2025","01","9","5050"
"3","7342-CHEFMENTEURHWP","2025","2025","01","10","5275"
"3","7342-CHEFMENTEURHWP","2025","2025","01","11","5240"
"3","7342-CHEFMENTEURHWP","2025","2025","01","12","5315"
"4","2730-SBROADSTP","2025","2025","05","1","12540"
"4","2730-SBROADSTP","2025","2025","05","2","14520"
"4","2730-SBROADSTP","2025","2025","05","3","18740"
"4","2730-SBROADSTP","2025","2025","05","4","16480"
"4","2730-SBROADSTP","2025","2025","05","5","15630"
"4","2730-SBROADSTP","2025","2025","05","6","14990"
"4","2730-SBROADSTP","2025","2025","05","7","12805"
"4","2730-SBROADSTP","2025","2025","05","8","11450"
"4","2730-SBROADSTP","2025","2025","05","9","10650"
"4","2730-SBROADSTP","2025","2025","05","10","12205"
"4","2730-SBROADSTP","2025","2025","05","11","13740"
"4","2730-SBROADSTP","2025","2025","05","12","16840"
"7","612-SCARROLLTONAVP","2025","2025","05","1","4855"
"7","612-SCARROLLTONAVP","2025","2025","05","2","4518"
"7","612-SCARROLLTONAVP","2025","2025","05","3","4326"
"7","612-SCARROLLTONAVP","2025","2025","05","4","4540"
"7","612-SCARROLLTONAVP","2025","2025","05","5","4280"
"7","612-SCARROLLTONAVP","2025","2025","05","6","4070"
"7","612-SCARROLLTONAVP","2025","2025","05","7","3890"
"7","612-SCARROLLTONAVP","2025","2025","05","8","3940"
"7","612-SCARROLLTONAVP","2025","2025","05","9","4250"
"7","612-SCARROLLTONAVP","2025","2025","05","10","4065"
"7","612-SCARROLLTONAVP","2025","2025","05","11","4555"
"7","612-SCARROLLTONAVP","2025","2025","05","12","4710"
"1","114-BARONNESTP","2025","2025","01","1","5000"
"1","114-BARONNESTP","2025","2025","01","2","3000"
"1","114-BARONNESTP","2025","2025","01","3","2300"
"1","114-BARONNESTP","2025","2025","01","4","2000"
"1","114-BARONNESTP","2025","2025","01","5","2500"
"1","114-BARONNESTP","2025","2025","01","6","2000"
"1","114-BARONNESTP","2025","2025","01","7","1700"
"1","114-BARONNESTP","2025","2025","01","8","1000"
"1","114-BARONNESTP","2025","2025","01","9","1000"
"1","114-BARONNESTP","2025","2025","01","10","2300"
"1","114-BARONNESTP","2025","2025","01","11","2500"
"1","114-BARONNESTP","2025","2025","01","12","2500"
"7","3301-SCARROLLTONAVP","2025","2025","05","1","15840"
"7","3301-SCARROLLTONAVP","2025","2025","05","2","18420"
"7","3301-SCARROLLTONAVP","2025","2025","05","3","20620"
"7","3301-SCARROLLTONAVP","2025","2025","05","4","21550"
"7","3301-SCARROLLTONAVP","2025","2025","05","5","18740"
"7","3301-SCARROLLTONAVP","2025","2025","05","6","16650"
"7","3301-SCARROLLTONAVP","2025","2025","05","7","15320"
"7","3301-SCARROLLTONAVP","2025","2025","05","8","17490"
"7","3301-SCARROLLTONAVP","2025","2025","05","9","16230"
"7","3301-SCARROLLTONAVP","2025","2025","05","10","17780"
"7","3301-SCARROLLTONAVP","2025","2025","05","11","19250"
"7","3301-SCARROLLTONAVP","2025","2025","05","12","20255"
"3","9623-CHEFMENTEURHWP","2025","2025","05","1","820"
"3","9623-CHEFMENTEURHWP","2025","2025","05","2","840"
"3","9623-CHEFMENTEURHWP","2025","2025","05","3","865"
"3","9623-CHEFMENTEURHWP","2025","2025","05","4","795"
"3","9623-CHEFMENTEURHWP","2025","2025","05","5","750"
"3","9623-CHEFMENTEURHWP","2025","2025","05","6","725"
"3","9623-CHEFMENTEURHWP","2025","2025","05","7","705"
"3","9623-CHEFMENTEURHWP","2025","2025","05","8","685"
"3","9623-CHEFMENTEURHWP","2025","2025","05","9","670"
"3","9623-CHEFMENTEURHWP","2025","2025","05","10","840"
"3","9623-CHEFMENTEURHWP","2025","2025","05","11","960"
"3","9623-CHEFMENTEURHWP","2025","2025","05","12","1215"
"6","3733-SCLAIBORNEAVP","2025","2025","01","1","14620"
"6","3733-SCLAIBORNEAVP","2025","2025","01","2","15180"
"6","3733-SCLAIBORNEAVP","2025","2025","01","3","14745"
"6","3733-SCLAIBORNEAVP","2025","2025","01","4","14390"
"6","3733-SCLAIBORNEAVP","2025","2025","01","5","13150"
"6","3733-SCLAIBORNEAVP","2025","2025","01","6","13840"
"6","3733-SCLAIBORNEAVP","2025","2025","01","7","13990"
"6","3733-SCLAIBORNEAVP","2025","2025","01","8","14705"
"6","3733-SCLAIBORNEAVP","2025","2025","01","9","15560"
"6","3733-SCLAIBORNEAVP","2025","2025","01","10","16180"
"6","3733-SCLAIBORNEAVP","2025","2025","01","11","16275"
"6","3733-SCLAIBORNEAVP","2025","2025","01","12","18140"
"4","2005-MAGAZINESTP","2025","2025","05","1","7540"
"4","2005-MAGAZINESTP","2025","2025","05","2","7870"
"4","2005-MAGAZINESTP","2025","2025","05","3","8155"
"4","2005-MAGAZINESTP","2025","2025","05","4","8260"
"4","2005-MAGAZINESTP","2025","2025","05","5","7685"
"4","2005-MAGAZINESTP","2025","2025","05","6","7440"
"4","2005-MAGAZINESTP","2025","2025","05","7","7105"
"4","2005-MAGAZINESTP","2025","2025","05","8","6560"
"4","2005-MAGAZINESTP","2025","2025","05","9","6840"
"4","2005-MAGAZINESTP","2025","2025","05","10","7335"
"4","2005-MAGAZINESTP","2025","2025","05","11","7610"
"4","2005-MAGAZINESTP","2025","2025","05","12","7990"
"3","6733-CHEFMENTEURHWP","2025","2025","01","1","25950"
"3","6733-CHEFMENTEURHWP","2025","2025","01","2","23680"
"3","6733-CHEFMENTEURHWP","2025","2025","01","3","23170"
"3","6733-CHEFMENTEURHWP","2025","2025","01","4","21280"
"3","6733-CHEFMENTEURHWP","2025","2025","01","5","20370"
"3","6733-CHEFMENTEURHWP","2025","2025","01","6","18180"
"3","6733-CHEFMENTEURHWP","2025","2025","01","7","16920"
"3","6733-CHEFMENTEURHWP","2025","2025","01","8","18450"
"3","6733-CHEFMENTEURHWP","2025","2025","01","9","19050"
"3","6733-CHEFMENTEURHWP","2025","2025","01","10","19275"
"3","6733-CHEFMENTEURHWP","2025","2025","01","11","18945"
"3","6733-CHEFMENTEURHWP","2025","2025","01","12","18780"
"3","4324-DOWNMANRD2P","2025","2025","01","1","4705"
"3","4324-DOWNMANRD2P","2025","2025","05","1","110"
"3","4324-DOWNMANRD2P","2025","2025","01","2","5110"
"3","4324-DOWNMANRD2P","2025","2025","05","2","140"
"3","4324-DOWNMANRD2P","2025","2025","01","3","3871"
"3","4324-DOWNMANRD2P","2025","2025","05","3","90"
"3","4324-DOWNMANRD2P","2025","2025","01","4","2994"
"3","4324-DOWNMANRD2P","2025","2025","05","4","75"
"3","4324-DOWNMANRD2P","2025","2025","01","5","3850"
"3","4324-DOWNMANRD2P","2025","2025","05","5","65"
"3","4324-DOWNMANRD2P","2025","2025","01","6","2540"
"3","4324-DOWNMANRD2P","2025","2025","05","6","85"
"3","4324-DOWNMANRD2P","2025","2025","01","7","2876"
"3","4324-DOWNMANRD2P","2025","2025","05","7","65"
"3","4324-DOWNMANRD2P","2025","2025","01","8","4375"
"3","4324-DOWNMANRD2P","2025","2025","05","8","55"
"3","4324-DOWNMANRD2P","2025","2025","01","9","3135"
"3","4324-DOWNMANRD2P","2025","2025","05","9","105"
"3","4324-DOWNMANRD2P","2025","2025","01","10","3388"
"3","4324-DOWNMANRD2P","2025","2025","05","10","69"
"3","4324-DOWNMANRD2P","2025","2025","01","11","3960"
"3","4324-DOWNMANRD2P","2025","2025","05","11","115"
"3","4324-DOWNMANRD2P","2025","2025","01","12","5575"
"3","4324-DOWNMANRD2P","2025","2025","05","12","125"
"5","4150-GENDEGAULLEDRP","2025","2025","02","1","20922"
"5","4150-GENDEGAULLEDRP","2025","2025","02","2","18978"
"5","4150-GENDEGAULLEDRP","2025","2025","02","3","18575"
"5","4150-GENDEGAULLEDRP","2025","2025","02","4","18930"
"5","4150-GENDEGAULLEDRP","2025","2025","02","5","18954"
"5","4150-GENDEGAULLEDRP","2025","2025","02","6","18168"
"5","4150-GENDEGAULLEDRP","2025","2025","02","7","16572"
"5","4150-GENDEGAULLEDRP","2025","2025","02","8","16829"
"5","4150-GENDEGAULLEDRP","2025","2025","02","9","17598"
"5","4150-GENDEGAULLEDRP","2025","2025","02","10","19124"
"5","4150-GENDEGAULLEDRP","2025","2025","02","11","19599"
"5","4150-GENDEGAULLEDRP","2025","2025","02","12","18761"
"1","909-POYDRASST125P","2025","2025","02","1","800"
"1","909-POYDRASST125P","2025","2025","02","2","800"
"1","909-POYDRASST125P","2025","2025","02","3","800"
"1","909-POYDRASST125P","2025","2025","02","4","800"
"1","909-POYDRASST125P","2025","2025","02","5","800"
"1","909-POYDRASST125P","2025","2025","02","6","800"
"1","909-POYDRASST125P","2025","2025","02","7","800"
"1","909-POYDRASST125P","2025","2025","02","8","800"
"1","909-POYDRASST125P","2025","2025","02","9","800"
"1","909-POYDRASST125P","2025","2025","02","10","800"
"1","909-POYDRASST125P","2025","2025","02","11","800"
"1","909-POYDRASST125P","2025","2025","02","12","800"
"6","4224-MAGAZINESTP","2025","2025","01","1","104"
"6","4224-MAGAZINESTP","2025","2025","01","2","154"
"6","4224-MAGAZINESTP","2025","2025","01","3","167"
"6","4224-MAGAZINESTP","2025","2025","01","4","147"
"6","4224-MAGAZINESTP","2025","2025","01","5","106"
"6","4224-MAGAZINESTP","2025","2025","01","6","95"
"6","4224-MAGAZINESTP","2025","2025","01","7","106"
"6","4224-MAGAZINESTP","2025","2025","01","8","98"
"6","4224-MAGAZINESTP","2025","2025","01","9","115"
"6","4224-MAGAZINESTP","2025","2025","01","10","85"
"6","4224-MAGAZINESTP","2025","2025","01","11","64"
"6","4224-MAGAZINESTP","2025","2025","01","12","59"
"2","1010-DECATURSTP","2025","2025","01","1","3050"
"2","1010-DECATURSTP","2025","2025","01","2","2000"
"2","1010-DECATURSTP","2025","2025","02","2","1200"
"2","1010-DECATURSTP","2025","2025","01","3","1700"
"2","1010-DECATURSTP","2025","2025","02","3","1800"
"2","1010-DECATURSTP","2025","2025","01","4","1200"
"2","1010-DECATURSTP","2025","2025","02","4","2000"
"2","1010-DECATURSTP","2025","2025","01","5","1600"
"2","1010-DECATURSTP","2025","2025","02","5","2000"
"2","1010-DECATURSTP","2025","2025","01","6","1900"
"2","1010-DECATURSTP","2025","2025","02","6","1800"
"2","1010-DECATURSTP","2025","2025","01","7","1450"
"2","1010-DECATURSTP","2025","2025","02","7","2100"
"2","1010-DECATURSTP","2025","2025","01","8","1700"
"2","1010-DECATURSTP","2025","2025","02","8","2200"
"2","1010-DECATURSTP","2025","2025","01","9","1250"
"2","1010-DECATURSTP","2025","2025","02","9","2400"
"2","1010-DECATURSTP","2025","2025","01","10","1350"
"2","1010-DECATURSTP","2025","2025","02","10","2100"
"2","1010-DECATURSTP","2025","2025","01","11","1390"
"2","1010-DECATURSTP","2025","2025","02","11","2250"
"2","1010-DECATURSTP","2025","2025","01","12","1466"
"2","1010-DECATURSTP","2025","2025","02","12","2341"
"2","334-DECATURSTP","2025","2025","01","1","5300"
"2","334-DECATURSTP","2025","2025","02","1","6430"
"2","334-DECATURSTP","2025","2025","01","2","4900"
"2","334-DECATURSTP","2025","2025","02","2","6250"
"2","334-DECATURSTP","2025","2025","01","3","4000"
"2","334-DECATURSTP","2025","2025","02","3","5750"
"2","334-DECATURSTP","2025","2025","01","4","3800"
"2","334-DECATURSTP","2025","2025","02","4","5800"
"2","334-DECATURSTP","2025","2025","01","5","3600"
"2","334-DECATURSTP","2025","2025","02","5","5200"
"2","334-DECATURSTP","2025","2025","01","6","3100"
"2","334-DECATURSTP","2025","2025","02","6","4850"
"2","334-DECATURSTP","2025","2025","01","7","2900"
"2","334-DECATURSTP","2025","2025","02","7","4180"
"2","334-DECATURSTP","2025","2025","01","8","2200"
"2","334-DECATURSTP","2025","2025","02","8","3750"
"2","334-DECATURSTP","2025","2025","01","9","2800"
"2","334-DECATURSTP","2025","2025","02","9","2700"
"2","334-DECATURSTP","2025","2025","01","10","3200"
"2","334-DECATURSTP","2025","2025","02","10","2275"
"2","334-DECATURSTP","2025","2025","01","11","2900"
"2","334-DECATURSTP","2025","2025","02","11","2450"
"2","334-DECATURSTP","2025","2025","01","12","2504"
"2","334-DECATURSTP","2025","2025","02","12","2827"
"6","4700-MAGAZINESTP","2025","2025","01","1","6000"
"6","4700-MAGAZINESTP","2025","2025","01","2","6000"
"6","4700-MAGAZINESTP","2025","2025","01","3","6000"
"6","4700-MAGAZINESTP","2025","2025","01","4","6000"
"6","4700-MAGAZINESTP","2025","2025","01","5","6000"
"6","4700-MAGAZINESTP","2025","2025","01","6","6000"
"6","4700-MAGAZINESTP","2025","2025","01","7","6000"
"6","4700-MAGAZINESTP","2025","2025","01","8","6000"
"6","4700-MAGAZINESTP","2025","2025","01","9","6000"
"6","4700-MAGAZINESTP","2025","2025","01","10","6000"
"6","4700-MAGAZINESTP","2025","2025","01","11","6000"
"6","4700-MAGAZINESTP","2025","2025","01","12","6000"
"6","3318-MAGAZINESTP","2025","2025","01","1","166173"
"6","3318-MAGAZINESTP","2025","2025","01","2","155859"
"6","3318-MAGAZINESTP","2025","2025","01","3","154760"
"6","3318-MAGAZINESTP","2025","2025","01","4","164374"
"6","3318-MAGAZINESTP","2025","2025","01","5","137611"
"6","3318-MAGAZINESTP","2025","2025","01","6","144144"
"6","3318-MAGAZINESTP","2025","2025","01","7","131228"
"6","3318-MAGAZINESTP","2025","2025","01","8","156193"
"6","3318-MAGAZINESTP","2025","2025","01","9","153116"
"6","3318-MAGAZINESTP","2025","2025","01","10","153749"
"6","3318-MAGAZINESTP","2025","2025","01","11","155904"
"6","3318-MAGAZINESTP","2025","2025","01","12","124192"
"1","4421-BANKSSTP","2025","2025","99","1","15422"
"1","4421-BANKSSTP","2025","2025","99","2","15422"
"1","4421-BANKSSTP","2025","2025","99","3","15422"
"1","4421-BANKSSTP","2025","2025","99","4","15422"
"1","4421-BANKSSTP","2025","2025","99","5","15422"
"1","4421-BANKSSTP","2025","2025","99","6","15422"
"1","4421-BANKSSTP","2025","2025","99","7","15422"
"1","4421-BANKSSTP","2025","2025","99","8","15422"
"1","4421-BANKSSTP","2025","2025","99","9","15422"
"1","4421-BANKSSTP","2025","2025","99","10","15422"
"1","4421-BANKSSTP","2025","2025","99","11","15422"
"1","4421-BANKSSTP","2025","2025","99","12","15422"
"3","3114-GENTILLYBLP","2025","2025","01","1","178130"
"3","3114-GENTILLYBLP","2025","2025","01","2","158410"
"3","3114-GENTILLYBLP","2025","2025","01","3","142100"
"3","3114-GENTILLYBLP","2025","2025","01","4","134720"
"3","3114-GENTILLYBLP","2025","2025","01","5","130430"
"3","3114-GENTILLYBLP","2025","2025","01","6","119310"
"3","3114-GENTILLYBLP","2025","2025","01","7","115780"
"3","3114-GENTILLYBLP","2025","2025","01","8","121820"
"3","3114-GENTILLYBLP","2025","2025","01","9","135380"
"3","3114-GENTILLYBLP","2025","2025","01","10","167180"
"3","3114-GENTILLYBLP","2025","2025","01","11","171200"
"3","3114-GENTILLYBLP","2025","2025","01","12","178200"
"6","5523-MAGAZINESTP","2025","2025","01","1","5600"
"6","5523-MAGAZINESTP","2025","2025","01","2","5700"
"6","5523-MAGAZINESTP","2025","2025","01","3","5850"
"6","5523-MAGAZINESTP","2025","2025","01","4","6000"
"6","5523-MAGAZINESTP","2025","2025","01","5","5900"
"6","5523-MAGAZINESTP","2025","2025","01","6","4700"
"6","5523-MAGAZINESTP","2025","2025","01","7","4300"
"6","5523-MAGAZINESTP","2025","2025","01","8","4300"
"6","5523-MAGAZINESTP","2025","2025","01","9","5000"
"6","5523-MAGAZINESTP","2025","2025","01","10","9000"
"6","5523-MAGAZINESTP","2025","2025","01","11","11000"
"6","5523-MAGAZINESTP","2025","2025","01","12","13500"
"7","247-WHARRISONAVBP","2025","2025","01","1","500"
"7","247-WHARRISONAVBP","2025","2025","01","2","500"
"7","247-WHARRISONAVBP","2025","2025","01","3","500"
"7","247-WHARRISONAVBP","2025","2025","01","4","500"
"7","247-WHARRISONAVBP","2025","2025","01","5","500"
"7","247-WHARRISONAVBP","2025","2025","01","6","500"
"7","247-WHARRISONAVBP","2025","2025","01","7","500"
"7","247-WHARRISONAVBP","2025","2025","01","8","500"
"7","247-WHARRISONAVBP","2025","2025","01","9","500"
"7","247-WHARRISONAVBP","2025","2025","01","10","500"
"7","247-WHARRISONAVBP","2025","2025","01","11","500"
"7","247-WHARRISONAVBP","2025","2025","01","12","500"
"2","4205-CANALSTP","2025","2025","01","1","120"
"2","4205-CANALSTP","2025","2025","01","2","120"
"2","4205-CANALSTP","2025","2025","01","3","120"
"2","4205-CANALSTP","2025","2025","01","4","120"
"2","4205-CANALSTP","2025","2025","01","5","120"
"2","4205-CANALSTP","2025","2025","01","6","120"
"2","4205-CANALSTP","2025","2025","01","7","120"
"2","4205-CANALSTP","2025","2025","01","8","120"
"2","4205-CANALSTP","2025","2025","01","9","120"
"2","4205-CANALSTP","2025","2025","01","10","120"
"2","4205-CANALSTP","2025","2025","01","11","120"
"2","4205-CANALSTP","2025","2025","01","12","120"
"2","827-HARRISONAVP","2025","2025","01","1","417381"
"2","827-HARRISONAVP","2025","2025","05","1","100"
"2","827-HARRISONAVP","2025","2025","01","2","416523"
"2","827-HARRISONAVP","2025","2025","05","2","100"
"2","827-HARRISONAVP","2025","2025","01","3","444490"
"2","827-HARRISONAVP","2025","2025","05","3","100"
"2","827-HARRISONAVP","2025","2025","01","4","477244"
"2","827-HARRISONAVP","2025","2025","05","4","100"
"2","827-HARRISONAVP","2025","2025","01","5","500493"
"2","827-HARRISONAVP","2025","2025","05","5","100"
"2","827-HARRISONAVP","2025","2025","01","6","499289"
"2","827-HARRISONAVP","2025","2025","05","6","100"
"2","827-HARRISONAVP","2025","2025","01","7","491534"
"2","827-HARRISONAVP","2025","2025","05","7","100"
"2","827-HARRISONAVP","2025","2025","01","8","483944"
"2","827-HARRISONAVP","2025","2025","05","8","100"
"2","827-HARRISONAVP","2025","2025","01","9","479052"
"2","827-HARRISONAVP","2025","2025","05","9","100"
"2","827-HARRISONAVP","2025","2025","01","10","485434"
"2","827-HARRISONAVP","2025","2025","05","10","100"
"2","827-HARRISONAVP","2025","2025","01","11","526978"
"2","827-HARRISONAVP","2025","2025","05","11","100"
"2","827-HARRISONAVP","2025","2025","01","12","492296"
"2","827-HARRISONAVP","2025","2025","05","12","100"
"6","5229-MAGAZINESTP","2025","2025","01","1","3345"
"6","5229-MAGAZINESTP","2025","2025","01","2","2520"
"6","5229-MAGAZINESTP","2025","2025","01","3","3260"
"6","5229-MAGAZINESTP","2025","2025","01","4","2850"
"6","5229-MAGAZINESTP","2025","2025","01","5","3570"
"6","5229-MAGAZINESTP","2025","2025","01","6","3340"
"6","5229-MAGAZINESTP","2025","2025","01","7","3890"
"6","5229-MAGAZINESTP","2025","2025","01","8","2750"
"6","5229-MAGAZINESTP","2025","2025","01","9","3522"
"6","5229-MAGAZINESTP","2025","2025","01","10","2640"
"6","5229-MAGAZINESTP","2025","2025","01","11","3130"
"6","5229-MAGAZINESTP","2025","2025","01","12","2850"
"1","1903-POYDRASSTP","2025","2025","02","1","15124"
"1","1903-POYDRASSTP","2025","2025","02","2","11221"
"1","1903-POYDRASSTP","2025","2025","02","3","13173"
"1","1903-POYDRASSTP","2025","2025","02","4","12197"
"1","1903-POYDRASSTP","2025","2025","02","5","11128"
"1","1903-POYDRASSTP","2025","2025","02","6","10200"
"1","1903-POYDRASSTP","2025","2025","02","7","12640"
"1","1903-POYDRASSTP","2025","2025","02","8","12641"
"1","1903-POYDRASSTP","2025","2025","02","9","14322"
"1","1903-POYDRASSTP","2025","2025","02","10","13482"
"1","1903-POYDRASSTP","2025","2025","02","11","13498"
"1","1903-POYDRASSTP","2025","2025","02","12","13472"
"3","234-HARBORCRP","2025","2025","01","1","9268"
"3","234-HARBORCRP","2025","2025","01","2","11489"
"3","234-HARBORCRP","2025","2025","01","3","8972"
"3","234-HARBORCRP","2025","2025","01","4","15621"
"3","234-HARBORCRP","2025","2025","01","5","9934"
"3","234-HARBORCRP","2025","2025","01","6","13267"
"3","234-HARBORCRP","2025","2025","01","7","7185"
"3","234-HARBORCRP","2025","2025","01","8","4726"
"3","234-HARBORCRP","2025","2025","01","9","8122"
"3","234-HARBORCRP","2025","2025","01","10","5487"
"3","234-HARBORCRP","2025","2025","01","11","12136"
"3","234-HARBORCRP","2025","2025","01","12","9225"
"7","7732-MAPLESTP","2025","2025","01","1","114043"
"7","7732-MAPLESTP","2025","2025","01","2","127660"
"7","7732-MAPLESTP","2025","2025","01","3","159931"
"7","7732-MAPLESTP","2025","2025","01","4","163335"
"7","7732-MAPLESTP","2025","2025","01","5","155333"
"7","7732-MAPLESTP","2025","2025","01","6","143165"
"7","7732-MAPLESTP","2025","2025","01","7","152068"
"7","7732-MAPLESTP","2025","2025","01","8","166236"
"7","7732-MAPLESTP","2025","2025","01","9","207568"
"7","7732-MAPLESTP","2025","2025","01","10","229944"
"7","7732-MAPLESTP","2025","2025","01","11","223131"
"7","7732-MAPLESTP","2025","2025","01","12","168833"
"2","1015-DECATURSTP","2025","2025","01","1","5250"
"2","1015-DECATURSTP","2025","2025","01","2","5200"
"2","1015-DECATURSTP","2025","2025","01","3","4150"
"2","1015-DECATURSTP","2025","2025","01","4","4015"
"2","1015-DECATURSTP","2025","2025","01","5","3011"
"2","1015-DECATURSTP","2025","2025","01","6","3970"
"2","1015-DECATURSTP","2025","2025","01","7","4020"
"2","1015-DECATURSTP","2025","2025","01","8","2960"
"2","1015-DECATURSTP","2025","2025","01","9","2920"
"2","1015-DECATURSTP","2025","2025","01","10","3805"
"2","1015-DECATURSTP","2025","2025","01","11","3890"
"2","1015-DECATURSTP","2025","2025","01","12","3050"
"3","6024-NCLAIBORNEAVP","2025","2025","01","1","1600"
"3","6024-NCLAIBORNEAVP","2025","2025","01","2","1800"
"3","6024-NCLAIBORNEAVP","2025","2025","01","3","1600"
"3","6024-NCLAIBORNEAVP","2025","2025","01","4","1500"
"3","6024-NCLAIBORNEAVP","2025","2025","01","5","1400"
"3","6024-NCLAIBORNEAVP","2025","2025","01","6","1300"
"3","6024-NCLAIBORNEAVP","2025","2025","01","7","1200"
"3","6024-NCLAIBORNEAVP","2025","2025","01","8","1200"
"3","6024-NCLAIBORNEAVP","2025","2025","01","9","1500"
"3","6024-NCLAIBORNEAVP","2025","2025","01","10","1700"
"3","6024-NCLAIBORNEAVP","2025","2025","01","11","1750"
"3","6024-NCLAIBORNEAVP","2025","2025","01","12","1500"
"2","637-ROYALSTP","2025","2025","01","1","140102"
"2","637-ROYALSTP","2025","2025","01","2","115742"
"2","637-ROYALSTP","2025","2025","01","3","135980"
"2","637-ROYALSTP","2025","2025","01","4","135700"
"2","637-ROYALSTP","2025","2025","01","5","150222"
"2","637-ROYALSTP","2025","2025","01","6","115242"
"2","637-ROYALSTP","2025","2025","01","7","95789"
"2","637-ROYALSTP","2025","2025","01","8","100394"
"2","637-ROYALSTP","2025","2025","01","9","115006"
"2","637-ROYALSTP","2025","2025","01","10","145440"
"2","637-ROYALSTP","2025","2025","01","11","135148"
"2","637-ROYALSTP","2025","2025","01","12","130009"
"3","13235-CHEFMENTEURHWAP","2025","2025","05","1","4150"
"3","13235-CHEFMENTEURHWAP","2025","2025","05","2","4625"
"3","13235-CHEFMENTEURHWAP","2025","2025","05","3","4910"
"3","13235-CHEFMENTEURHWAP","2025","2025","05","4","4105"
"3","13235-CHEFMENTEURHWAP","2025","2025","05","5","3890"
"3","13235-CHEFMENTEURHWAP","2025","2025","05","6","3745"
"3","13235-CHEFMENTEURHWAP","2025","2025","05","7","3915"
"3","13235-CHEFMENTEURHWAP","2025","2025","05","8","3710"
"3","13235-CHEFMENTEURHWAP","2025","2025","05","9","3580"
"3","13235-CHEFMENTEURHWAP","2025","2025","05","10","3495"
"3","13235-CHEFMENTEURHWAP","2025","2025","05","11","3235"
"3","13235-CHEFMENTEURHWAP","2025","2025","05","12","4090"
"3","13235-CHEFMENTEURHWP","2025","2025","05","1","850"
"3","13235-CHEFMENTEURHWP","2025","2025","05","2","1220"
"3","13235-CHEFMENTEURHWP","2025","2025","05","3","790"
"3","13235-CHEFMENTEURHWP","2025","2025","05","4","945"
"3","13235-CHEFMENTEURHWP","2025","2025","05","5","1050"
"3","13235-CHEFMENTEURHWP","2025","2025","05","6","910"
"3","13235-CHEFMENTEURHWP","2025","2025","05","7","895"
"3","13235-CHEFMENTEURHWP","2025","2025","05","8","780"
"3","13235-CHEFMENTEURHWP","2025","2025","05","9","680"
"3","13235-CHEFMENTEURHWP","2025","2025","05","10","920"
"3","13235-CHEFMENTEURHWP","2025","2025","05","11","935"
"3","13235-CHEFMENTEURHWP","2025","2025","05","12","870"
"1","920-POEYFARREST255P","2025","2025","01","1","2613"
"1","920-POEYFARREST255P","2025","2025","01","2","2595"
"1","920-POEYFARREST255P","2025","2025","01","3","5135"
"1","920-POEYFARREST255P","2025","2025","01","4","6674"
"1","920-POEYFARREST255P","2025","2025","01","5","6674"
"1","920-POEYFARREST255P","2025","2025","01","6","6794"
"1","920-POEYFARREST255P","2025","2025","01","7","6472"
"1","920-POEYFARREST255P","2025","2025","01","8","6472"
"1","920-POEYFARREST255P","2025","2025","01","9","6472"
"1","920-POEYFARREST255P","2025","2025","01","10","6649"
"1","920-POEYFARREST255P","2025","2025","01","11","6649"
"1","920-POEYFARREST255P","2025","2025","01","12","6649"
"1","424-GIRODSTP","2025","2025","04","1","87635"
"1","424-GIRODSTP","2025","2025","04","2","83422"
"1","424-GIRODSTP","2025","2025","04","3","91344"
"1","424-GIRODSTP","2025","2025","04","4","81348"
"1","424-GIRODSTP","2025","2025","04","5","89402"
"1","424-GIRODSTP","2025","2025","04","6","89024"
"1","424-GIRODSTP","2025","2025","04","7","83192"
"1","424-GIRODSTP","2025","2025","04","8","86515"
"1","424-GIRODSTP","2025","2025","04","9","81796"
"1","424-GIRODSTP","2025","2025","04","10","88032"
"1","424-GIRODSTP","2025","2025","04","11","85618"
"1","424-GIRODSTP","2025","2025","04","12","88861"
"1","1533-PRYTANIASTP","2025","2025","01","1","500"
"1","1533-PRYTANIASTP","2025","2025","01","2","500"
"1","1533-PRYTANIASTP","2025","2025","01","3","500"
"1","1533-PRYTANIASTP","2025","2025","01","4","500"
"1","1533-PRYTANIASTP","2025","2025","01","5","500"
"1","1533-PRYTANIASTP","2025","2025","01","6","500"
"1","1533-PRYTANIASTP","2025","2025","01","7","500"
"1","1533-PRYTANIASTP","2025","2025","01","8","500"
"1","1533-PRYTANIASTP","2025","2025","01","9","500"
"1","1533-PRYTANIASTP","2025","2025","01","10","500"
"1","1533-PRYTANIASTP","2025","2025","01","11","500"
"1","1533-PRYTANIASTP","2025","2025","01","12","500"
"1","201-STCHARLESAV103P","2025","2025","01","1","100000"
"1","201-STCHARLESAV103P","2025","2025","01","2","50000"
"1","201-STCHARLESAV103P","2025","2025","01","3","100000"
"1","201-STCHARLESAV103P","2025","2025","01","4","100000"
"1","201-STCHARLESAV103P","2025","2025","01","5","100000"
"1","201-STCHARLESAV103P","2025","2025","01","6","100000"
"1","201-STCHARLESAV103P","2025","2025","01","7","100000"
"1","201-STCHARLESAV103P","2025","2025","01","8","50000"
"1","201-STCHARLESAV103P","2025","2025","01","9","100000"
"1","201-STCHARLESAV103P","2025","2025","01","10","100000"
"1","201-STCHARLESAV103P","2025","2025","01","11","100000"
"1","201-STCHARLESAV103P","2025","2025","01","12","100000"
"2","304-ROYALSTP","2025","2025","01","1","3000"
"2","304-ROYALSTP","2025","2025","05","1","30"
"2","304-ROYALSTP","2025","2025","01","2","3100"
"2","304-ROYALSTP","2025","2025","05","2","30"
"2","304-ROYALSTP","2025","2025","01","3","4000"
"2","304-ROYALSTP","2025","2025","05","3","55"
"2","304-ROYALSTP","2025","2025","01","4","3700"
"2","304-ROYALSTP","2025","2025","05","4","40"
"2","304-ROYALSTP","2025","2025","01","5","4200"
"2","304-ROYALSTP","2025","2025","05","5","50"
"2","304-ROYALSTP","2025","2025","01","6","4000"
"2","304-ROYALSTP","2025","2025","05","6","35"
"2","304-ROYALSTP","2025","2025","01","7","4300"
"2","304-ROYALSTP","2025","2025","05","7","45"
"2","304-ROYALSTP","2025","2025","01","8","4300"
"2","304-ROYALSTP","2025","2025","05","8","45"
"2","304-ROYALSTP","2025","2025","01","9","3400"
"2","304-ROYALSTP","2025","2025","05","9","25"
"2","304-ROYALSTP","2025","2025","01","10","3100"
"2","304-ROYALSTP","2025","2025","05","10","20"
"2","304-ROYALSTP","2025","2025","01","11","3100"
"2","304-ROYALSTP","2025","2025","05","11","25"
"2","304-ROYALSTP","2025","2025","01","12","3300"
"2","304-ROYALSTP","2025","2025","05","12","40"
"2","824-DECATURSTP","2025","2025","01","1","350"
"2","824-DECATURSTP","2025","2025","01","2","440"
"2","824-DECATURSTP","2025","2025","01","3","550"
"2","824-DECATURSTP","2025","2025","01","4","600"
"2","824-DECATURSTP","2025","2025","01","5","560"
"2","824-DECATURSTP","2025","2025","01","6","650"
"2","824-DECATURSTP","2025","2025","01","7","590"
"2","824-DECATURSTP","2025","2025","01","8","680"
"2","824-DECATURSTP","2025","2025","01","9","640"
"2","824-DECATURSTP","2025","2025","01","10","290"
"2","824-DECATURSTP","2025","2025","01","11","340"
"2","824-DECATURSTP","2025","2025","01","12","390"
"2","521-CONTISTP","2025","2025","01","1","15490"
"2","521-CONTISTP","2025","2025","02","1","475"
"2","521-CONTISTP","2025","2025","03","1","65"
"2","521-CONTISTP","2025","2025","04","1","70"
"2","521-CONTISTP","2025","2025","05","1","390"
"2","521-CONTISTP","2025","2025","01","2","19310"
"2","521-CONTISTP","2025","2025","02","2","560"
"2","521-CONTISTP","2025","2025","03","2","55"
"2","521-CONTISTP","2025","2025","04","2","50"
"2","521-CONTISTP","2025","2025","05","2","300"
"2","521-CONTISTP","2025","2025","01","3","25500"
"2","521-CONTISTP","2025","2025","02","3","755"
"2","521-CONTISTP","2025","2025","03","3","135"
"2","521-CONTISTP","2025","2025","04","3","140"
"2","521-CONTISTP","2025","2025","05","3","475"
"2","521-CONTISTP","2025","2025","01","4","23000"
"2","521-CONTISTP","2025","2025","02","4","665"
"2","521-CONTISTP","2025","2025","03","4","145"
"2","521-CONTISTP","2025","2025","04","4","120"
"2","521-CONTISTP","2025","2025","05","4","405"
"2","521-CONTISTP","2025","2025","01","5","24000"
"2","521-CONTISTP","2025","2025","02","5","735"
"2","521-CONTISTP","2025","2025","03","5","195"
"2","521-CONTISTP","2025","2025","04","5","160"
"2","521-CONTISTP","2025","2025","05","5","570"
"2","521-CONTISTP","2025","2025","01","6","27500"
"2","521-CONTISTP","2025","2025","02","6","815"
"2","521-CONTISTP","2025","2025","03","6","345"
"2","521-CONTISTP","2025","2025","04","6","340"
"2","521-CONTISTP","2025","2025","05","6","560"
"2","521-CONTISTP","2025","2025","01","7","26500"
"2","521-CONTISTP","2025","2025","02","7","830"
"2","521-CONTISTP","2025","2025","03","7","275"
"2","521-CONTISTP","2025","2025","04","7","180"
"2","521-CONTISTP","2025","2025","05","7","540"
"2","521-CONTISTP","2025","2025","01","8","32000"
"2","521-CONTISTP","2025","2025","02","8","830"
"2","521-CONTISTP","2025","2025","03","8","225"
"2","521-CONTISTP","2025","2025","04","8","160"
"2","521-CONTISTP","2025","2025","05","8","570"
"2","521-CONTISTP","2025","2025","01","9","27000"
"2","521-CONTISTP","2025","2025","02","9","875"
"2","521-CONTISTP","2025","2025","03","9","365"
"2","521-CONTISTP","2025","2025","04","9","350"
"2","521-CONTISTP","2025","2025","05","9","560"
"2","521-CONTISTP","2025","2025","01","10","26000"
"2","521-CONTISTP","2025","2025","02","10","630"
"2","521-CONTISTP","2025","2025","03","10","285"
"2","521-CONTISTP","2025","2025","04","10","280"
"2","521-CONTISTP","2025","2025","05","10","380"
"2","521-CONTISTP","2025","2025","01","11","25000"
"2","521-CONTISTP","2025","2025","02","11","575"
"2","521-CONTISTP","2025","2025","03","11","260"
"2","521-CONTISTP","2025","2025","04","11","180"
"2","521-CONTISTP","2025","2025","05","11","455"
"2","521-CONTISTP","2025","2025","01","12","20000"
"2","521-CONTISTP","2025","2025","02","12","600"
"2","521-CONTISTP","2025","2025","03","12","165"
"2","521-CONTISTP","2025","2025","04","12","120"
"2","521-CONTISTP","2025","2025","05","12","480"
"2","318-ROYALSTP","2025","2025","01","1","4200"
"2","318-ROYALSTP","2025","2025","05","1","50"
"2","318-ROYALSTP","2025","2025","01","2","4200"
"2","318-ROYALSTP","2025","2025","05","2","40"
"2","318-ROYALSTP","2025","2025","01","3","4800"
"2","318-ROYALSTP","2025","2025","05","3","80"
"2","318-ROYALSTP","2025","2025","01","4","4800"
"2","318-ROYALSTP","2025","2025","05","4","65"
"2","318-ROYALSTP","2025","2025","01","5","5100"
"2","318-ROYALSTP","2025","2025","05","5","75"
"2","318-ROYALSTP","2025","2025","01","6","5100"
"2","318-ROYALSTP","2025","2025","05","6","70"
"2","318-ROYALSTP","2025","2025","01","7","5400"
"2","318-ROYALSTP","2025","2025","05","7","80"
"2","318-ROYALSTP","2025","2025","01","8","5100"
"2","318-ROYALSTP","2025","2025","05","8","70"
"2","318-ROYALSTP","2025","2025","01","9","4500"
"2","318-ROYALSTP","2025","2025","05","9","60"
"2","318-ROYALSTP","2025","2025","01","10","4500"
"2","318-ROYALSTP","2025","2025","05","10","45"
"2","318-ROYALSTP","2025","2025","01","11","4200"
"2","318-ROYALSTP","2025","2025","05","11","55"
"2","318-ROYALSTP","2025","2025","01","12","3900"
"2","318-ROYALSTP","2025","2025","05","12","60"
"1","201-STCHARLESAV3920P","2025","2025","05","1","300"
"1","201-STCHARLESAV3920P","2025","2025","05","2","300"
"1","201-STCHARLESAV3920P","2025","2025","05","3","300"
"1","201-STCHARLESAV3920P","2025","2025","05","4","300"
"1","201-STCHARLESAV3920P","2025","2025","05","5","300"
"1","201-STCHARLESAV3920P","2025","2025","05","6","300"
"1","201-STCHARLESAV3920P","2025","2025","05","7","300"
"1","201-STCHARLESAV3920P","2025","2025","05","8","300"
"1","201-STCHARLESAV3920P","2025","2025","05","9","300"
"1","201-STCHARLESAV3920P","2025","2025","05","10","300"
"1","201-STCHARLESAV3920P","2025","2025","05","11","300"
"1","201-STCHARLESAV3920P","2025","2025","05","12","300"
"2","810-NBROADSTP","2025","2025","01","1","11438"
"2","810-NBROADSTP","2025","2025","01","2","10174"
"2","810-NBROADSTP","2025","2025","01","3","10081"
"2","810-NBROADSTP","2025","2025","01","4","10432"
"2","810-NBROADSTP","2025","2025","01","5","10262"
"2","810-NBROADSTP","2025","2025","01","6","10338"
"2","810-NBROADSTP","2025","2025","01","7","10837"
"2","810-NBROADSTP","2025","2025","01","8","10440"
"2","810-NBROADSTP","2025","2025","01","9","10968"
"2","810-NBROADSTP","2025","2025","01","10","9660"
"2","810-NBROADSTP","2025","2025","01","11","10673"
"2","810-NBROADSTP","2025","2025","01","12","9926"
"2","801-DECATURSTP","2025","2025","99","12","8245"
"2","231-NCARROLLTONAVP","2025","2025","01","1","2270"
"2","231-NCARROLLTONAVP","2025","2025","01","4","2143"
"2","231-NCARROLLTONAVP","2025","2025","01","7","2475"
"2","231-NCARROLLTONAVP","2025","2025","01","10","2275"
"2","231-NCARROLLTONAVP","2025","2025","01","12","2125"
"2","312-EXCHANGEPLP","2025","2025","01","1","68020"
"2","312-EXCHANGEPLP","2025","2025","01","2","68020"
"2","312-EXCHANGEPLP","2025","2025","01","3","68020"
"2","312-EXCHANGEPLP","2025","2025","01","4","68020"
"2","312-EXCHANGEPLP","2025","2025","01","5","68020"
"2","312-EXCHANGEPLP","2025","2025","01","6","68020"
"2","312-EXCHANGEPLP","2025","2025","01","7","68020"
"2","312-EXCHANGEPLP","2025","2025","01","8","68020"
"2","312-EXCHANGEPLP","2025","2025","01","9","68020"
"2","312-EXCHANGEPLP","2025","2025","01","10","68020"
"2","312-EXCHANGEPLP","2025","2025","01","11","68020"
"2","312-EXCHANGEPLP","2025","2025","01","12","69220"
"2","401-DECATURSTP","2025","2025","01","1","7500"
"2","401-DECATURSTP","2025","2025","01","2","6910"
"2","401-DECATURSTP","2025","2025","01","3","6105"
"2","401-DECATURSTP","2025","2025","01","4","5030"
"2","401-DECATURSTP","2025","2025","01","5","4510"
"2","401-DECATURSTP","2025","2025","01","6","4690"
"2","401-DECATURSTP","2025","2025","01","7","5610"
"2","401-DECATURSTP","2025","2025","01","8","5050"
"2","401-DECATURSTP","2025","2025","01","9","4600"
"2","401-DECATURSTP","2025","2025","01","10","4490"
"2","401-DECATURSTP","2025","2025","01","11","4520"
"2","401-DECATURSTP","2025","2025","01","12","5100"
"2","1007-DECATURSTP","2025","2025","01","1","6800"
"2","1007-DECATURSTP","2025","2025","01","2","6910"
"2","1007-DECATURSTP","2025","2025","01","3","6235"
"2","1007-DECATURSTP","2025","2025","01","4","4500"
"2","1007-DECATURSTP","2025","2025","01","5","4440"
"2","1007-DECATURSTP","2025","2025","01","6","4790"
"2","1007-DECATURSTP","2025","2025","01","7","5410"
"2","1007-DECATURSTP","2025","2025","01","8","5150"
"2","1007-DECATURSTP","2025","2025","01","9","4500"
"2","1007-DECATURSTP","2025","2025","01","10","4390"
"2","1007-DECATURSTP","2025","2025","01","11","4420"
"2","1007-DECATURSTP","2025","2025","01","12","5120"
"2","241-NPETERSSTP","2025","2025","01","1","5350"
"2","241-NPETERSSTP","2025","2025","01","2","5300"
"2","241-NPETERSSTP","2025","2025","01","3","4050"
"2","241-NPETERSSTP","2025","2025","01","4","4015"
"2","241-NPETERSSTP","2025","2025","01","5","3111"
"2","241-NPETERSSTP","2025","2025","01","6","4070"
"2","241-NPETERSSTP","2025","2025","01","7","4120"
"2","241-NPETERSSTP","2025","2025","01","8","2960"
"2","241-NPETERSSTP","2025","2025","01","9","2820"
"2","241-NPETERSSTP","2025","2025","01","10","3505"
"2","241-NPETERSSTP","2025","2025","01","11","3190"
"2","241-NPETERSSTP","2025","2025","01","12","3010"
"2","832-DECATURSTP","2025","2025","01","1","4500"
"2","832-DECATURSTP","2025","2025","01","2","5200"
"2","832-DECATURSTP","2025","2025","01","3","4100"
"2","832-DECATURSTP","2025","2025","01","4","4050"
"2","832-DECATURSTP","2025","2025","01","5","3011"
"2","832-DECATURSTP","2025","2025","01","6","3980"
"2","832-DECATURSTP","2025","2025","01","7","4020"
"2","832-DECATURSTP","2025","2025","01","8","2960"
"2","832-DECATURSTP","2025","2025","01","9","2920"
"2","832-DECATURSTP","2025","2025","01","10","3805"
"2","832-DECATURSTP","2025","2025","01","11","3890"
"2","832-DECATURSTP","2025","2025","01","12","4000"
"5","401-OPELOUSASAVP","2025","2025","99","1","100"
"5","401-OPELOUSASAVP","2025","2025","05","1","100"
"5","401-OPELOUSASAVP","2025","2025","99","2","100"
"5","401-OPELOUSASAVP","2025","2025","05","2","100"
"5","401-OPELOUSASAVP","2025","2025","99","3","100"
"5","401-OPELOUSASAVP","2025","2025","05","3","100"
"5","401-OPELOUSASAVP","2025","2025","99","4","100"
"5","401-OPELOUSASAVP","2025","2025","05","4","100"
"5","401-OPELOUSASAVP","2025","2025","99","5","100"
"5","401-OPELOUSASAVP","2025","2025","05","5","100"
"5","401-OPELOUSASAVP","2025","2025","99","6","100"
"5","401-OPELOUSASAVP","2025","2025","05","6","100"
"5","401-OPELOUSASAVP","2025","2025","99","7","100"
"5","401-OPELOUSASAVP","2025","2025","05","7","100"
"5","401-OPELOUSASAVP","2025","2025","99","8","100"
"5","401-OPELOUSASAVP","2025","2025","05","8","100"
"5","401-OPELOUSASAVP","2025","2025","99","9","100"
"5","401-OPELOUSASAVP","2025","2025","05","9","100"
"5","401-OPELOUSASAVP","2025","2025","99","10","100"
"5","401-OPELOUSASAVP","2025","2025","05","10","100"
"5","401-OPELOUSASAVP","2025","2025","99","11","100"
"5","401-OPELOUSASAVP","2025","2025","05","11","100"
"5","401-OPELOUSASAVP","2025","2025","99","12","100"
"5","401-OPELOUSASAVP","2025","2025","05","12","100"
"1","201-STCHARLESAV127P","2025","2025","05","4","140"
"1","201-STCHARLESAV127P","2025","2025","05","5","440"
"1","201-STCHARLESAV127P","2025","2025","05","6","563"
"1","201-STCHARLESAV127P","2025","2025","05","8","55"
"1","201-STCHARLESAV127P","2025","2025","05","10","388"
"1","201-STCHARLESAV127P","2025","2025","05","12","701"
"4","1820-STCHARLESAV120P","2025","2025","02","12","78053"
"4","1820-STCHARLESAV120P","2025","2025","05","12","8427"
"2","1021-DECATURST010P","2025","2025","01","1","5400"
"2","1021-DECATURST010P","2025","2025","01","2","5250"
"2","1021-DECATURST010P","2025","2025","01","3","4170"
"2","1021-DECATURST010P","2025","2025","01","4","4150"
"2","1021-DECATURST010P","2025","2025","01","5","3001"
"2","1021-DECATURST010P","2025","2025","01","6","3880"
"2","1021-DECATURST010P","2025","2025","01","7","3920"
"2","1021-DECATURST010P","2025","2025","01","8","2960"
"2","1021-DECATURST010P","2025","2025","01","9","2800"
"2","1021-DECATURST010P","2025","2025","01","10","3805"
"2","1021-DECATURST010P","2025","2025","01","11","3400"
"2","1021-DECATURST010P","2025","2025","01","12","4100"
"3","14399-CHEFMENTEURHWA1P","2025","2025","05","1","1080"
"3","14399-CHEFMENTEURHWA1P","2025","2025","05","2","1075"
"3","14399-CHEFMENTEURHWA1P","2025","2025","05","3","1035"
"3","14399-CHEFMENTEURHWA1P","2025","2025","05","4","950"
"3","14399-CHEFMENTEURHWA1P","2025","2025","05","5","975"
"3","14399-CHEFMENTEURHWA1P","2025","2025","05","6","930"
"3","14399-CHEFMENTEURHWA1P","2025","2025","05","7","905"
"3","14399-CHEFMENTEURHWA1P","2025","2025","05","8","875"
"3","14399-CHEFMENTEURHWA1P","2025","2025","05","9","815"
"3","14399-CHEFMENTEURHWA1P","2025","2025","05","10","830"
"3","14399-CHEFMENTEURHWA1P","2025","2025","05","11","895"
"3","14399-CHEFMENTEURHWA1P","2025","2025","05","12","925"
"1","500-STCHARLESAV01P","2025","2025","04","1","11579"
"1","500-STCHARLESAV01P","2025","2025","04","2","11579"
"1","500-STCHARLESAV01P","2025","2025","04","3","11579"
"1","500-STCHARLESAV01P","2025","2025","04","4","11579"
"1","500-STCHARLESAV01P","2025","2025","04","5","11579"
"1","500-STCHARLESAV01P","2025","2025","04","6","11579"
"1","500-STCHARLESAV01P","2025","2025","04","7","13789"
"1","500-STCHARLESAV01P","2025","2025","04","8","13789"
"1","500-STCHARLESAV01P","2025","2025","04","9","13789"
"1","500-STCHARLESAV01P","2025","2025","04","10","13789"
"1","500-STCHARLESAV01P","2025","2025","04","11","13789"
"1","500-STCHARLESAV01P","2025","2025","04","12","13789"
"7","7911-MAPLESTP","2025","2025","05","1","52"
"7","7911-MAPLESTP","2025","2025","05","2","20"
"7","7911-MAPLESTP","2025","2025","05","3","36"
"7","7911-MAPLESTP","2025","2025","05","4","31"
"7","7911-MAPLESTP","2025","2025","01","5","462"
"7","7911-MAPLESTP","2025","2025","01","6","312"
"7","7911-MAPLESTP","2025","2025","05","6","130"
"7","7911-MAPLESTP","2025","2025","01","8","236"
"7","7911-MAPLESTP","2025","2025","05","8","42"
"7","7911-MAPLESTP","2025","2025","05","9","45"
"7","7911-MAPLESTP","2025","2025","05","12","10"
"2","917-DECATURSTP","2025","2025","01","1","4020"
"2","917-DECATURSTP","2025","2025","01","12","5850"
"3","3147-GENTILLYBLP","2025","2025","05","1","100"
"3","3147-GENTILLYBLP","2025","2025","05","2","100"
"3","3147-GENTILLYBLP","2025","2025","05","3","100"
"3","3147-GENTILLYBLP","2025","2025","05","4","100"
"3","3147-GENTILLYBLP","2025","2025","05","5","100"
"3","3147-GENTILLYBLP","2025","2025","05","6","100"
"3","3147-GENTILLYBLP","2025","2025","05","7","100"
"3","3147-GENTILLYBLP","2025","2025","05","8","100"
"3","3147-GENTILLYBLP","2025","2025","05","9","100"
"3","3147-GENTILLYBLP","2025","2025","05","10","100"
"3","3147-GENTILLYBLP","2025","2025","05","11","100"
"3","3147-GENTILLYBLP","2025","2025","05","12","100"
"7","3037-SCARROLLTONAVP","2025","2025","05","1","100"
"7","3037-SCARROLLTONAVP","2025","2025","05","2","100"
"7","3037-SCARROLLTONAVP","2025","2025","05","3","100"
"7","3037-SCARROLLTONAVP","2025","2025","05","4","100"
"7","3037-SCARROLLTONAVP","2025","2025","05","5","100"
"7","3037-SCARROLLTONAVP","2025","2025","05","6","100"
"7","3037-SCARROLLTONAVP","2025","2025","05","7","100"
"7","3037-SCARROLLTONAVP","2025","2025","05","8","100"
"7","3037-SCARROLLTONAVP","2025","2025","05","9","100"
"7","3037-SCARROLLTONAVP","2025","2025","05","10","100"
"7","3037-SCARROLLTONAVP","2025","2025","05","11","100"
"7","3037-SCARROLLTONAVP","2025","2025","05","12","100"
"4","2339-TCHOUPITOULASSTSP","2025","2025","05","8","1318"
"2","3923-BIENVILLESTAP","2025","2025","05","10","1962"
"2","830-CONTIST020P","2025","2025","04","1","2700"
"2","830-CONTIST020P","2025","2025","04","2","2700"
"2","830-CONTIST020P","2025","2025","04","3","2700"
"2","830-CONTIST020P","2025","2025","04","4","2700"
"2","830-CONTIST020P","2025","2025","04","5","2700"
"2","830-CONTIST020P","2025","2025","04","6","2700"
"2","830-CONTIST020P","2025","2025","04","7","3157"
"2","830-CONTIST020P","2025","2025","04","8","3157"
"2","830-CONTIST020P","2025","2025","04","9","3157"
"2","830-CONTIST020P","2025","2025","04","10","3157"
"2","830-CONTIST020P","2025","2025","04","11","3157"
"2","830-CONTIST020P","2025","2025","04","12","3157"
"2","827-TOULOUSEST010P","2025","2025","04","1","6301"
"2","827-TOULOUSEST010P","2025","2025","04","2","6301"
"2","827-TOULOUSEST010P","2025","2025","04","3","6301"
"2","827-TOULOUSEST010P","2025","2025","04","4","6301"
"2","827-TOULOUSEST010P","2025","2025","04","5","6301"
"2","827-TOULOUSEST010P","2025","2025","04","6","6301"
"2","827-TOULOUSEST010P","2025","2025","04","7","10654"
"2","827-TOULOUSEST010P","2025","2025","04","8","10654"
"2","827-TOULOUSEST010P","2025","2025","04","9","10654"
"2","827-TOULOUSEST010P","2025","2025","04","10","10654"
"2","827-TOULOUSEST010P","2025","2025","04","11","10654"
"2","827-TOULOUSEST010P","2025","2025","04","12","10654"
"3","2601-NVILLERESTP","2025","2025","01","1","6071"
"3","2601-NVILLERESTP","2025","2025","01","2","6071"
"3","2601-NVILLERESTP","2025","2025","01","3","6071"
"3","2601-NVILLERESTP","2025","2025","01","4","6071"
"3","2601-NVILLERESTP","2025","2025","01","5","6071"
"3","2601-NVILLERESTP","2025","2025","01","6","6071"
"3","2601-NVILLERESTP","2025","2025","01","7","6071"
"3","2601-NVILLERESTP","2025","2025","01","8","6071"
"3","2601-NVILLERESTP","2025","2025","01","9","6071"
"3","2601-NVILLERESTP","2025","2025","01","10","6071"
"3","2601-NVILLERESTP","2025","2025","01","11","6071"
"3","2601-NVILLERESTP","2025","2025","01","12","6071"
"6","6000-MAGAZINESTP","2025","2025","01","1","11012"
"6","6000-MAGAZINESTP","2025","2025","01","2","11598"
"6","6000-MAGAZINESTP","2025","2025","01","3","10637"
"6","6000-MAGAZINESTP","2025","2025","01","4","7242"
"6","6000-MAGAZINESTP","2025","2025","01","5","6258"
"6","6000-MAGAZINESTP","2025","2025","01","6","6272"
"6","6000-MAGAZINESTP","2025","2025","01","7","6313"
"6","6000-MAGAZINESTP","2025","2025","01","8","6671"
"6","6000-MAGAZINESTP","2025","2025","01","9","7655"
"6","6000-MAGAZINESTP","2025","2025","01","10","7698"
"6","6000-MAGAZINESTP","2025","2025","01","11","7129"
"6","6000-MAGAZINESTP","2025","2025","01","12","7869"
"1","1615-POYDRASSTP","2025","2025","05","1","25"
"1","1615-POYDRASSTP","2025","2025","05","2","77"
"1","1615-POYDRASSTP","2025","2025","05","3","33"
"1","1615-POYDRASSTP","2025","2025","05","4","323"
"1","1615-POYDRASSTP","2025","2025","05","5","323"
"1","1615-POYDRASSTP","2025","2025","05","6","1096"
"1","1615-POYDRASSTP","2025","2025","05","7","410"
"1","1615-POYDRASSTP","2025","2025","05","8","279"
"6","3926-MAGAZINESTP","2025","2025","01","1","490"
"6","3926-MAGAZINESTP","2025","2025","04","1","17101"
"6","3926-MAGAZINESTP","2025","2025","01","2","415"
"6","3926-MAGAZINESTP","2025","2025","04","2","17540"
"6","3926-MAGAZINESTP","2025","2025","01","3","509"
"6","3926-MAGAZINESTP","2025","2025","04","3","16780"
"6","3926-MAGAZINESTP","2025","2025","01","4","518"
"6","3926-MAGAZINESTP","2025","2025","04","4","17335"
"6","3926-MAGAZINESTP","2025","2025","01","5","495"
"6","3926-MAGAZINESTP","2025","2025","04","5","17120"
"6","3926-MAGAZINESTP","2025","2025","01","6","502"
"6","3926-MAGAZINESTP","2025","2025","04","6","16960"
"6","3926-MAGAZINESTP","2025","2025","01","7","430"
"6","3926-MAGAZINESTP","2025","2025","04","7","16540"
"6","3926-MAGAZINESTP","2025","2025","01","8","415"
"6","3926-MAGAZINESTP","2025","2025","04","8","16226"
"6","3926-MAGAZINESTP","2025","2025","01","9","423"
"6","3926-MAGAZINESTP","2025","2025","04","9","16840"
"6","3926-MAGAZINESTP","2025","2025","01","10","482"
"6","3926-MAGAZINESTP","2025","2025","04","10","17283"
"6","3926-MAGAZINESTP","2025","2025","01","11","505"
"6","3926-MAGAZINESTP","2025","2025","04","11","17462"
"6","3926-MAGAZINESTP","2025","2025","01","12","522"
"6","3926-MAGAZINESTP","2025","2025","04","12","17548"
"2","421-NCARROLLTONAV1P","2025","2025","02","1","12267"
"2","421-NCARROLLTONAV1P","2025","2025","02","2","10862"
"2","421-NCARROLLTONAV1P","2025","2025","02","3","12054"
"2","421-NCARROLLTONAV1P","2025","2025","02","4","9014"
"2","421-NCARROLLTONAV1P","2025","2025","02","5","9998"
"2","421-NCARROLLTONAV1P","2025","2025","02","6","12318"
"2","421-NCARROLLTONAV1P","2025","2025","02","7","8631"
"2","421-NCARROLLTONAV1P","2025","2025","02","8","9030"
"2","421-NCARROLLTONAV1P","2025","2025","02","9","10226"
"2","421-NCARROLLTONAV1P","2025","2025","02","10","11332"
"2","421-NCARROLLTONAV1P","2025","2025","02","11","8531"
"2","421-NCARROLLTONAV1P","2025","2025","02","12","8817"
"1","650-POYDRASST1400CP","2025","2025","05","2","32"
"1","650-POYDRASST1400CP","2025","2025","05","4","353"
"1","650-POYDRASST1400CP","2025","2025","05","6","382"
"1","650-POYDRASST1400CP","2025","2025","05","7","64"
"1","650-POYDRASST1400CP","2025","2025","05","8","47"
"1","650-POYDRASST1400CP","2025","2025","05","9","56"
"1","650-POYDRASST1400CP","2025","2025","05","10","61"
"1","650-POYDRASST1400CP","2025","2025","05","11","140"
"1","1100-POYDRASST2900BP","2025","2025","05","1","40"
"1","1100-POYDRASST2900BP","2025","2025","05","4","157"
"1","1100-POYDRASST2900BP","2025","2025","05","5","36"
"1","1100-POYDRASST2900BP","2025","2025","05","6","904"
"1","1100-POYDRASST2900BP","2025","2025","05","7","55"
"1","1100-POYDRASST2900BP","2025","2025","05","9","194"
"1","1100-POYDRASST2900BP","2025","2025","05","12","15"
"1","500-PORTOFNEWORLEANS138P","2025","2025","01","1","103026"
"1","500-PORTOFNEWORLEANS138P","2025","2025","01","2","95536"
"1","500-PORTOFNEWORLEANS138P","2025","2025","05","2","159"
"1","500-PORTOFNEWORLEANS138P","2025","2025","01","3","141266"
"1","500-PORTOFNEWORLEANS138P","2025","2025","05","3","496"
"1","500-PORTOFNEWORLEANS138P","2025","2025","01","4","148055"
"1","500-PORTOFNEWORLEANS138P","2025","2025","05","4","859"
"1","500-PORTOFNEWORLEANS138P","2025","2025","01","5","151270"
"1","500-PORTOFNEWORLEANS138P","2025","2025","05","5","1307"
"1","500-PORTOFNEWORLEANS138P","2025","2025","01","6","144361"
"1","500-PORTOFNEWORLEANS138P","2025","2025","05","6","1785"
"1","500-PORTOFNEWORLEANS138P","2025","2025","01","7","132103"
"1","500-PORTOFNEWORLEANS138P","2025","2025","05","7","2116"
"1","500-PORTOFNEWORLEANS138P","2025","2025","01","8","130412"
"1","500-PORTOFNEWORLEANS138P","2025","2025","05","8","2281"
"1","500-PORTOFNEWORLEANS138P","2025","2025","01","9","132567"
"1","500-PORTOFNEWORLEANS138P","2025","2025","05","9","2453"
"1","500-PORTOFNEWORLEANS138P","2025","2025","01","10","159400"
"1","500-PORTOFNEWORLEANS138P","2025","2025","05","10","2760"
"1","500-PORTOFNEWORLEANS138P","2025","2025","01","11","169343"
"1","500-PORTOFNEWORLEANS138P","2025","2025","05","11","2855"
"1","500-PORTOFNEWORLEANS138P","2025","2025","01","12","151673"
"1","500-PORTOFNEWORLEANS138P","2025","2025","05","12","3618"
"2","250-FRENCHMRKTVENDORSP","2025","2025","01","1","4464"
"2","250-FRENCHMRKTVENDORSP","2025","2025","01","2","6535"
"2","250-FRENCHMRKTVENDORSP","2025","2025","01","3","8768"
"2","250-FRENCHMRKTVENDORSP","2025","2025","01","4","3846"
"2","250-FRENCHMRKTVENDORSP","2025","2025","01","5","5358"
"2","250-FRENCHMRKTVENDORSP","2025","2025","01","6","5359"
"2","250-FRENCHMRKTVENDORSP","2025","2025","01","7","5019"
"2","250-FRENCHMRKTVENDORSP","2025","2025","01","8","4585"
"2","250-FRENCHMRKTVENDORSP","2025","2025","01","9","3482"
"2","250-FRENCHMRKTVENDORSP","2025","2025","01","10","8572"
"2","250-FRENCHMRKTVENDORSP","2025","2025","01","11","4670"
"2","250-FRENCHMRKTVENDORSP","2025","2025","01","12","3644"
"2","437-ROYALSTP","2025","2025","01","12","2029042"
"2","508-DUMAINESTP","2025","2025","01","1","500"
"2","508-DUMAINESTP","2025","2025","02","1","7000"
"2","508-DUMAINESTP","2025","2025","04","1","2000"
"2","508-DUMAINESTP","2025","2025","05","1","150"
"2","508-DUMAINESTP","2025","2025","01","2","600"
"2","508-DUMAINESTP","2025","2025","02","2","5000"
"2","508-DUMAINESTP","2025","2025","04","2","2500"
"2","508-DUMAINESTP","2025","2025","05","2","150"
"2","508-DUMAINESTP","2025","2025","01","3","30"
"2","508-DUMAINESTP","2025","2025","02","3","8500"
"2","508-DUMAINESTP","2025","2025","04","3","3000"
"2","508-DUMAINESTP","2025","2025","05","3","150"
"2","508-DUMAINESTP","2025","2025","01","4","550"
"2","508-DUMAINESTP","2025","2025","02","4","10005"
"2","508-DUMAINESTP","2025","2025","04","4","3005"
"2","508-DUMAINESTP","2025","2025","05","4","150"
"2","508-DUMAINESTP","2025","2025","01","5","20"
"2","508-DUMAINESTP","2025","2025","02","5","10000"
"2","508-DUMAINESTP","2025","2025","04","5","2500"
"2","508-DUMAINESTP","2025","2025","05","5","100"
"2","508-DUMAINESTP","2025","2025","02","6","4500"
"2","508-DUMAINESTP","2025","2025","04","6","1000"
"2","508-DUMAINESTP","2025","2025","05","6","100"
"2","508-DUMAINESTP","2025","2025","02","7","4000"
"2","508-DUMAINESTP","2025","2025","04","7","1200"
"2","508-DUMAINESTP","2025","2025","05","7","50"
"2","508-DUMAINESTP","2025","2025","02","8","2000"
"2","508-DUMAINESTP","2025","2025","04","8","500"
"2","508-DUMAINESTP","2025","2025","05","8","50"
"2","508-DUMAINESTP","2025","2025","02","9","1500"
"2","508-DUMAINESTP","2025","2025","04","9","750"
"2","508-DUMAINESTP","2025","2025","05","9","65"
"2","508-DUMAINESTP","2025","2025","02","10","3500"
"2","508-DUMAINESTP","2025","2025","04","10","2000"
"2","508-DUMAINESTP","2025","2025","05","10","75"
"2","508-DUMAINESTP","2025","2025","02","11","4000"
"2","508-DUMAINESTP","2025","2025","04","11","1500"
"2","508-DUMAINESTP","2025","2025","05","11","100"
"2","508-DUMAINESTP","2025","2025","02","12","6000"
"2","508-DUMAINESTP","2025","2025","04","12","2500"
"2","508-DUMAINESTP","2025","2025","05","12","120"
"3","10100-CHEFMENTEURHWP","2025","2025","01","1","7202"
"3","10100-CHEFMENTEURHWP","2025","2025","01","2","7202"
"3","10100-CHEFMENTEURHWP","2025","2025","01","3","7202"
"3","10100-CHEFMENTEURHWP","2025","2025","01","4","7202"
"3","10100-CHEFMENTEURHWP","2025","2025","01","5","7202"
"3","10100-CHEFMENTEURHWP","2025","2025","01","6","7202"
"3","10100-CHEFMENTEURHWP","2025","2025","01","7","7202"
"3","10100-CHEFMENTEURHWP","2025","2025","01","8","7202"
"3","10100-CHEFMENTEURHWP","2025","2025","01","9","7202"
"3","10100-CHEFMENTEURHWP","2025","2025","01","10","7202"
"3","10100-CHEFMENTEURHWP","2025","2025","01","11","7202"
"3","10100-CHEFMENTEURHWP","2025","2025","01","12","7202"
"6","7004-STCHARLESAVP","2025","2025","05","1","1413"
"6","7004-STCHARLESAVP","2025","2025","05","2","1568"
"6","7004-STCHARLESAVP","2025","2025","05","3","1267"
"6","7004-STCHARLESAVP","2025","2025","05","4","1101"
"6","7004-STCHARLESAVP","2025","2025","05","5","1212"
"6","7004-STCHARLESAVP","2025","2025","05","6","1435"
"6","7004-STCHARLESAVP","2025","2025","05","7","898"
"6","7004-STCHARLESAVP","2025","2025","05","8","743"
"6","7004-STCHARLESAVP","2025","2025","05","9","1316"
"6","7004-STCHARLESAVP","2025","2025","05","10","1004"
"6","7004-STCHARLESAVP","2025","2025","05","11","1384"
"6","7004-STCHARLESAVP","2025","2025","05","12","1986"
"4","2001-STCHARLESAV101P","2025","2025","02","1","909"
"4","2001-STCHARLESAV101P","2025","2025","02","2","740"
"4","2001-STCHARLESAV101P","2025","2025","02","3","1129"
"4","2001-STCHARLESAV101P","2025","2025","02","4","836"
"4","2001-STCHARLESAV101P","2025","2025","02","5","1156"
"4","2001-STCHARLESAV101P","2025","2025","02","6","790"
"4","2001-STCHARLESAV101P","2025","2025","02","7","597"
"4","2001-STCHARLESAV101P","2025","2025","02","8","989"
"4","2001-STCHARLESAV101P","2025","2025","02","9","823"
"4","2001-STCHARLESAV101P","2025","2025","02","10","817"
"4","2001-STCHARLESAV101P","2025","2025","02","11","1402"
"4","2001-STCHARLESAV101P","2025","2025","02","12","813"
"6","4119-MAGAZINESTP","2025","2025","01","12","81344"
"2","920-NRAMPARTSTP","2025","2025","02","1","9713"
"2","920-NRAMPARTSTP","2025","2025","02","2","8973"
"2","920-NRAMPARTSTP","2025","2025","02","3","10103"
"2","920-NRAMPARTSTP","2025","2025","02","4","8556"
"2","920-NRAMPARTSTP","2025","2025","02","5","9061"
"2","920-NRAMPARTSTP","2025","2025","02","6","11003"
"2","920-NRAMPARTSTP","2025","2025","02","7","12271"
"2","920-NRAMPARTSTP","2025","2025","02","8","10212"
"2","920-NRAMPARTSTP","2025","2025","02","9","8971"
"2","920-NRAMPARTSTP","2025","2025","02","10","10715"
"2","920-NRAMPARTSTP","2025","2025","02","11","11347"
"2","920-NRAMPARTSTP","2025","2025","02","12","8703"
"3","2670-GLADIOLUSSTP","2025","2025","01","1","8327"
"3","2670-GLADIOLUSSTP","2025","2025","01","2","7208"
"3","2670-GLADIOLUSSTP","2025","2025","01","3","7919"
"3","2670-GLADIOLUSSTP","2025","2025","01","4","8007"
"3","2670-GLADIOLUSSTP","2025","2025","01","5","7886"
"3","2670-GLADIOLUSSTP","2025","2025","01","6","8326"
"3","2670-GLADIOLUSSTP","2025","2025","01","7","8471"
"3","2670-GLADIOLUSSTP","2025","2025","01","8","8673"
"3","2670-GLADIOLUSSTP","2025","2025","01","9","9768"
"3","2670-GLADIOLUSSTP","2025","2025","01","10","9764"
"3","2670-GLADIOLUSSTP","2025","2025","01","11","9846"
"3","2670-GLADIOLUSSTP","2025","2025","01","12","10176"
"1","3201-DHEMECOURTSTP","2025","2025","01","1","38780"
"1","3201-DHEMECOURTSTP","2025","2025","01","5","34902"
"4","2135-MAGAZINESTP","2025","2025","01","1","75000"
"4","2135-MAGAZINESTP","2025","2025","01","2","75000"
"4","2135-MAGAZINESTP","2025","2025","01","3","75000"
"4","2135-MAGAZINESTP","2025","2025","01","4","75000"
"4","2135-MAGAZINESTP","2025","2025","01","5","75000"
"4","2135-MAGAZINESTP","2025","2025","01","6","75000"
"4","2135-MAGAZINESTP","2025","2025","01","7","75000"
"4","2135-MAGAZINESTP","2025","2025","01","8","75000"
"4","2135-MAGAZINESTP","2025","2025","01","9","75000"
"4","2135-MAGAZINESTP","2025","2025","01","10","75000"
"4","2135-MAGAZINESTP","2025","2025","01","11","75000"
"4","2135-MAGAZINESTP","2025","2025","01","12","75000"
"3","3400-FRANKLINAVBP","2025","2025","01","1","83000"
"3","3400-FRANKLINAVBP","2025","2025","01","2","83000"
"3","3400-FRANKLINAVBP","2025","2025","01","3","83000"
"3","3400-FRANKLINAVBP","2025","2025","01","4","83000"
"3","3400-FRANKLINAVBP","2025","2025","01","5","83000"
"3","3400-FRANKLINAVBP","2025","2025","01","6","83000"
"3","3400-FRANKLINAVBP","2025","2025","01","7","83000"
"3","3400-FRANKLINAVBP","2025","2025","01","8","83000"
"3","3400-FRANKLINAVBP","2025","2025","01","9","83000"
"3","3400-FRANKLINAVBP","2025","2025","01","10","83000"
"3","3400-FRANKLINAVBP","2025","2025","01","11","83000"
"3","3400-FRANKLINAVBP","2025","2025","01","12","83000"
"1","1001-SBROADSTP","2025","2025","05","1","42"
"1","1001-SBROADSTP","2025","2025","05","2","364"
"1","1001-SBROADSTP","2025","2025","05","3","362"
"1","1001-SBROADSTP","2025","2025","05","4","107"
"1","1001-SBROADSTP","2025","2025","05","5","183"
"1","1001-SBROADSTP","2025","2025","05","6","215"
"1","1001-SBROADSTP","2025","2025","05","7","24"
"1","1001-SBROADSTP","2025","2025","05","8","121"
"1","1001-SBROADSTP","2025","2025","05","9","118"
"1","1001-SBROADSTP","2025","2025","05","10","271"
"1","1001-SBROADSTP","2025","2025","05","11","506"
"1","1001-SBROADSTP","2025","2025","05","12","129"
"5","133-DELARONDESTP","2025","2025","02","12","7331"
"3","3300-ROYALST01P","2025","2025","04","1","800"
"3","3300-ROYALST01P","2025","2025","05","1","50"
"3","3300-ROYALST01P","2025","2025","04","2","800"
"3","3300-ROYALST01P","2025","2025","05","2","50"
"3","3300-ROYALST01P","2025","2025","04","3","800"
"3","3300-ROYALST01P","2025","2025","05","3","50"
"3","3300-ROYALST01P","2025","2025","04","4","800"
"3","3300-ROYALST01P","2025","2025","05","4","50"
"3","3300-ROYALST01P","2025","2025","04","5","800"
"3","3300-ROYALST01P","2025","2025","05","5","50"
"3","3300-ROYALST01P","2025","2025","04","6","800"
"3","3300-ROYALST01P","2025","2025","05","6","50"
"3","3300-ROYALST01P","2025","2025","04","7","800"
"3","3300-ROYALST01P","2025","2025","05","7","50"
"3","3300-ROYALST01P","2025","2025","04","8","800"
"3","3300-ROYALST01P","2025","2025","05","8","50"
"3","3300-ROYALST01P","2025","2025","04","9","800"
"3","3300-ROYALST01P","2025","2025","05","9","50"
"3","3300-ROYALST01P","2025","2025","04","10","800"
"3","3300-ROYALST01P","2025","2025","05","10","50"
"3","3300-ROYALST01P","2025","2025","04","11","800"
"3","3300-ROYALST01P","2025","2025","05","11","50"
"3","3300-ROYALST01P","2025","2025","04","12","800"
"3","3300-ROYALST01P","2025","2025","05","12","50"
"2","321-NBROADSTP","2025","2025","01","1","2290"
"2","321-NBROADSTP","2025","2025","01","2","2290"
"2","321-NBROADSTP","2025","2025","01","3","2290"
"2","321-NBROADSTP","2025","2025","01","4","792"
"2","321-NBROADSTP","2025","2025","01","5","792"
"1","1001-SBROADST0000001P","2025","2025","04","1","8870"
"1","1001-SBROADST0000001P","2025","2025","05","1","2706"
"1","1001-SBROADST0000001P","2025","2025","04","2","10675"
"1","1001-SBROADST0000001P","2025","2025","04","3","10378"
"1","1001-SBROADST0000001P","2025","2025","04","4","9698"
"1","1001-SBROADST0000001P","2025","2025","04","5","9463"
"1","1001-SBROADST0000001P","2025","2025","05","5","111"
"1","1001-SBROADST0000001P","2025","2025","04","6","4355"
"1","1001-SBROADST0000001P","2025","2025","05","6","3641"
"1","1001-SBROADST0000001P","2025","2025","04","7","11392"
"1","1001-SBROADST0000001P","2025","2025","05","7","4996"
"1","1001-SBROADST0000001P","2025","2025","04","8","10980"
"1","1001-SBROADST0000001P","2025","2025","05","8","1212"
"1","1001-SBROADST0000001P","2025","2025","04","9","13201"
"1","1001-SBROADST0000001P","2025","2025","05","9","2689"
"1","1001-SBROADST0000001P","2025","2025","04","10","12615"
"1","1001-SBROADST0000001P","2025","2025","05","10","18"
"1","1001-SBROADST0000001P","2025","2025","04","11","12506"
"1","1001-SBROADST0000001P","2025","2025","05","11","2571"
"1","1001-SBROADST0000001P","2025","2025","04","12","11800"
"1","1001-SBROADST0000001P","2025","2025","05","12","9259"
"7","8400-EARHART1P","2025","2025","01","1","697494"
"7","8400-EARHART1P","2025","2025","01","2","605319"
"7","8400-EARHART1P","2025","2025","01","3","600985"
"7","8400-EARHART1P","2025","2025","01","4","616999"
"7","8400-EARHART1P","2025","2025","01","5","677967"
"7","8400-EARHART1P","2025","2025","01","6","640156"
"7","8400-EARHART1P","2025","2025","01","7","625033"
"7","8400-EARHART1P","2025","2025","01","8","639923"
"7","8400-EARHART1P","2025","2025","01","9","632631"
"7","8400-EARHART1P","2025","2025","01","10","621267"
"7","8400-EARHART1P","2025","2025","01","11","593494"
"7","8400-EARHART1P","2025","2025","01","12","672926"
"2","605-CANALSTP","2025","2025","99","1","148335"
"2","605-CANALSTP","2025","2025","99","12","192896"
"2","716-IBERVILLEST010P","2025","2025","99","1","351285"
"2","716-IBERVILLEST010P","2025","2025","99","12","316376"
"2","144-BOURBONSTP","2025","2025","99","1","193488"
"2","144-BOURBONSTP","2025","2025","99","12","200062"
"7","937-LEONIDASSTP","2025","2025","01","12","17154"
"7","937-LEONIDASSTP","2025","2025","02","12","1054"
"2","616-STPETERSTP","2025","2025","99","1","134742"
"2","616-STPETERSTP","2025","2025","99","12","134468"
"3","13800-GENTILLYRDP","2025","2025","03","1","3975427"
"3","13800-GENTILLYRDP","2025","2025","03","2","4370890"
"3","13800-GENTILLYRDP","2025","2025","03","3","4657241"
"3","13800-GENTILLYRDP","2025","2025","03","4","4433260"
"3","13800-GENTILLYRDP","2025","2025","03","5","4543491"
"3","13800-GENTILLYRDP","2025","2025","03","6","5073381"
"3","13800-GENTILLYRDP","2025","2025","03","7","5352948"
"3","13800-GENTILLYRDP","2025","2025","03","8","4860853"
"3","13800-GENTILLYRDP","2025","2025","03","9","4598326"
"3","13800-GENTILLYRDP","2025","2025","03","10","4923316"
"3","13800-GENTILLYRDP","2025","2025","03","11","5311520"
"3","13800-GENTILLYRDP","2025","2025","03","12","4899808"
"1","3615-DHEMECOURTSTP","2025","2025","99","1","6025"
"1","3615-DHEMECOURTSTP","2025","2025","99","12","96253"
"6","1838-NAPOLEONAVP","2025","2025","99","5","43711"
"6","1838-NAPOLEONAVP","2025","2025","99","12","49965"
"7","7900-PALMSTP","2025","2025","01","1","39721"
"7","7900-PALMSTP","2025","2025","01","2","37048"
"7","7900-PALMSTP","2025","2025","01","3","42593"
"7","7900-PALMSTP","2025","2025","01","4","36934"
"7","7900-PALMSTP","2025","2025","01","5","40568"
"7","7900-PALMSTP","2025","2025","01","6","41034"
"7","7900-PALMSTP","2025","2025","01","7","37880"
"7","7900-PALMSTP","2025","2025","01","8","38779"
"7","7900-PALMSTP","2025","2025","01","9","43912"
"7","7900-PALMSTP","2025","2025","01","10","41466"
"7","7900-PALMSTP","2025","2025","01","11","42685"
"7","7900-PALMSTP","2025","2025","01","12","36995"
"1","634-ORANGESTP","2025","2025","99","1","149935"
"1","634-ORANGESTP","2025","2025","99","12","157883"
"3","2352-STCLAUDEAVP","2025","2025","01","12","5050"
"3","5703-READBLBP","2025","2025","01","1","4000"
"3","5703-READBLBP","2025","2025","01","2","4000"
"3","5703-READBLBP","2025","2025","01","3","4000"
"3","5703-READBLBP","2025","2025","01","4","4000"
"3","5703-READBLBP","2025","2025","01","5","4000"
"3","5703-READBLBP","2025","2025","01","6","4000"
"3","5703-READBLBP","2025","2025","01","7","4000"
"3","5703-READBLBP","2025","2025","01","8","4000"
"3","5703-READBLBP","2025","2025","01","9","4000"
"3","5703-READBLBP","2025","2025","01","10","4000"
"3","5703-READBLBP","2025","2025","01","11","4000"
"3","5703-READBLBP","2025","2025","01","12","4000"
"7","513-SCARROLLTONAVP","2025","2025","01","1","1666"
"7","513-SCARROLLTONAVP","2025","2025","01","2","4147"
"7","513-SCARROLLTONAVP","2025","2025","01","3","2906"
"7","513-SCARROLLTONAVP","2025","2025","01","4","3120"
"7","513-SCARROLLTONAVP","2025","2025","01","5","1394"
"7","513-SCARROLLTONAVP","2025","2025","01","6","3148"
"7","513-SCARROLLTONAVP","2025","2025","01","7","4603"
"7","513-SCARROLLTONAVP","2025","2025","01","8","1957"
"7","513-SCARROLLTONAVP","2025","2025","01","9","4353"
"7","513-SCARROLLTONAVP","2025","2025","01","10","8612"
"7","513-SCARROLLTONAVP","2025","2025","01","11","4117"
"7","513-SCARROLLTONAVP","2025","2025","01","12","4559"
"5","2916-GENDEGAULLEDR104P","2025","2025","05","2","193"
"5","2916-GENDEGAULLEDR104P","2025","2025","05","6","55"
"5","2916-GENDEGAULLEDR104P","2025","2025","05","10","71"
"1","901-TCHOUPITOULASST02P","2025","2025","04","1","300000"
"1","901-TCHOUPITOULASST02P","2025","2025","04","6","275325"
"1","901-TCHOUPITOULASST02P","2025","2025","04","12","398000"
"2","536-STPETERSTP","2025","2025","01","1","67903"
"2","536-STPETERSTP","2025","2025","01","2","69824"
"2","536-STPETERSTP","2025","2025","01","3","73753"
"2","536-STPETERSTP","2025","2025","01","4","69343"
"2","536-STPETERSTP","2025","2025","05","4","152"
"2","536-STPETERSTP","2025","2025","01","5","78753"
"2","536-STPETERSTP","2025","2025","05","5","23"
"2","536-STPETERSTP","2025","2025","01","6","85296"
"2","536-STPETERSTP","2025","2025","05","6","55"
"2","536-STPETERSTP","2025","2025","01","7","79085"
"2","536-STPETERSTP","2025","2025","05","7","110"
"2","536-STPETERSTP","2025","2025","01","8","82908"
"2","536-STPETERSTP","2025","2025","05","8","239"
"2","536-STPETERSTP","2025","2025","01","9","76745"
"2","536-STPETERSTP","2025","2025","05","9","140"
"2","536-STPETERSTP","2025","2025","01","10","72896"
"2","536-STPETERSTP","2025","2025","01","11","74542"
"2","536-STPETERSTP","2025","2025","01","12","62619"
"2","536-STPETERSTP","2025","2025","05","12","242"
"3","2137-CATONSTP","2025","2025","01","1","101942"
"3","2137-CATONSTP","2025","2025","05","1","100"
"3","2137-CATONSTP","2025","2025","01","2","110659"
"3","2137-CATONSTP","2025","2025","05","2","100"
"3","2137-CATONSTP","2025","2025","01","3","112858"
"3","2137-CATONSTP","2025","2025","05","3","150"
"3","2137-CATONSTP","2025","2025","01","4","114548"
"3","2137-CATONSTP","2025","2025","05","4","150"
"3","2137-CATONSTP","2025","2025","01","5","97238"
"3","2137-CATONSTP","2025","2025","05","5","150"
"3","2137-CATONSTP","2025","2025","01","6","83163"
"3","2137-CATONSTP","2025","2025","05","6","100"
"3","2137-CATONSTP","2025","2025","01","7","74021"
"3","2137-CATONSTP","2025","2025","05","7","100"
"3","2137-CATONSTP","2025","2025","01","8","76956"
"3","2137-CATONSTP","2025","2025","05","8","100"
"3","2137-CATONSTP","2025","2025","01","9","86624"
"3","2137-CATONSTP","2025","2025","05","9","100"
"3","2137-CATONSTP","2025","2025","01","10","95043"
"3","2137-CATONSTP","2025","2025","05","10","100"
"3","2137-CATONSTP","2025","2025","01","11","102871"
"3","2137-CATONSTP","2025","2025","05","11","100"
"3","2137-CATONSTP","2025","2025","01","12","90630"
"3","2137-CATONSTP","2025","2025","05","12","100"
"1","346-BARONNESTP","2025","2025","05","1","5487"
"1","346-BARONNESTP","2025","2025","05","2","5131"
"1","346-BARONNESTP","2025","2025","05","3","8102"
"1","346-BARONNESTP","2025","2025","05","4","4764"
"1","346-BARONNESTP","2025","2025","05","5","9793"
"1","346-BARONNESTP","2025","2025","05","6","4515"
"1","346-BARONNESTP","2025","2025","05","7","8329"
"1","346-BARONNESTP","2025","2025","05","8","4774"
"1","346-BARONNESTP","2025","2025","05","9","2488"
"1","346-BARONNESTP","2025","2025","05","10","7105"
"1","346-BARONNESTP","2025","2025","05","11","5876"
"1","346-BARONNESTP","2025","2025","05","12","5230"
"6","5353-LAURELSTP","2025","2025","01","1","7038"
"6","5353-LAURELSTP","2025","2025","05","1","14915"
"6","5353-LAURELSTP","2025","2025","01","2","15414"
"6","5353-LAURELSTP","2025","2025","05","2","13924"
"6","5353-LAURELSTP","2025","2025","01","3","6399"
"6","5353-LAURELSTP","2025","2025","05","3","13274"
"6","5353-LAURELSTP","2025","2025","01","4","9149"
"6","5353-LAURELSTP","2025","2025","05","4","16590"
"6","5353-LAURELSTP","2025","2025","01","5","8283"
"6","5353-LAURELSTP","2025","2025","05","5","23605"
"6","5353-LAURELSTP","2025","2025","01","6","12272"
"6","5353-LAURELSTP","2025","2025","05","6","32858"
"6","5353-LAURELSTP","2025","2025","01","7","7211"
"6","5353-LAURELSTP","2025","2025","05","7","21791"
"6","5353-LAURELSTP","2025","2025","01","8","7743"
"6","5353-LAURELSTP","2025","2025","05","8","23252"
"6","5353-LAURELSTP","2025","2025","01","9","14532"
"6","5353-LAURELSTP","2025","2025","05","9","17893"
"6","5353-LAURELSTP","2025","2025","01","10","8170"
"6","5353-LAURELSTP","2025","2025","05","10","16468"
"6","5353-LAURELSTP","2025","2025","01","11","18235"
"6","5353-LAURELSTP","2025","2025","05","11","21580"
"6","5353-LAURELSTP","2025","2025","01","12","10618"
"6","5353-LAURELSTP","2025","2025","05","12","26069"
"7","710-SCARROLLTONAVP","2025","2025","05","1","2800"
"7","710-SCARROLLTONAVP","2025","2025","05","2","3000"
"7","710-SCARROLLTONAVP","2025","2025","05","3","3000"
"7","710-SCARROLLTONAVP","2025","2025","05","4","2800"
"7","710-SCARROLLTONAVP","2025","2025","05","5","3100"
"7","710-SCARROLLTONAVP","2025","2025","05","6","2500"
"7","710-SCARROLLTONAVP","2025","2025","05","7","2200"
"7","710-SCARROLLTONAVP","2025","2025","05","8","2800"
"7","710-SCARROLLTONAVP","2025","2025","05","9","2900"
"7","710-SCARROLLTONAVP","2025","2025","05","10","2800"
"7","710-SCARROLLTONAVP","2025","2025","05","11","2500"
"7","710-SCARROLLTONAVP","2025","2025","05","12","2600"
"2","3201-TOULOUSESTP","2025","2025","01","1","3569"
"2","3201-TOULOUSESTP","2025","2025","01","2","6918"
"2","3201-TOULOUSESTP","2025","2025","01","3","2674"
"2","3201-TOULOUSESTP","2025","2025","01","4","1810"
"2","3201-TOULOUSESTP","2025","2025","01","5","3296"
"2","3201-TOULOUSESTP","2025","2025","01","6","2018"
"2","3201-TOULOUSESTP","2025","2025","01","7","1321"
"2","3201-TOULOUSESTP","2025","2025","01","8","2417"
"2","3201-TOULOUSESTP","2025","2025","01","9","4466"
"2","3201-TOULOUSESTP","2025","2025","01","10","6547"
"2","3201-TOULOUSESTP","2025","2025","01","11","8452"
"2","3201-TOULOUSESTP","2025","2025","01","12","8993"
"6","5279-TCHOUPITOULASSTP","2025","2025","05","1","1284"
"6","5279-TCHOUPITOULASSTP","2025","2025","05","12","1313"
"3","13800-OLDGENTILLYRD040P","2025","2025","02","1","2500"
"3","13800-OLDGENTILLYRD040P","2025","2025","03","1","5134"
"3","13800-OLDGENTILLYRD040P","2025","2025","04","1","18996"
"3","13800-OLDGENTILLYRD040P","2025","2025","02","2","2500"
"3","13800-OLDGENTILLYRD040P","2025","2025","03","2","5134"
"3","13800-OLDGENTILLYRD040P","2025","2025","04","2","18996"
"3","13800-OLDGENTILLYRD040P","2025","2025","02","3","2500"
"3","13800-OLDGENTILLYRD040P","2025","2025","03","3","5134"
"3","13800-OLDGENTILLYRD040P","2025","2025","04","3","18996"
"3","13800-OLDGENTILLYRD040P","2025","2025","02","4","2500"
"3","13800-OLDGENTILLYRD040P","2025","2025","03","4","5134"
"3","13800-OLDGENTILLYRD040P","2025","2025","04","4","18996"
"3","13800-OLDGENTILLYRD040P","2025","2025","02","5","2500"
"3","13800-OLDGENTILLYRD040P","2025","2025","03","5","5134"
"3","13800-OLDGENTILLYRD040P","2025","2025","04","5","18996"
"3","13800-OLDGENTILLYRD040P","2025","2025","02","6","2500"
"3","13800-OLDGENTILLYRD040P","2025","2025","03","6","5134"
"3","13800-OLDGENTILLYRD040P","2025","2025","04","6","18996"
"3","13800-OLDGENTILLYRD040P","2025","2025","02","7","2500"
"3","13800-OLDGENTILLYRD040P","2025","2025","03","7","5134"
"3","13800-OLDGENTILLYRD040P","2025","2025","04","7","18996"
"3","13800-OLDGENTILLYRD040P","2025","2025","02","8","2500"
"3","13800-OLDGENTILLYRD040P","2025","2025","03","8","5134"
"3","13800-OLDGENTILLYRD040P","2025","2025","04","8","18996"
"3","13800-OLDGENTILLYRD040P","2025","2025","02","9","2500"
"3","13800-OLDGENTILLYRD040P","2025","2025","03","9","5134"
"3","13800-OLDGENTILLYRD040P","2025","2025","04","9","18996"
"3","13800-OLDGENTILLYRD040P","2025","2025","02","10","2500"
"3","13800-OLDGENTILLYRD040P","2025","2025","03","10","5134"
"3","13800-OLDGENTILLYRD040P","2025","2025","04","10","18996"
"3","13800-OLDGENTILLYRD040P","2025","2025","02","11","2500"
"3","13800-OLDGENTILLYRD040P","2025","2025","03","11","5134"
"3","13800-OLDGENTILLYRD040P","2025","2025","04","11","18996"
"3","13800-OLDGENTILLYRD040P","2025","2025","02","12","2500"
"3","13800-OLDGENTILLYRD040P","2025","2025","03","12","5134"
"3","13800-OLDGENTILLYRD040P","2025","2025","04","12","18996"
"4","3233-MAGAZINESTP","2025","2025","01","1","670140"
"4","3233-MAGAZINESTP","2025","2025","01","2","714518"
"4","3233-MAGAZINESTP","2025","2025","01","3","721924"
"4","3233-MAGAZINESTP","2025","2025","01","4","681252"
"4","3233-MAGAZINESTP","2025","2025","01","5","703593"
"4","3233-MAGAZINESTP","2025","2025","01","6","717559"
"4","3233-MAGAZINESTP","2025","2025","01","7","712830"
"4","3233-MAGAZINESTP","2025","2025","01","8","719576"
"4","3233-MAGAZINESTP","2025","2025","01","9","710548"
"4","3233-MAGAZINESTP","2025","2025","01","10","688770"
"4","3233-MAGAZINESTP","2025","2025","01","11","745724"
"4","3233-MAGAZINESTP","2025","2025","01","12","737632"
"1","701-POYDRASST3500P","2025","2025","05","1","1224"
"1","701-POYDRASST3500P","2025","2025","05","2","2815"
"1","701-POYDRASST3500P","2025","2025","05","3","1442"
"1","701-POYDRASST3500P","2025","2025","05","4","1277"
"1","701-POYDRASST3500P","2025","2025","05","5","2496"
"1","701-POYDRASST3500P","2025","2025","05","6","1473"
"1","701-POYDRASST3500P","2025","2025","05","7","525"
"1","701-POYDRASST3500P","2025","2025","05","8","1542"
"1","701-POYDRASST3500P","2025","2025","05","9","1143"
"1","701-POYDRASST3500P","2025","2025","05","10","1626"
"1","701-POYDRASST3500P","2025","2025","05","11","1306"
"1","701-POYDRASST3500P","2025","2025","05","12","288"
"2","2811-TOULOUSESTP","2025","2025","01","1","484188"
"2","2811-TOULOUSESTP","2025","2025","01","2","468162"
"2","2811-TOULOUSESTP","2025","2025","01","3","365582"
"2","2811-TOULOUSESTP","2025","2025","01","4","335333"
"2","2811-TOULOUSESTP","2025","2025","01","5","435753"
"2","2811-TOULOUSESTP","2025","2025","01","6","474587"
"2","2811-TOULOUSESTP","2025","2025","01","7","464448"
"2","2811-TOULOUSESTP","2025","2025","01","8","446428"
"2","2811-TOULOUSESTP","2025","2025","01","9","416326"
"2","2811-TOULOUSESTP","2025","2025","01","10","400710"
"2","2811-TOULOUSESTP","2025","2025","01","11","401067"
"2","2811-TOULOUSESTP","2025","2025","01","12","446614"
"1","308-SDIAMONDSTP","2025","2025","01","1","20000"
"1","308-SDIAMONDSTP","2025","2025","01","2","20000"
"1","308-SDIAMONDSTP","2025","2025","01","3","20000"
"1","308-SDIAMONDSTP","2025","2025","01","4","20000"
"1","308-SDIAMONDSTP","2025","2025","01","5","20000"
"1","308-SDIAMONDSTP","2025","2025","01","6","20000"
"1","308-SDIAMONDSTP","2025","2025","01","7","20000"
"1","308-SDIAMONDSTP","2025","2025","01","8","20000"
"1","308-SDIAMONDSTP","2025","2025","01","9","20000"
"1","308-SDIAMONDSTP","2025","2025","01","10","20000"
"1","308-SDIAMONDSTP","2025","2025","01","11","20000"
"1","308-SDIAMONDSTP","2025","2025","01","12","20000"
"2","4919-CANALSTP","2025","2025","05","1","105"
"2","4919-CANALSTP","2025","2025","05","2","105"
"2","4919-CANALSTP","2025","2025","05","3","105"
"2","4919-CANALSTP","2025","2025","05","4","105"
"2","4919-CANALSTP","2025","2025","05","5","105"
"2","4919-CANALSTP","2025","2025","05","6","105"
"2","4919-CANALSTP","2025","2025","05","7","105"
"2","4919-CANALSTP","2025","2025","05","8","105"
"2","4919-CANALSTP","2025","2025","05","9","105"
"2","4919-CANALSTP","2025","2025","05","10","105"
"2","4919-CANALSTP","2025","2025","05","11","105"
"2","4919-CANALSTP","2025","2025","05","12","105"
"1","333-JULIASTP","2025","2025","01","1","38619"
"1","333-JULIASTP","2025","2025","01","2","66327"
"1","333-JULIASTP","2025","2025","01","3","59300"
"1","333-JULIASTP","2025","2025","01","4","46870"
"1","333-JULIASTP","2025","2025","01","5","51926"
"1","333-JULIASTP","2025","2025","01","6","42820"
"1","333-JULIASTP","2025","2025","01","7","34823"
"1","333-JULIASTP","2025","2025","01","8","39465"
"1","333-JULIASTP","2025","2025","01","9","34976"
"1","333-JULIASTP","2025","2025","01","10","33290"
"1","333-JULIASTP","2025","2025","01","11","37129"
"1","333-JULIASTP","2025","2025","01","12","40665"
"1","925-POEYFARRESTP","2025","2025","01","1","81025"
"1","925-POEYFARRESTP","2025","2025","01","2","91992"
"1","925-POEYFARRESTP","2025","2025","01","3","72658"
"1","925-POEYFARRESTP","2025","2025","01","4","65667"
"1","925-POEYFARRESTP","2025","2025","01","5","74148"
"1","925-POEYFARRESTP","2025","2025","01","6","55278"
"1","925-POEYFARRESTP","2025","2025","01","7","45511"
"1","925-POEYFARRESTP","2025","2025","01","8","49825"
"1","925-POEYFARRESTP","2025","2025","01","9","45407"
"1","925-POEYFARRESTP","2025","2025","01","10","46747"
"1","925-POEYFARRESTP","2025","2025","01","11","49479"
"1","925-POEYFARRESTP","2025","2025","01","12","47655"
"2","2812-TOULOUSESTP","2025","2025","01","1","1416631"
"2","2812-TOULOUSESTP","2025","2025","01","2","1182563"
"2","2812-TOULOUSESTP","2025","2025","01","3","795004"
"2","2812-TOULOUSESTP","2025","2025","01","4","803643"
"2","2812-TOULOUSESTP","2025","2025","01","5","805952"
"2","2812-TOULOUSESTP","2025","2025","01","6","980396"
"2","2812-TOULOUSESTP","2025","2025","01","7","1243790"
"2","2812-TOULOUSESTP","2025","2025","01","8","1369535"
"2","2812-TOULOUSESTP","2025","2025","01","9","1420891"
"2","2812-TOULOUSESTP","2025","2025","01","10","1955219"
"2","2812-TOULOUSESTP","2025","2025","01","11","2094210"
"2","2812-TOULOUSESTP","2025","2025","01","12","2170487"
"1","301-MAGAZINEST01P","2025","2025","01","1","42822"
"1","301-MAGAZINEST01P","2025","2025","01","2","49489"
"1","301-MAGAZINEST01P","2025","2025","01","3","52109"
"1","301-MAGAZINEST01P","2025","2025","01","4","48373"
"1","301-MAGAZINEST01P","2025","2025","01","5","52187"
"1","301-MAGAZINEST01P","2025","2025","01","6","42427"
"1","301-MAGAZINEST01P","2025","2025","01","7","33885"
"1","301-MAGAZINEST01P","2025","2025","01","8","29102"
"1","301-MAGAZINEST01P","2025","2025","01","9","30892"
"1","301-MAGAZINEST01P","2025","2025","01","10","33107"
"1","301-MAGAZINEST01P","2025","2025","01","11","42748"
"1","301-MAGAZINEST01P","2025","2025","01","12","44512"
"1","535-GRAVIERSTP","2025","2025","01","1","19283"
"1","535-GRAVIERSTP","2025","2025","01","2","20307"
"1","535-GRAVIERSTP","2025","2025","01","3","21831"
"1","535-GRAVIERSTP","2025","2025","01","4","25673"
"1","535-GRAVIERSTP","2025","2025","01","5","37478"
"1","535-GRAVIERSTP","2025","2025","01","6","42627"
"1","535-GRAVIERSTP","2025","2025","01","7","47386"
"1","535-GRAVIERSTP","2025","2025","01","8","23848"
"1","535-GRAVIERSTP","2025","2025","01","9","8065"
"1","535-GRAVIERSTP","2025","2025","01","10","8065"
"1","535-GRAVIERSTP","2025","2025","01","11","8065"
"1","535-GRAVIERSTP","2025","2025","01","12","8065"
"5","3640-GENDEGAULLEDRP","2025","2025","01","1","2100"
"5","3640-GENDEGAULLEDRP","2025","2025","01","2","1990"
"5","3640-GENDEGAULLEDRP","2025","2025","01","3","1900"
"5","3640-GENDEGAULLEDRP","2025","2025","01","4","1988"
"5","3640-GENDEGAULLEDRP","2025","2025","01","5","2000"
"5","3640-GENDEGAULLEDRP","2025","2025","01","6","2000"
"5","3640-GENDEGAULLEDRP","2025","2025","01","7","2025"
"5","3640-GENDEGAULLEDRP","2025","2025","01","8","1800"
"5","3640-GENDEGAULLEDRP","2025","2025","01","9","1890"
"5","3640-GENDEGAULLEDRP","2025","2025","01","10","1900"
"5","3640-GENDEGAULLEDRP","2025","2025","01","11","1985"
"5","3640-GENDEGAULLEDRP","2025","2025","01","12","2050"
"6","5521-MAGAZINESTP","2025","2025","01","12","40000"
"3","2381-STCLAUDEAV07P","2025","2025","05","1","10021"
"3","2381-STCLAUDEAV07P","2025","2025","05","2","8829"
"3","2381-STCLAUDEAV07P","2025","2025","05","3","6536"
"3","2381-STCLAUDEAV07P","2025","2025","05","4","5972"
"3","2381-STCLAUDEAV07P","2025","2025","05","5","7329"
"3","2381-STCLAUDEAV07P","2025","2025","05","6","2895"
"3","2381-STCLAUDEAV07P","2025","2025","05","7","1987"
"3","2381-STCLAUDEAV07P","2025","2025","05","8","727"
"3","2381-STCLAUDEAV07P","2025","2025","05","9","9026"
"3","2381-STCLAUDEAV07P","2025","2025","05","10","7866"
"3","2381-STCLAUDEAV07P","2025","2025","05","11","8022"
"3","2381-STCLAUDEAV07P","2025","2025","05","12","6617"
"6","4822-TCHOUPITOULASSTP","2025","2025","04","1","26073001"
"6","4822-TCHOUPITOULASSTP","2025","2025","04","12","9287840"
"2","115-BOURBONSTP","2025","2025","02","1","153707"
"2","115-BOURBONSTP","2025","2025","02","2","143843"
"2","115-BOURBONSTP","2025","2025","02","3","149600"
"2","115-BOURBONSTP","2025","2025","02","4","154817"
"2","115-BOURBONSTP","2025","2025","02","5","146091"
"2","115-BOURBONSTP","2025","2025","02","6","128234"
"2","115-BOURBONSTP","2025","2025","02","7","157616"
"2","115-BOURBONSTP","2025","2025","02","8","152095"
"2","115-BOURBONSTP","2025","2025","02","9","154146"
"2","115-BOURBONSTP","2025","2025","02","10","151345"
"2","115-BOURBONSTP","2025","2025","02","11","181352"
"2","115-BOURBONSTP","2025","2025","02","12","190169"
"7","3333-SCARROLLTONAVP","2025","2025","05","1","600"
"7","3333-SCARROLLTONAVP","2025","2025","05","2","600"
"7","3333-SCARROLLTONAVP","2025","2025","05","3","600"
"7","3333-SCARROLLTONAVP","2025","2025","05","4","600"
"7","3333-SCARROLLTONAVP","2025","2025","05","5","600"
"7","3333-SCARROLLTONAVP","2025","2025","05","6","600"
"7","3333-SCARROLLTONAVP","2025","2025","05","7","600"
"7","3333-SCARROLLTONAVP","2025","2025","05","8","600"
"7","3333-SCARROLLTONAVP","2025","2025","05","9","600"
"7","3333-SCARROLLTONAVP","2025","2025","05","10","600"
"7","3333-SCARROLLTONAVP","2025","2025","05","11","600"
"7","3333-SCARROLLTONAVP","2025","2025","05","12","600"
"1","800-TCHOUPITOULASSTP","2025","2025","04","1","1252952"
"1","800-TCHOUPITOULASSTP","2025","2025","04","2","1289721"
"1","800-TCHOUPITOULASSTP","2025","2025","04","3","1283822"
"1","800-TCHOUPITOULASSTP","2025","2025","04","4","1279749"
"1","800-TCHOUPITOULASSTP","2025","2025","04","5","1284351"
"1","800-TCHOUPITOULASSTP","2025","2025","04","6","1278386"
"1","800-TCHOUPITOULASSTP","2025","2025","04","7","1278386"
"1","800-TCHOUPITOULASSTP","2025","2025","04","8","1324621"
"1","800-TCHOUPITOULASSTP","2025","2025","04","9","1278386"
"1","800-TCHOUPITOULASSTP","2025","2025","04","10","1276584"
"1","800-TCHOUPITOULASSTP","2025","2025","04","11","1282131"
"1","800-TCHOUPITOULASSTP","2025","2025","04","12","1508093"
"2","874-HARRISONAVP","2025","2025","99","1","12282"
"2","874-HARRISONAVP","2025","2025","99","12","7236"
"2","900-CITYPARKAVP","2025","2025","02","1","137362"
"2","900-CITYPARKAVP","2025","2025","02","2","123639"
"2","900-CITYPARKAVP","2025","2025","02","3","139198"
"2","900-CITYPARKAVP","2025","2025","02","4","136976"
"2","900-CITYPARKAVP","2025","2025","02","5","152255"
"2","900-CITYPARKAVP","2025","2025","02","6","142606"
"2","900-CITYPARKAVP","2025","2025","02","7","136345"
"2","900-CITYPARKAVP","2025","2025","02","8","127997"
"2","900-CITYPARKAVP","2025","2025","02","9","131414"
"2","900-CITYPARKAVP","2025","2025","02","10","129984"
"2","900-CITYPARKAVP","2025","2025","02","11","158028"
"2","900-CITYPARKAVP","2025","2025","02","12","179278"
"6","5227-TCHOUPITOULASSTP","2025","2025","05","1","3250"
"6","5227-TCHOUPITOULASSTP","2025","2025","05","2","3390"
"6","5227-TCHOUPITOULASSTP","2025","2025","05","3","4150"
"6","5227-TCHOUPITOULASSTP","2025","2025","05","4","3775"
"6","5227-TCHOUPITOULASSTP","2025","2025","05","5","3260"
"6","5227-TCHOUPITOULASSTP","2025","2025","05","6","3070"
"6","5227-TCHOUPITOULASSTP","2025","2025","05","7","2885"
"6","5227-TCHOUPITOULASSTP","2025","2025","05","8","3165"
"6","5227-TCHOUPITOULASSTP","2025","2025","05","9","3390"
"6","5227-TCHOUPITOULASSTP","2025","2025","05","10","3570"
"6","5227-TCHOUPITOULASSTP","2025","2025","05","11","3885"
"6","5227-TCHOUPITOULASSTP","2025","2025","05","12","4285"
"3","1930-JAPONICAST1P","2025","2025","04","1","432885"
"3","1930-JAPONICAST1P","2025","2025","05","1","11902"
"3","1930-JAPONICAST1P","2025","2025","04","2","380948"
"3","1930-JAPONICAST1P","2025","2025","05","2","10813"
"3","1930-JAPONICAST1P","2025","2025","04","3","652994"
"3","1930-JAPONICAST1P","2025","2025","05","3","17129"
"3","1930-JAPONICAST1P","2025","2025","04","4","433130"
"3","1930-JAPONICAST1P","2025","2025","05","4","12007"
"3","1930-JAPONICAST1P","2025","2025","04","5","335907"
"3","1930-JAPONICAST1P","2025","2025","05","5","9478"
"3","1930-JAPONICAST1P","2025","2025","04","6","359244"
"3","1930-JAPONICAST1P","2025","2025","05","6","9793"
"3","1930-JAPONICAST1P","2025","2025","04","7","369157"
"3","1930-JAPONICAST1P","2025","2025","05","7","9920"
"3","1930-JAPONICAST1P","2025","2025","04","8","313600"
"3","1930-JAPONICAST1P","2025","2025","05","8","7926"
"3","1930-JAPONICAST1P","2025","2025","04","9","409623"
"3","1930-JAPONICAST1P","2025","2025","05","9","10422"
"3","1930-JAPONICAST1P","2025","2025","04","10","542626"
"3","1930-JAPONICAST1P","2025","2025","05","10","13155"
"3","1930-JAPONICAST1P","2025","2025","04","11","474805"
"3","1930-JAPONICAST1P","2025","2025","05","11","11156"
"3","1930-JAPONICAST1P","2025","2025","04","12","325013"
"3","1930-JAPONICAST1P","2025","2025","05","12","7959"
"2","42-GULLSTP","2025","2025","05","8","289"
"6","4930-PRYTANIASTP","2025","2025","99","1","3362"
"6","4930-PRYTANIASTP","2025","2025","99","12","3233"
"4","2854-STCHARLESAVP","2025","2025","99","1","2338"
"4","2854-STCHARLESAVP","2025","2025","99","12","2739"
"1","830-UNIONST101P","2025","2025","01","1","1613"
"1","830-UNIONST101P","2025","2025","01","2","1076"
"1","830-UNIONST101P","2025","2025","01","4","2904"
"1","830-UNIONST101P","2025","2025","01","5","1202"
"1","830-UNIONST101P","2025","2025","01","6","206"
"1","830-UNIONST101P","2025","2025","01","7","2694"
"1","830-UNIONST101P","2025","2025","01","8","1406"
"1","830-UNIONST101P","2025","2025","01","9","293"
"1","830-UNIONST101P","2025","2025","01","10","4696"
"1","830-UNIONST101P","2025","2025","01","11","2843"
"1","830-UNIONST101P","2025","2025","01","12","1594"
"2","109-ROYALSTP","2025","2025","01","1","5631"
"2","109-ROYALSTP","2025","2025","01","2","7844"
"2","109-ROYALSTP","2025","2025","01","3","7638"
"2","109-ROYALSTP","2025","2025","01","4","5842"
"2","109-ROYALSTP","2025","2025","01","5","5100"
"2","109-ROYALSTP","2025","2025","01","6","4677"
"2","109-ROYALSTP","2025","2025","01","7","4008"
"2","109-ROYALSTP","2025","2025","01","8","4113"
"2","109-ROYALSTP","2025","2025","01","9","4356"
"2","109-ROYALSTP","2025","2025","01","10","5268"
"2","109-ROYALSTP","2025","2025","01","11","5199"
"2","109-ROYALSTP","2025","2025","01","12","6341"
"1","312-STCHARLESAVP","2025","2025","01","1","6840"
"1","312-STCHARLESAVP","2025","2025","01","2","7833"
"1","312-STCHARLESAVP","2025","2025","01","3","7528"
"1","312-STCHARLESAVP","2025","2025","01","4","6413"
"1","312-STCHARLESAVP","2025","2025","01","5","6003"
"1","312-STCHARLESAVP","2025","2025","01","6","5800"
"1","312-STCHARLESAVP","2025","2025","01","7","5363"
"1","312-STCHARLESAVP","2025","2025","01","8","4988"
"1","312-STCHARLESAVP","2025","2025","01","9","4120"
"1","312-STCHARLESAVP","2025","2025","01","10","4267"
"1","312-STCHARLESAVP","2025","2025","01","11","4655"
"1","312-STCHARLESAVP","2025","2025","01","12","5684"
"2","1204-DECATURSTP","2025","2025","02","1","17616"
"2","1204-DECATURSTP","2025","2025","02","2","16629"
"2","1204-DECATURSTP","2025","2025","02","3","18118"
"2","1204-DECATURSTP","2025","2025","02","4","16980"
"2","1204-DECATURSTP","2025","2025","02","5","11298"
"2","1204-DECATURSTP","2025","2025","02","9","10107"
"2","1204-DECATURSTP","2025","2025","02","10","13318"
"2","1204-DECATURSTP","2025","2025","02","11","9032"
"2","1204-DECATURSTP","2025","2025","02","12","16901"
"2","3801-TOULOUSESTP","2025","2025","01","1","50000"
"2","3801-TOULOUSESTP","2025","2025","02","1","100000"
"2","3801-TOULOUSESTP","2025","2025","03","1","505667"
"2","3801-TOULOUSESTP","2025","2025","04","1","50000"
"2","3801-TOULOUSESTP","2025","2025","05","1","319087"
"2","3801-TOULOUSESTP","2025","2025","01","2","50000"
"2","3801-TOULOUSESTP","2025","2025","02","2","100000"
"2","3801-TOULOUSESTP","2025","2025","03","2","646514"
"2","3801-TOULOUSESTP","2025","2025","04","2","50000"
"2","3801-TOULOUSESTP","2025","2025","05","2","209788"
"2","3801-TOULOUSESTP","2025","2025","01","3","50000"
"2","3801-TOULOUSESTP","2025","2025","02","3","100000"
"2","3801-TOULOUSESTP","2025","2025","03","3","710837"
"2","3801-TOULOUSESTP","2025","2025","04","3","50000"
"2","3801-TOULOUSESTP","2025","2025","05","3","140806"
"2","3801-TOULOUSESTP","2025","2025","01","4","50000"
"2","3801-TOULOUSESTP","2025","2025","02","4","100000"
"2","3801-TOULOUSESTP","2025","2025","03","4","508948"
"2","3801-TOULOUSESTP","2025","2025","04","4","50000"
"2","3801-TOULOUSESTP","2025","2025","05","4","126871"
"2","3801-TOULOUSESTP","2025","2025","01","5","50000"
"2","3801-TOULOUSESTP","2025","2025","02","5","100000"
"2","3801-TOULOUSESTP","2025","2025","03","5","683663"
"2","3801-TOULOUSESTP","2025","2025","04","5","50000"
"2","3801-TOULOUSESTP","2025","2025","05","5","155024"
"2","3801-TOULOUSESTP","2025","2025","01","6","50000"
"2","3801-TOULOUSESTP","2025","2025","02","6","100000"
"2","3801-TOULOUSESTP","2025","2025","03","6","665937"
"2","3801-TOULOUSESTP","2025","2025","04","6","50000"
"2","3801-TOULOUSESTP","2025","2025","05","6","235010"
"2","3801-TOULOUSESTP","2025","2025","01","7","50000"
"2","3801-TOULOUSESTP","2025","2025","02","7","100000"
"2","3801-TOULOUSESTP","2025","2025","03","7","776293"
"2","3801-TOULOUSESTP","2025","2025","04","7","50000"
"2","3801-TOULOUSESTP","2025","2025","05","7","184448"
"2","3801-TOULOUSESTP","2025","2025","01","8","50000"
"2","3801-TOULOUSESTP","2025","2025","02","8","100000"
"2","3801-TOULOUSESTP","2025","2025","03","8","531956"
"2","3801-TOULOUSESTP","2025","2025","04","8","50000"
"2","3801-TOULOUSESTP","2025","2025","05","8","396456"
"2","3801-TOULOUSESTP","2025","2025","01","9","50000"
"2","3801-TOULOUSESTP","2025","2025","02","9","100000"
"2","3801-TOULOUSESTP","2025","2025","03","9","286386"
"2","3801-TOULOUSESTP","2025","2025","04","9","50000"
"2","3801-TOULOUSESTP","2025","2025","05","9","416807"
"2","3801-TOULOUSESTP","2025","2025","01","10","50000"
"2","3801-TOULOUSESTP","2025","2025","02","10","100000"
"2","3801-TOULOUSESTP","2025","2025","03","10","576895"
"2","3801-TOULOUSESTP","2025","2025","04","10","50000"
"2","3801-TOULOUSESTP","2025","2025","05","10","293909"
"2","3801-TOULOUSESTP","2025","2025","01","11","50000"
"2","3801-TOULOUSESTP","2025","2025","02","11","100000"
"2","3801-TOULOUSESTP","2025","2025","03","11","665260"
"2","3801-TOULOUSESTP","2025","2025","04","11","50000"
"2","3801-TOULOUSESTP","2025","2025","05","11","142150"
"2","3801-TOULOUSESTP","2025","2025","01","12","50000"
"2","3801-TOULOUSESTP","2025","2025","02","12","100000"
"2","3801-TOULOUSESTP","2025","2025","03","12","791929"
"2","3801-TOULOUSESTP","2025","2025","04","12","50000"
"2","3801-TOULOUSESTP","2025","2025","05","12","185066"
"6","3828-MAGAZINESTP","2025","2025","01","3","89000"
"6","3828-MAGAZINESTP","2025","2025","01","6","42000"
"6","3828-MAGAZINESTP","2025","2025","01","9","110000"
"6","3828-MAGAZINESTP","2025","2025","01","12","78000"
"5","3011-SANDRADRP","2025","2025","01","1","25461"
"5","3011-SANDRADRP","2025","2025","01","2","32764"
"5","3011-SANDRADRP","2025","2025","01","3","30500"
"5","3011-SANDRADRP","2025","2025","01","4","29472"
"5","3011-SANDRADRP","2025","2025","01","5","25006"
"5","3011-SANDRADRP","2025","2025","01","6","26186"
"5","3011-SANDRADRP","2025","2025","01","7","27311"
"5","3011-SANDRADRP","2025","2025","01","8","33744"
"5","3011-SANDRADRP","2025","2025","01","9","32912"
"5","3011-SANDRADRP","2025","2025","01","10","26443"
"5","3011-SANDRADRP","2025","2025","01","11","27146"
"5","3011-SANDRADRP","2025","2025","01","12","30430"
"1","730-SSCOTTSTP","2025","2025","01","1","2083756"
"1","730-SSCOTTSTP","2025","2025","01","2","2084374"
"1","730-SSCOTTSTP","2025","2025","01","3","1954666"
"1","730-SSCOTTSTP","2025","2025","01","4","1837437"
"1","730-SSCOTTSTP","2025","2025","01","5","1802642"
"1","730-SSCOTTSTP","2025","2025","01","6","1936545"
"1","730-SSCOTTSTP","2025","2025","01","7","1942431"
"1","730-SSCOTTSTP","2025","2025","01","8","1708043"
"1","730-SSCOTTSTP","2025","2025","01","9","1738572"
"1","730-SSCOTTSTP","2025","2025","01","10","1741534"
"1","730-SSCOTTSTP","2025","2025","01","11","1864786"
"1","730-SSCOTTSTP","2025","2025","01","12","2039786"
"2","4240-TOULOUSESTP","2025","2025","05","12","119953"
"3","5900-ALMONASTERAVP","2025","2025","01","1","10716600"
"3","5900-ALMONASTERAVP","2025","2025","01","2","11719866"
"3","5900-ALMONASTERAVP","2025","2025","01","3","11746605"
"3","5900-ALMONASTERAVP","2025","2025","01","4","10608342"
"3","5900-ALMONASTERAVP","2025","2025","01","5","14519862"
"3","5900-ALMONASTERAVP","2025","2025","01","6","14722131"
"3","5900-ALMONASTERAVP","2025","2025","01","7","15245601"
"3","5900-ALMONASTERAVP","2025","2025","01","8","13616116"
"3","5900-ALMONASTERAVP","2025","2025","01","9","12015239"
"3","5900-ALMONASTERAVP","2025","2025","01","10","14047215"
"3","5900-ALMONASTERAVP","2025","2025","01","11","14055704"
"3","5900-ALMONASTERAVP","2025","2025","01","12","14442346"
"2","720-ORLEANSAVP","2025","2025","01","1","16363"
"2","720-ORLEANSAVP","2025","2025","01","2","16363"
"2","720-ORLEANSAVP","2025","2025","01","3","16363"
"2","720-ORLEANSAVP","2025","2025","01","4","16363"
"2","720-ORLEANSAVP","2025","2025","01","5","16363"
"2","720-ORLEANSAVP","2025","2025","01","6","16363"
"2","720-ORLEANSAVP","2025","2025","01","7","16363"
"2","720-ORLEANSAVP","2025","2025","01","8","16363"
"2","720-ORLEANSAVP","2025","2025","01","9","16363"
"2","720-ORLEANSAVP","2025","2025","01","10","16363"
"2","720-ORLEANSAVP","2025","2025","01","11","16363"
"2","720-ORLEANSAVP","2025","2025","01","12","16363"
"1","1040-STCHARLESAVP","2025","2025","05","1","775"
"1","1040-STCHARLESAVP","2025","2025","05","2","775"
"1","1040-STCHARLESAVP","2025","2025","05","3","775"
"1","1040-STCHARLESAVP","2025","2025","05","4","775"
"1","1040-STCHARLESAVP","2025","2025","05","5","775"
"1","1040-STCHARLESAVP","2025","2025","05","6","775"
"1","1040-STCHARLESAVP","2025","2025","05","7","775"
"1","1040-STCHARLESAVP","2025","2025","05","8","775"
"1","1040-STCHARLESAVP","2025","2025","05","9","775"
"1","1040-STCHARLESAVP","2025","2025","05","10","775"
"1","1040-STCHARLESAVP","2025","2025","05","11","775"
"1","1040-STCHARLESAVP","2025","2025","05","12","775"
"2","435-BOURBONST010P","2025","2025","01","1","5000"
"2","435-BOURBONST010P","2025","2025","01","2","5000"
"2","435-BOURBONST010P","2025","2025","01","3","5000"
"2","435-BOURBONST010P","2025","2025","01","4","5000"
"2","435-BOURBONST010P","2025","2025","01","5","5000"
"2","435-BOURBONST010P","2025","2025","01","6","5000"
"2","435-BOURBONST010P","2025","2025","01","7","5000"
"2","435-BOURBONST010P","2025","2025","01","8","5000"
"2","435-BOURBONST010P","2025","2025","01","9","5000"
"2","435-BOURBONST010P","2025","2025","01","10","5000"
"2","435-BOURBONST010P","2025","2025","01","11","5000"
"2","435-BOURBONST010P","2025","2025","01","12","5000"
"2","727-BOURBONSTP","2025","2025","01","1","6061"
"2","727-BOURBONSTP","2025","2025","01","2","6061"
"2","727-BOURBONSTP","2025","2025","01","3","6061"
"2","727-BOURBONSTP","2025","2025","01","4","6061"
"2","727-BOURBONSTP","2025","2025","01","5","6061"
"2","727-BOURBONSTP","2025","2025","01","6","6061"
"2","727-BOURBONSTP","2025","2025","01","7","6061"
"2","727-BOURBONSTP","2025","2025","01","8","6061"
"2","727-BOURBONSTP","2025","2025","01","9","6061"
"2","727-BOURBONSTP","2025","2025","01","10","6061"
"2","727-BOURBONSTP","2025","2025","01","11","6061"
"2","727-BOURBONSTP","2025","2025","01","12","6061"
"2","228-FRENCHMRKTVENDORSP","2025","2025","01","1","225"
"2","228-FRENCHMRKTVENDORSP","2025","2025","01","2","225"
"2","228-FRENCHMRKTVENDORSP","2025","2025","01","3","225"
"2","228-FRENCHMRKTVENDORSP","2025","2025","01","4","225"
"2","228-FRENCHMRKTVENDORSP","2025","2025","01","5","225"
"2","228-FRENCHMRKTVENDORSP","2025","2025","01","6","225"
"2","228-FRENCHMRKTVENDORSP","2025","2025","01","7","200"
"2","228-FRENCHMRKTVENDORSP","2025","2025","01","8","200"
"2","228-FRENCHMRKTVENDORSP","2025","2025","01","9","200"
"2","228-FRENCHMRKTVENDORSP","2025","2025","01","10","225"
"2","228-FRENCHMRKTVENDORSP","2025","2025","01","11","225"
"2","228-FRENCHMRKTVENDORSP","2025","2025","01","12","225"
"3","5121-NCLAIBORNEAVP","2025","2025","05","1","934"
"3","5121-NCLAIBORNEAVP","2025","2025","05","2","1538"
"3","5121-NCLAIBORNEAVP","2025","2025","05","3","3008"
"3","5121-NCLAIBORNEAVP","2025","2025","05","4","479"
"3","5121-NCLAIBORNEAVP","2025","2025","05","7","3466"
"3","5121-NCLAIBORNEAVP","2025","2025","05","8","1240"
"3","5121-NCLAIBORNEAVP","2025","2025","05","9","983"
"3","5121-NCLAIBORNEAVP","2025","2025","05","10","1029"
"3","5121-NCLAIBORNEAVP","2025","2025","05","11","1903"
"3","5121-NCLAIBORNEAVP","2025","2025","05","12","373"
"6","3303-SBROADSTP","2025","2025","01","1","27213"
"6","3303-SBROADSTP","2025","2025","05","1","215"
"6","3303-SBROADSTP","2025","2025","01","2","26211"
"6","3303-SBROADSTP","2025","2025","05","2","210"
"6","3303-SBROADSTP","2025","2025","01","3","27321"
"6","3303-SBROADSTP","2025","2025","05","3","190"
"6","3303-SBROADSTP","2025","2025","01","4","28733"
"6","3303-SBROADSTP","2025","2025","05","4","180"
"6","3303-SBROADSTP","2025","2025","01","5","29701"
"6","3303-SBROADSTP","2025","2025","05","5","200"
"6","3303-SBROADSTP","2025","2025","01","6","28891"
"6","3303-SBROADSTP","2025","2025","05","6","220"
"6","3303-SBROADSTP","2025","2025","01","7","27675"
"6","3303-SBROADSTP","2025","2025","05","7","215"
"6","3303-SBROADSTP","2025","2025","01","8","26932"
"6","3303-SBROADSTP","2025","2025","05","8","219"
"6","3303-SBROADSTP","2025","2025","01","9","26822"
"6","3303-SBROADSTP","2025","2025","05","9","230"
"6","3303-SBROADSTP","2025","2025","01","10","26399"
"6","3303-SBROADSTP","2025","2025","05","10","201"
"6","3303-SBROADSTP","2025","2025","01","11","27211"
"6","3303-SBROADSTP","2025","2025","05","11","210"
"6","3303-SBROADSTP","2025","2025","01","12","24361"
"6","3303-SBROADSTP","2025","2025","05","12","195"
"6","500-VALENCESTP","2025","2025","02","1","8073"
"6","500-VALENCESTP","2025","2025","05","1","140"
"6","500-VALENCESTP","2025","2025","02","2","7436"
"6","500-VALENCESTP","2025","2025","05","2","130"
"6","500-VALENCESTP","2025","2025","02","3","10486"
"6","500-VALENCESTP","2025","2025","05","3","185"
"6","500-VALENCESTP","2025","2025","02","4","6905"
"6","500-VALENCESTP","2025","2025","05","4","120"
"6","500-VALENCESTP","2025","2025","02","5","4873"
"6","500-VALENCESTP","2025","2025","05","5","85"
"6","500-VALENCESTP","2025","2025","02","6","4870"
"6","500-VALENCESTP","2025","2025","05","6","35"
"6","500-VALENCESTP","2025","2025","02","7","4860"
"6","500-VALENCESTP","2025","2025","05","7","30"
"6","500-VALENCESTP","2025","2025","02","8","4835"
"6","500-VALENCESTP","2025","2025","05","8","35"
"6","500-VALENCESTP","2025","2025","02","9","4632"
"6","500-VALENCESTP","2025","2025","05","9","80"
"6","500-VALENCESTP","2025","2025","02","10","5330"
"6","500-VALENCESTP","2025","2025","05","10","95"
"6","500-VALENCESTP","2025","2025","02","11","6540"
"6","500-VALENCESTP","2025","2025","05","11","115"
"6","500-VALENCESTP","2025","2025","02","12","9010"
"6","500-VALENCESTP","2025","2025","05","12","160"
"2","225-CHARTRESSTP","2025","2025","99","1","173012"
"2","225-CHARTRESSTP","2025","2025","99","3","170730"
"2","225-CHARTRESSTP","2025","2025","99","4","159981"
"2","225-CHARTRESSTP","2025","2025","99","5","153219"
"2","225-CHARTRESSTP","2025","2025","99","6","143305"
"2","225-CHARTRESSTP","2025","2025","99","7","139029"
"2","225-CHARTRESSTP","2025","2025","99","8","136697"
"2","225-CHARTRESSTP","2025","2025","99","9","136043"
"2","225-CHARTRESSTP","2025","2025","99","10","129909"
"2","225-CHARTRESSTP","2025","2025","99","11","121457"
"2","225-CHARTRESSTP","2025","2025","99","12","119412"
"6","4238-MAGAZINESTP","2025","2025","99","1","53825"
"6","4238-MAGAZINESTP","2025","2025","99","2","53768"
"6","4238-MAGAZINESTP","2025","2025","99","3","50430"
"6","4238-MAGAZINESTP","2025","2025","99","4","51306"
"6","4238-MAGAZINESTP","2025","2025","99","5","56747"
"6","4238-MAGAZINESTP","2025","2025","99","6","54294"
"6","4238-MAGAZINESTP","2025","2025","99","7","54102"
"6","4238-MAGAZINESTP","2025","2025","99","8","54710"
"6","4238-MAGAZINESTP","2025","2025","99","9","55884"
"6","4238-MAGAZINESTP","2025","2025","99","10","50905"
"6","4238-MAGAZINESTP","2025","2025","99","11","58655"
"6","4238-MAGAZINESTP","2025","2025","99","12","66351"
"6","4000-TCHOUPITOULASSTP","2025","2025","04","1","558240"
"6","4000-TCHOUPITOULASSTP","2025","2025","04","2","421359"
"6","4000-TCHOUPITOULASSTP","2025","2025","04","3","451682"
"6","4000-TCHOUPITOULASSTP","2025","2025","04","4","483349"
"6","4000-TCHOUPITOULASSTP","2025","2025","04","5","509004"
"6","4000-TCHOUPITOULASSTP","2025","2025","04","6","573736"
"6","4000-TCHOUPITOULASSTP","2025","2025","04","7","660272"
"6","4000-TCHOUPITOULASSTP","2025","2025","04","8","652045"
"6","4000-TCHOUPITOULASSTP","2025","2025","04","9","144700"
"6","4000-TCHOUPITOULASSTP","2025","2025","04","10","99819"
"6","4000-TCHOUPITOULASSTP","2025","2025","04","11","143786"
"6","4000-TCHOUPITOULASSTP","2025","2025","04","12","143786"
"2","610-BOURBONSTP","2025","2025","01","1","500"
"2","610-BOURBONSTP","2025","2025","01","2","500"
"2","610-BOURBONSTP","2025","2025","01","3","500"
"2","610-BOURBONSTP","2025","2025","01","4","500"
"2","610-BOURBONSTP","2025","2025","01","5","500"
"2","610-BOURBONSTP","2025","2025","01","6","500"
"2","610-BOURBONSTP","2025","2025","01","7","500"
"2","610-BOURBONSTP","2025","2025","01","8","500"
"2","610-BOURBONSTP","2025","2025","01","9","500"
"2","610-BOURBONSTP","2025","2025","01","10","500"
"2","610-BOURBONSTP","2025","2025","01","11","500"
"2","610-BOURBONSTP","2025","2025","01","12","500"
"7","701-SCARROLLTONAVP","2025","2025","05","2","89"
"7","701-SCARROLLTONAVP","2025","2025","05","3","8903"
"7","701-SCARROLLTONAVP","2025","2025","05","4","11477"
"7","701-SCARROLLTONAVP","2025","2025","05","5","9443"
"7","701-SCARROLLTONAVP","2025","2025","05","6","13073"
"7","701-SCARROLLTONAVP","2025","2025","05","7","13795"
"7","701-SCARROLLTONAVP","2025","2025","05","8","28448"
"7","701-SCARROLLTONAVP","2025","2025","05","9","17800"
"7","701-SCARROLLTONAVP","2025","2025","05","10","16199"
"7","701-SCARROLLTONAVP","2025","2025","05","11","16554"
"7","701-SCARROLLTONAVP","2025","2025","05","12","17823"
"6","5432-MAGAZINESTP","2025","2025","05","1","1000"
"6","5432-MAGAZINESTP","2025","2025","05","2","1000"
"6","5432-MAGAZINESTP","2025","2025","05","3","1000"
"6","5432-MAGAZINESTP","2025","2025","05","4","1000"
"6","5432-MAGAZINESTP","2025","2025","05","5","1000"
"6","5432-MAGAZINESTP","2025","2025","05","6","1000"
"6","5432-MAGAZINESTP","2025","2025","05","7","1000"
"6","5432-MAGAZINESTP","2025","2025","05","8","1000"
"6","5432-MAGAZINESTP","2025","2025","05","9","1000"
"6","5432-MAGAZINESTP","2025","2025","05","10","1000"
"6","5432-MAGAZINESTP","2025","2025","05","11","1000"
"6","5432-MAGAZINESTP","2025","2025","05","12","1000"
"4","2140-MAGAZINESTP","2025","2025","05","1","1000"
"4","2140-MAGAZINESTP","2025","2025","05","2","1000"
"4","2140-MAGAZINESTP","2025","2025","05","3","1000"
"4","2140-MAGAZINESTP","2025","2025","05","4","1000"
"4","2140-MAGAZINESTP","2025","2025","05","5","1000"
"4","2140-MAGAZINESTP","2025","2025","05","6","1000"
"4","2140-MAGAZINESTP","2025","2025","05","7","1000"
"4","2140-MAGAZINESTP","2025","2025","05","8","1000"
"4","2140-MAGAZINESTP","2025","2025","05","9","1000"
"4","2140-MAGAZINESTP","2025","2025","05","10","1000"
"4","2140-MAGAZINESTP","2025","2025","05","11","1000"
"4","2140-MAGAZINESTP","2025","2025","05","12","1000"
"7","622-SCARROLLTONAV1P","2025","2025","04","1","41646"
"7","622-SCARROLLTONAV1P","2025","2025","04","2","42930"
"7","622-SCARROLLTONAV1P","2025","2025","04","3","41252"
"7","622-SCARROLLTONAV1P","2025","2025","04","4","41253"
"7","622-SCARROLLTONAV1P","2025","2025","04","5","40869"
"7","622-SCARROLLTONAV1P","2025","2025","04","6","38691"
"7","622-SCARROLLTONAV1P","2025","2025","04","7","39029"
"7","622-SCARROLLTONAV1P","2025","2025","04","8","40908"
"7","622-SCARROLLTONAV1P","2025","2025","04","9","40359"
"7","622-SCARROLLTONAV1P","2025","2025","04","10","39995"
"7","622-SCARROLLTONAV1P","2025","2025","04","11","42377"
"7","622-SCARROLLTONAV1P","2025","2025","04","12","30878"
"4","2616-SCLAIBORNEAVP","2025","2025","05","1","1000"
"4","2616-SCLAIBORNEAVP","2025","2025","05","2","1000"
"4","2616-SCLAIBORNEAVP","2025","2025","05","3","1000"
"4","2616-SCLAIBORNEAVP","2025","2025","05","4","1000"
"4","2616-SCLAIBORNEAVP","2025","2025","05","5","1000"
"4","2616-SCLAIBORNEAVP","2025","2025","05","6","1000"
"4","2616-SCLAIBORNEAVP","2025","2025","05","7","1000"
"4","2616-SCLAIBORNEAVP","2025","2025","05","8","1000"
"4","2616-SCLAIBORNEAVP","2025","2025","05","9","1000"
"4","2616-SCLAIBORNEAVP","2025","2025","05","10","1000"
"4","2616-SCLAIBORNEAVP","2025","2025","05","11","1000"
"4","2616-SCLAIBORNEAVP","2025","2025","05","12","1000"
"2","600-BOURBONSTP","2025","2025","01","1","5500"
"2","600-BOURBONSTP","2025","2025","01","2","5500"
"2","600-BOURBONSTP","2025","2025","01","3","5500"
"2","600-BOURBONSTP","2025","2025","01","4","5500"
"2","600-BOURBONSTP","2025","2025","01","5","5500"
"2","600-BOURBONSTP","2025","2025","01","6","5500"
"2","600-BOURBONSTP","2025","2025","01","7","5500"
"2","600-BOURBONSTP","2025","2025","01","8","5500"
"2","600-BOURBONSTP","2025","2025","01","9","5500"
"2","600-BOURBONSTP","2025","2025","01","10","5500"
"2","600-BOURBONSTP","2025","2025","01","11","5500"
"2","600-BOURBONSTP","2025","2025","01","12","5500"
"2","333-CANALPL121P","2025","2025","01","1","437649"
"2","333-CANALPL121P","2025","2025","01","2","442640"
"2","333-CANALPL121P","2025","2025","01","3","480773"
"2","333-CANALPL121P","2025","2025","01","4","505145"
"2","333-CANALPL121P","2025","2025","01","5","496083"
"2","333-CANALPL121P","2025","2025","01","6","486309"
"2","333-CANALPL121P","2025","2025","01","7","498087"
"2","333-CANALPL121P","2025","2025","01","8","547658"
"2","333-CANALPL121P","2025","2025","01","9","628651"
"2","333-CANALPL121P","2025","2025","01","10","675520"
"2","333-CANALPL121P","2025","2025","01","11","639300"
"2","333-CANALPL121P","2025","2025","01","12","517776"
"2","333-CANALPL121P","2025","2025","05","12","100"
"3","3162-CHARTRESSTP","2025","2025","01","1","71911"
"3","3162-CHARTRESSTP","2025","2025","01","2","61312"
"3","3162-CHARTRESSTP","2025","2025","01","3","77811"
"3","3162-CHARTRESSTP","2025","2025","01","4","90319"
"3","3162-CHARTRESSTP","2025","2025","01","5","80755"
"3","3162-CHARTRESSTP","2025","2025","01","6","72451"
"3","3162-CHARTRESSTP","2025","2025","01","7","66291"
"3","3162-CHARTRESSTP","2025","2025","01","8","58415"
"3","3162-CHARTRESSTP","2025","2025","01","9","76490"
"3","3162-CHARTRESSTP","2025","2025","01","10","71181"
"3","3162-CHARTRESSTP","2025","2025","01","11","57218"
"3","3162-CHARTRESSTP","2025","2025","01","12","89097"
"1","650-POYDRASST2850P","2025","2025","05","6","34"
"1","650-POYDRASST2850P","2025","2025","05","10","391"
"2","500-CHARTRESSTP","2025","2025","05","1","103090"
"2","500-CHARTRESSTP","2025","2025","05","2","99637"
"2","500-CHARTRESSTP","2025","2025","05","3","112607"
"2","500-CHARTRESSTP","2025","2025","05","4","105601"
"2","500-CHARTRESSTP","2025","2025","05","5","107890"
"2","500-CHARTRESSTP","2025","2025","05","6","104740"
"2","500-CHARTRESSTP","2025","2025","05","7","103828"
"2","500-CHARTRESSTP","2025","2025","05","8","101634"
"2","500-CHARTRESSTP","2025","2025","05","9","107326"
"2","500-CHARTRESSTP","2025","2025","05","10","94900"
"2","500-CHARTRESSTP","2025","2025","05","11","112403"
"2","500-CHARTRESSTP","2025","2025","05","12","111574"
"2","800-BOURBONSTP","2025","2025","04","8","24733"
"2","800-BOURBONSTP","2025","2025","04","9","32127"
"2","800-BOURBONSTP","2025","2025","04","10","32607"
"2","800-BOURBONSTP","2025","2025","04","11","16202"
"2","800-BOURBONSTP","2025","2025","04","12","20840"
"4","2101-MAGAZINESTP","2025","2025","01","1","24203"
"4","2101-MAGAZINESTP","2025","2025","01","2","24309"
"4","2101-MAGAZINESTP","2025","2025","01","3","23815"
"4","2101-MAGAZINESTP","2025","2025","01","4","28739"
"4","2101-MAGAZINESTP","2025","2025","01","5","29635"
"4","2101-MAGAZINESTP","2025","2025","01","6","26257"
"4","2101-MAGAZINESTP","2025","2025","01","7","23431"
"4","2101-MAGAZINESTP","2025","2025","01","8","26072"
"4","2101-MAGAZINESTP","2025","2025","01","9","24998"
"4","2101-MAGAZINESTP","2025","2025","01","10","19500"
"4","2101-MAGAZINESTP","2025","2025","01","11","23827"
"4","2101-MAGAZINESTP","2025","2025","01","12","35784"
"4","548-JACKSONAVP","2025","2025","01","1","14509"
"4","548-JACKSONAVP","2025","2025","01","2","22185"
"4","548-JACKSONAVP","2025","2025","01","3","24783"
"4","548-JACKSONAVP","2025","2025","01","4","21037"
"4","548-JACKSONAVP","2025","2025","01","5","20752"
"4","548-JACKSONAVP","2025","2025","01","6","14890"
"4","548-JACKSONAVP","2025","2025","01","7","15919"
"4","548-JACKSONAVP","2025","2025","01","8","14845"
"4","548-JACKSONAVP","2025","2025","01","9","14578"
"4","548-JACKSONAVP","2025","2025","01","10","16577"
"4","548-JACKSONAVP","2025","2025","01","11","15149"
"4","548-JACKSONAVP","2025","2025","01","12","15076"
"7","207-WHARRISONAVP","2025","2025","01","1","108638"
"7","207-WHARRISONAVP","2025","2025","01","2","111190"
"7","207-WHARRISONAVP","2025","2025","01","3","120986"
"7","207-WHARRISONAVP","2025","2025","01","4","107692"
"7","207-WHARRISONAVP","2025","2025","01","5","121140"
"7","207-WHARRISONAVP","2025","2025","01","6","104138"
"7","207-WHARRISONAVP","2025","2025","01","7","106053"
"7","207-WHARRISONAVP","2025","2025","01","8","113199"
"7","207-WHARRISONAVP","2025","2025","01","9","111139"
"7","207-WHARRISONAVP","2025","2025","01","10","119865"
"7","207-WHARRISONAVP","2025","2025","01","11","104685"
"7","207-WHARRISONAVP","2025","2025","01","12","104468"
"2","3001-BIENVILLESTP","2025","2025","01","1","59341"
"2","3001-BIENVILLESTP","2025","2025","01","2","62456"
"2","3001-BIENVILLESTP","2025","2025","01","3","66851"
"2","3001-BIENVILLESTP","2025","2025","01","4","57077"
"2","3001-BIENVILLESTP","2025","2025","01","5","57873"
"2","3001-BIENVILLESTP","2025","2025","01","6","55119"
"2","3001-BIENVILLESTP","2025","2025","01","7","46550"
"2","3001-BIENVILLESTP","2025","2025","01","8","56372"
"2","3001-BIENVILLESTP","2025","2025","01","9","58233"
"2","3001-BIENVILLESTP","2025","2025","01","10","59129"
"2","3001-BIENVILLESTP","2025","2025","01","11","54246"
"2","3001-BIENVILLESTP","2025","2025","01","12","49708"
"1","650-POYDRASST2850P","2025","2025","05","1","201"
"1","650-POYDRASST2850P","2025","2025","05","4","246"
"1","650-POYDRASST2850P","2025","2025","05","5","129"
"1","650-POYDRASST2850P","2025","2025","05","11","112"
"1","650-POYDRASST2850P","2025","2025","05","12","377"
"2","605-DAUPHINESTP","2025","2025","01","1","39703"
"2","605-DAUPHINESTP","2025","2025","01","2","47456"
"2","605-DAUPHINESTP","2025","2025","01","3","49905"
"2","605-DAUPHINESTP","2025","2025","01","4","38556"
"2","605-DAUPHINESTP","2025","2025","01","5","46527"
"2","605-DAUPHINESTP","2025","2025","01","6","40334"
"2","605-DAUPHINESTP","2025","2025","01","7","34345"
"2","605-DAUPHINESTP","2025","2025","01","8","33569"
"2","605-DAUPHINESTP","2025","2025","01","9","38192"
"2","605-DAUPHINESTP","2025","2025","01","10","38127"
"2","605-DAUPHINESTP","2025","2025","01","11","32719"
"2","605-DAUPHINESTP","2025","2025","01","12","31372"
"1","LEASEDEQUIPMENT2849P","2025","2025","99","12","5361"
"3","6746-CHEFMENTEURHWBP","2025","2025","01","1","26324"
"3","6746-CHEFMENTEURHWBP","2025","2025","01","2","30110"
"3","6746-CHEFMENTEURHWBP","2025","2025","01","3","39850"
"3","6746-CHEFMENTEURHWBP","2025","2025","01","4","51927"
"3","6746-CHEFMENTEURHWBP","2025","2025","01","5","12110"
"3","6746-CHEFMENTEURHWBP","2025","2025","01","6","12855"
"3","6746-CHEFMENTEURHWBP","2025","2025","01","7","13788"
"3","6746-CHEFMENTEURHWBP","2025","2025","01","8","17628"
"3","6746-CHEFMENTEURHWBP","2025","2025","01","9","16320"
"3","6746-CHEFMENTEURHWBP","2025","2025","01","10","16833"
"3","6746-CHEFMENTEURHWBP","2025","2025","01","11","16073"
"3","6746-CHEFMENTEURHWBP","2025","2025","01","12","17266"
"3","3800-STBERNARDAVAP","2025","2025","01","1","61517"
"3","3800-STBERNARDAVAP","2025","2025","01","2","64401"
"3","3800-STBERNARDAVAP","2025","2025","01","3","62247"
"3","3800-STBERNARDAVAP","2025","2025","01","4","58331"
"3","3800-STBERNARDAVAP","2025","2025","01","5","72063"
"3","3800-STBERNARDAVAP","2025","2025","01","6","67311"
"3","3800-STBERNARDAVAP","2025","2025","01","7","64195"
"3","3800-STBERNARDAVAP","2025","2025","01","8","65786"
"3","3800-STBERNARDAVAP","2025","2025","01","9","68695"
"3","3800-STBERNARDAVAP","2025","2025","01","10","63397"
"3","3800-STBERNARDAVAP","2025","2025","01","11","59069"
"3","3800-STBERNARDAVAP","2025","2025","01","12","64052"
"6","3901-BARONNESTP","2025","2025","01","1","1000"
"6","3901-BARONNESTP","2025","2025","05","1","3000"
"6","3901-BARONNESTP","2025","2025","01","2","1000"
"6","3901-BARONNESTP","2025","2025","05","2","2000"
"6","3901-BARONNESTP","2025","2025","01","3","1000"
"6","3901-BARONNESTP","2025","2025","05","3","3000"
"6","3901-BARONNESTP","2025","2025","01","4","1000"
"6","3901-BARONNESTP","2025","2025","05","4","3000"
"6","3901-BARONNESTP","2025","2025","01","5","1000"
"6","3901-BARONNESTP","2025","2025","05","5","3000"
"6","3901-BARONNESTP","2025","2025","01","6","1000"
"6","3901-BARONNESTP","2025","2025","05","6","1500"
"6","3901-BARONNESTP","2025","2025","01","7","1000"
"6","3901-BARONNESTP","2025","2025","05","7","1500"
"6","3901-BARONNESTP","2025","2025","01","8","1000"
"6","3901-BARONNESTP","2025","2025","05","8","2000"
"6","3901-BARONNESTP","2025","2025","01","9","1000"
"6","3901-BARONNESTP","2025","2025","05","9","3000"
"6","3901-BARONNESTP","2025","2025","01","10","1000"
"6","3901-BARONNESTP","2025","2025","05","10","3000"
"6","3901-BARONNESTP","2025","2025","01","11","1000"
"6","3901-BARONNESTP","2025","2025","05","11","3000"
"6","3901-BARONNESTP","2025","2025","01","12","1000"
"6","3901-BARONNESTP","2025","2025","05","12","3000"
"7","7621-MAPLESTP","2025","2025","01","1","4651"
"7","7621-MAPLESTP","2025","2025","01","2","4987"
"7","7621-MAPLESTP","2025","2025","01","3","4832"
"7","7621-MAPLESTP","2025","2025","01","4","4177"
"7","7621-MAPLESTP","2025","2025","01","5","4860"
"7","7621-MAPLESTP","2025","2025","01","6","5140"
"7","7621-MAPLESTP","2025","2025","01","7","4998"
"7","7621-MAPLESTP","2025","2025","01","8","4355"
"7","7621-MAPLESTP","2025","2025","01","9","4910"
"7","7621-MAPLESTP","2025","2025","01","10","5002"
"7","7621-MAPLESTP","2025","2025","01","11","3856"
"7","7621-MAPLESTP","2025","2025","01","12","3996"
"1","900-POYDRASSTP","2025","2025","01","1","5564"
"1","900-POYDRASSTP","2025","2025","01","2","4588"
"1","900-POYDRASSTP","2025","2025","01","3","5132"
"1","900-POYDRASSTP","2025","2025","01","4","5547"
"1","900-POYDRASSTP","2025","2025","01","5","5698"
"1","900-POYDRASSTP","2025","2025","01","6","4923"
"1","900-POYDRASSTP","2025","2025","01","7","6222"
"1","900-POYDRASSTP","2025","2025","01","8","5882"
"1","900-POYDRASSTP","2025","2025","01","9","5399"
"1","900-POYDRASSTP","2025","2025","01","10","4966"
"1","900-POYDRASSTP","2025","2025","01","11","4777"
"1","900-POYDRASSTP","2025","2025","01","12","5121"
"2","439-DAUPHINESTP","2025","2025","05","1","16358"
"2","439-DAUPHINESTP","2025","2025","05","2","16681"
"2","439-DAUPHINESTP","2025","2025","05","3","15579"
"2","439-DAUPHINESTP","2025","2025","05","4","16666"
"2","439-DAUPHINESTP","2025","2025","05","5","16907"
"2","439-DAUPHINESTP","2025","2025","05","6","13804"
"2","439-DAUPHINESTP","2025","2025","05","7","15212"
"2","439-DAUPHINESTP","2025","2025","05","8","16989"
"2","439-DAUPHINESTP","2025","2025","05","9","14680"
"2","439-DAUPHINESTP","2025","2025","05","10","16450"
"2","439-DAUPHINESTP","2025","2025","05","11","16981"
"2","439-DAUPHINESTP","2025","2025","05","12","12642"
"2","404-NCARROLLTONAVP","2025","2025","01","1","3961"
"2","404-NCARROLLTONAVP","2025","2025","01","2","3512"
"2","404-NCARROLLTONAVP","2025","2025","01","3","3784"
"2","404-NCARROLLTONAVP","2025","2025","01","4","3966"
"2","404-NCARROLLTONAVP","2025","2025","01","5","5145"
"2","404-NCARROLLTONAVP","2025","2025","01","6","4565"
"2","404-NCARROLLTONAVP","2025","2025","01","7","5008"
"2","404-NCARROLLTONAVP","2025","2025","01","8","4561"
"2","404-NCARROLLTONAVP","2025","2025","01","9","3897"
"2","404-NCARROLLTONAVP","2025","2025","01","10","4533"
"2","404-NCARROLLTONAVP","2025","2025","01","11","5145"
"2","404-NCARROLLTONAVP","2025","2025","01","12","3730"
"3","7000-CROWDERBDP","2025","2025","01","1","236870"
"3","7000-CROWDERBDP","2025","2025","01","2","212086"
"3","7000-CROWDERBDP","2025","2025","01","3","229506"
"3","7000-CROWDERBDP","2025","2025","01","4","237219"
"3","7000-CROWDERBDP","2025","2025","01","5","237349"
"3","7000-CROWDERBDP","2025","2025","01","6","229364"
"3","7000-CROWDERBDP","2025","2025","01","7","229918"
"3","7000-CROWDERBDP","2025","2025","01","8","255442"
"3","7000-CROWDERBDP","2025","2025","01","9","236911"
"3","7000-CROWDERBDP","2025","2025","01","10","232595"
"3","7000-CROWDERBDP","2025","2025","01","11","205091"
"3","7000-CROWDERBDP","2025","2025","01","12","185526"
"3","6050-CHEFMENTEURHWAP","2025","2025","01","1","197671"
"3","6050-CHEFMENTEURHWAP","2025","2025","01","2","210237"
"3","6050-CHEFMENTEURHWAP","2025","2025","01","3","229952"
"3","6050-CHEFMENTEURHWAP","2025","2025","01","4","226331"
"3","6050-CHEFMENTEURHWAP","2025","2025","01","5","226957"
"3","6050-CHEFMENTEURHWAP","2025","2025","01","6","241921"
"3","6050-CHEFMENTEURHWAP","2025","2025","01","7","248118"
"3","6050-CHEFMENTEURHWAP","2025","2025","01","8","265350"
"3","6050-CHEFMENTEURHWAP","2025","2025","01","9","261124"
"3","6050-CHEFMENTEURHWAP","2025","2025","01","10","301624"
"3","6050-CHEFMENTEURHWAP","2025","2025","01","11","255058"
"3","6050-CHEFMENTEURHWAP","2025","2025","01","12","243178"
"1","322-MAGAZINESTP","2025","2025","05","1","77846"
"3","839-ESPLANADEAVP","2025","2025","01","1","171521"
"3","839-ESPLANADEAVP","2025","2025","01","2","176276"
"3","839-ESPLANADEAVP","2025","2025","01","3","138609"
"3","839-ESPLANADEAVP","2025","2025","01","4","143727"
"3","839-ESPLANADEAVP","2025","2025","01","5","137648"
"3","839-ESPLANADEAVP","2025","2025","01","6","147915"
"3","839-ESPLANADEAVP","2025","2025","01","7","94074"
"3","839-ESPLANADEAVP","2025","2025","01","8","97418"
"3","839-ESPLANADEAVP","2025","2025","01","9","104797"
"3","839-ESPLANADEAVP","2025","2025","01","10","121380"
"3","839-ESPLANADEAVP","2025","2025","01","11","97609"
"3","839-ESPLANADEAVP","2025","2025","01","12","116774"
"4","842-JOSEPHINESTP","2025","2025","01","1","1942"
"4","842-JOSEPHINESTP","2025","2025","01","2","2755"
"4","842-JOSEPHINESTP","2025","2025","01","3","2869"
"4","842-JOSEPHINESTP","2025","2025","01","4","2930"
"4","842-JOSEPHINESTP","2025","2025","01","5","2733"
"4","842-JOSEPHINESTP","2025","2025","01","6","2569"
"4","842-JOSEPHINESTP","2025","2025","01","7","2356"
"4","842-JOSEPHINESTP","2025","2025","01","8","2288"
"4","842-JOSEPHINESTP","2025","2025","01","9","2208"
"4","842-JOSEPHINESTP","2025","2025","01","10","2133"
"4","842-JOSEPHINESTP","2025","2025","01","11","2215"
"4","842-JOSEPHINESTP","2025","2025","01","12","2127"
"3","246-HARBORCRAP","2025","2025","02","1","917951"
"3","246-HARBORCRAP","2025","2025","03","1","44789"
"3","246-HARBORCRAP","2025","2025","04","1","652791"
"3","246-HARBORCRAP","2025","2025","02","2","1026560"
"3","246-HARBORCRAP","2025","2025","03","2","44789"
"3","246-HARBORCRAP","2025","2025","04","2","646112"
"3","246-HARBORCRAP","2025","2025","02","3","657616"
"3","246-HARBORCRAP","2025","2025","03","3","100891"
"3","246-HARBORCRAP","2025","2025","04","3","652991"
"3","246-HARBORCRAP","2025","2025","02","4","712292"
"3","246-HARBORCRAP","2025","2025","03","4","100891"
"3","246-HARBORCRAP","2025","2025","04","4","657617"
"3","246-HARBORCRAP","2025","2025","02","5","790928"
"3","246-HARBORCRAP","2025","2025","03","5","100891"
"3","246-HARBORCRAP","2025","2025","04","5","655604"
"3","246-HARBORCRAP","2025","2025","02","6","674818"
"3","246-HARBORCRAP","2025","2025","03","6","35346"
"3","246-HARBORCRAP","2025","2025","04","6","694286"
"3","246-HARBORCRAP","2025","2025","02","7","851117"
"3","246-HARBORCRAP","2025","2025","03","7","35346"
"3","246-HARBORCRAP","2025","2025","04","7","592894"
"3","246-HARBORCRAP","2025","2025","02","8","943863"
"3","246-HARBORCRAP","2025","2025","03","8","35346"
"3","246-HARBORCRAP","2025","2025","04","8","605545"
"3","246-HARBORCRAP","2025","2025","02","9","668273"
"3","246-HARBORCRAP","2025","2025","03","9","65391"
"3","246-HARBORCRAP","2025","2025","04","9","687748"
"3","246-HARBORCRAP","2025","2025","02","10","864964"
"3","246-HARBORCRAP","2025","2025","03","10","65391"
"3","246-HARBORCRAP","2025","2025","04","10","795388"
"3","246-HARBORCRAP","2025","2025","02","11","977122"
"3","246-HARBORCRAP","2025","2025","03","11","65391"
"3","246-HARBORCRAP","2025","2025","04","11","801109"
"3","246-HARBORCRAP","2025","2025","02","12","660563"
"3","246-HARBORCRAP","2025","2025","03","12","92924"
"3","246-HARBORCRAP","2025","2025","04","12","565217"
"3","7020-BULLARDAV1P","2025","2025","01","1","287257"
"3","7020-BULLARDAV1P","2025","2025","01","2","277922"
"3","7020-BULLARDAV1P","2025","2025","01","3","307267"
"3","7020-BULLARDAV1P","2025","2025","01","4","294248"
"3","7020-BULLARDAV1P","2025","2025","01","5","313278"
"3","7020-BULLARDAV1P","2025","2025","01","6","306700"
"3","7020-BULLARDAV1P","2025","2025","01","7","297377"
"3","7020-BULLARDAV1P","2025","2025","01","8","270618"
"3","7020-BULLARDAV1P","2025","2025","01","9","312644"
"3","7020-BULLARDAV1P","2025","2025","01","10","303627"
"3","7020-BULLARDAV1P","2025","2025","01","11","274306"
"3","7020-BULLARDAV1P","2025","2025","01","12","273842"
"3","2021-LAKESHOREDR100P","2025","2025","05","1","411"
"3","2021-LAKESHOREDR100P","2025","2025","05","2","411"
"3","2021-LAKESHOREDR100P","2025","2025","05","3","411"
"3","2021-LAKESHOREDR100P","2025","2025","05","4","411"
"3","2021-LAKESHOREDR100P","2025","2025","05","5","411"
"3","2021-LAKESHOREDR100P","2025","2025","05","6","411"
"3","2021-LAKESHOREDR100P","2025","2025","05","7","411"
"3","2021-LAKESHOREDR100P","2025","2025","05","8","411"
"3","2021-LAKESHOREDR100P","2025","2025","05","9","411"
"3","2021-LAKESHOREDR100P","2025","2025","05","10","411"
"3","2021-LAKESHOREDR100P","2025","2025","05","11","411"
"3","2021-LAKESHOREDR100P","2025","2025","05","12","411"
"1","500-PORTOFNEWORLEANS234P","2025","2025","02","1","2500"
"1","500-PORTOFNEWORLEANS234P","2025","2025","05","1","1136"
"1","500-PORTOFNEWORLEANS234P","2025","2025","02","2","2500"
"1","500-PORTOFNEWORLEANS234P","2025","2025","05","2","1136"
"1","500-PORTOFNEWORLEANS234P","2025","2025","02","3","2500"
"1","500-PORTOFNEWORLEANS234P","2025","2025","05","3","1136"
"1","500-PORTOFNEWORLEANS234P","2025","2025","02","4","2500"
"1","500-PORTOFNEWORLEANS234P","2025","2025","05","4","1136"
"1","500-PORTOFNEWORLEANS234P","2025","2025","02","5","2500"
"1","500-PORTOFNEWORLEANS234P","2025","2025","05","5","1136"
"1","500-PORTOFNEWORLEANS234P","2025","2025","02","6","2500"
"1","500-PORTOFNEWORLEANS234P","2025","2025","05","6","1136"
"1","500-PORTOFNEWORLEANS234P","2025","2025","02","7","2500"
"1","500-PORTOFNEWORLEANS234P","2025","2025","05","7","1136"
"1","500-PORTOFNEWORLEANS234P","2025","2025","02","8","2500"
"1","500-PORTOFNEWORLEANS234P","2025","2025","05","8","1136"
"1","500-PORTOFNEWORLEANS234P","2025","2025","02","9","2500"
"1","500-PORTOFNEWORLEANS234P","2025","2025","05","9","1136"
"1","500-PORTOFNEWORLEANS234P","2025","2025","02","10","2500"
"1","500-PORTOFNEWORLEANS234P","2025","2025","05","10","1136"
"1","500-PORTOFNEWORLEANS234P","2025","2025","02","11","2500"
"1","500-PORTOFNEWORLEANS234P","2025","2025","05","11","1136"
"1","500-PORTOFNEWORLEANS234P","2025","2025","02","12","5550"
"1","500-PORTOFNEWORLEANS234P","2025","2025","05","12","1136"
"5","4130-GENDEGAULLEDRP","2025","2025","02","1","29400"
"5","4130-GENDEGAULLEDRP","2025","2025","05","1","6618"
"5","4130-GENDEGAULLEDRP","2025","2025","02","2","26623"
"5","4130-GENDEGAULLEDRP","2025","2025","05","2","4850"
"5","4130-GENDEGAULLEDRP","2025","2025","02","3","21685"
"5","4130-GENDEGAULLEDRP","2025","2025","05","3","4151"
"5","4130-GENDEGAULLEDRP","2025","2025","02","4","16468"
"5","4130-GENDEGAULLEDRP","2025","2025","05","4","3511"
"5","4130-GENDEGAULLEDRP","2025","2025","02","5","22910"
"5","4130-GENDEGAULLEDRP","2025","2025","05","5","3780"
"5","4130-GENDEGAULLEDRP","2025","2025","02","6","30692"
"5","4130-GENDEGAULLEDRP","2025","2025","05","6","5045"
"5","4130-GENDEGAULLEDRP","2025","2025","02","7","16337"
"5","4130-GENDEGAULLEDRP","2025","2025","05","7","2699"
"5","4130-GENDEGAULLEDRP","2025","2025","02","8","17014"
"5","4130-GENDEGAULLEDRP","2025","2025","05","8","2953"
"5","4130-GENDEGAULLEDRP","2025","2025","02","9","15950"
"5","4130-GENDEGAULLEDRP","2025","2025","05","9","3190"
"5","4130-GENDEGAULLEDRP","2025","2025","02","10","22776"
"5","4130-GENDEGAULLEDRP","2025","2025","05","10","4420"
"5","4130-GENDEGAULLEDRP","2025","2025","02","11","20946"
"5","4130-GENDEGAULLEDRP","2025","2025","05","11","4674"
"5","4130-GENDEGAULLEDRP","2025","2025","02","12","27370"
"5","4130-GENDEGAULLEDRP","2025","2025","05","12","5284"
"1","1730-TCHOUPITOULASST1P","2025","2025","05","1","10"
"1","1730-TCHOUPITOULASST1P","2025","2025","05","2","10"
"1","1730-TCHOUPITOULASST1P","2025","2025","05","3","10"
"1","1730-TCHOUPITOULASST1P","2025","2025","05","4","10"
"1","1730-TCHOUPITOULASST1P","2025","2025","05","5","10"
"1","1730-TCHOUPITOULASST1P","2025","2025","05","6","10"
"1","1730-TCHOUPITOULASST1P","2025","2025","05","7","10"
"1","1730-TCHOUPITOULASST1P","2025","2025","05","8","10"
"1","1730-TCHOUPITOULASST1P","2025","2025","05","9","10"
"1","1730-TCHOUPITOULASST1P","2025","2025","05","10","10"
"1","1730-TCHOUPITOULASST1P","2025","2025","05","11","10"
"1","1730-TCHOUPITOULASST1P","2025","2025","05","12","10"
"1","1730-TCHOUPITOULASSTP","2025","2025","05","1","1000"
"1","1730-TCHOUPITOULASSTP","2025","2025","05","2","1000"
"1","1730-TCHOUPITOULASSTP","2025","2025","05","3","1000"
"1","1730-TCHOUPITOULASSTP","2025","2025","05","4","1000"
"1","1730-TCHOUPITOULASSTP","2025","2025","05","5","1000"
"1","1730-TCHOUPITOULASSTP","2025","2025","05","6","1000"
"1","1730-TCHOUPITOULASSTP","2025","2025","05","7","1000"
"1","1730-TCHOUPITOULASSTP","2025","2025","05","8","1000"
"1","1730-TCHOUPITOULASSTP","2025","2025","05","9","1000"
"1","1730-TCHOUPITOULASSTP","2025","2025","05","10","1000"
"1","1730-TCHOUPITOULASSTP","2025","2025","05","11","1000"
"1","1730-TCHOUPITOULASSTP","2025","2025","05","12","1000"
"2","900-CHARTRESSTP","2025","2025","01","1","18873"
"2","900-CHARTRESSTP","2025","2025","01","2","17834"
"2","900-CHARTRESSTP","2025","2025","01","3","16642"
"2","900-CHARTRESSTP","2025","2025","01","4","17278"
"2","900-CHARTRESSTP","2025","2025","01","5","18787"
"2","900-CHARTRESSTP","2025","2025","01","6","19702"
"2","900-CHARTRESSTP","2025","2025","01","7","16240"
"2","900-CHARTRESSTP","2025","2025","01","8","16896"
"2","900-CHARTRESSTP","2025","2025","01","9","15135"
"2","900-CHARTRESSTP","2025","2025","01","10","13347"
"2","900-CHARTRESSTP","2025","2025","01","11","19176"
"2","900-CHARTRESSTP","2025","2025","01","12","15920"
"3","9232-CHEFMENTEURHWP","2025","2025","01","1","188440"
"3","9232-CHEFMENTEURHWP","2025","2025","01","2","182153"
"3","9232-CHEFMENTEURHWP","2025","2025","01","3","215662"
"3","9232-CHEFMENTEURHWP","2025","2025","01","4","191796"
"3","9232-CHEFMENTEURHWP","2025","2025","01","5","200828"
"3","9232-CHEFMENTEURHWP","2025","2025","01","6","137845"
"3","9232-CHEFMENTEURHWP","2025","2025","01","7","182225"
"3","9232-CHEFMENTEURHWP","2025","2025","01","8","205813"
"3","9232-CHEFMENTEURHWP","2025","2025","01","9","190673"
"3","9232-CHEFMENTEURHWP","2025","2025","01","10","185956"
"3","9232-CHEFMENTEURHWP","2025","2025","01","11","160041"
"3","9232-CHEFMENTEURHWP","2025","2025","01","12","149005"
"3","2121-CATONSTP","2025","2025","01","1","402"
"3","2121-CATONSTP","2025","2025","01","2","369"
"3","2121-CATONSTP","2025","2025","01","3","414"
"3","2121-CATONSTP","2025","2025","01","4","397"
"3","2121-CATONSTP","2025","2025","01","5","386"
"3","2121-CATONSTP","2025","2025","01","6","400"
"3","2121-CATONSTP","2025","2025","01","7","392"
"3","2121-CATONSTP","2025","2025","01","8","399"
"3","2121-CATONSTP","2025","2025","01","9","372"
"3","2121-CATONSTP","2025","2025","01","10","403"
"3","2121-CATONSTP","2025","2025","01","11","425"
"3","2121-CATONSTP","2025","2025","01","12","436"
"3","3443-PARISAVP","2025","2025","01","1","29147"
"3","3443-PARISAVP","2025","2025","01","2","29679"
"3","3443-PARISAVP","2025","2025","01","3","29266"
"3","3443-PARISAVP","2025","2025","01","4","28777"
"3","3443-PARISAVP","2025","2025","01","5","29228"
"3","3443-PARISAVP","2025","2025","01","6","29397"
"3","3443-PARISAVP","2025","2025","01","7","29228"
"3","3443-PARISAVP","2025","2025","01","8","23940"
"3","3443-PARISAVP","2025","2025","01","9","24159"
"3","3443-PARISAVP","2025","2025","01","10","27459"
"3","3443-PARISAVP","2025","2025","01","11","24123"
"3","3443-PARISAVP","2025","2025","01","12","23988"
"6","1641-LOUISIANAAVP","2025","2025","01","1","281183"
"6","1641-LOUISIANAAVP","2025","2025","01","2","297764"
"6","1641-LOUISIANAAVP","2025","2025","01","3","186326"
"6","1641-LOUISIANAAVP","2025","2025","01","4","190569"
"6","1641-LOUISIANAAVP","2025","2025","01","5","233935"
"6","1641-LOUISIANAAVP","2025","2025","01","6","222076"
"6","1641-LOUISIANAAVP","2025","2025","01","7","213741"
"6","1641-LOUISIANAAVP","2025","2025","01","8","218880"
"6","1641-LOUISIANAAVP","2025","2025","01","9","204741"
"6","1641-LOUISIANAAVP","2025","2025","01","10","183745"
"6","1641-LOUISIANAAVP","2025","2025","01","11","181299"
"6","1641-LOUISIANAAVP","2025","2025","01","12","177386"
"3","9301-LAKEFORESTBL104P","2025","2025","01","1","425"
"3","9301-LAKEFORESTBL104P","2025","2025","01","2","390"
"3","9301-LAKEFORESTBL104P","2025","2025","01","3","402"
"3","9301-LAKEFORESTBL104P","2025","2025","01","4","387"
"3","9301-LAKEFORESTBL104P","2025","2025","01","5","367"
"3","9301-LAKEFORESTBL104P","2025","2025","01","6","401"
"3","9301-LAKEFORESTBL104P","2025","2025","01","7","412"
"3","9301-LAKEFORESTBL104P","2025","2025","01","8","387"
"3","9301-LAKEFORESTBL104P","2025","2025","01","9","415"
"3","9301-LAKEFORESTBL104P","2025","2025","01","10","399"
"3","9301-LAKEFORESTBL104P","2025","2025","01","11","432"
"3","9301-LAKEFORESTBL104P","2025","2025","01","12","450"
"3","7025-BULLARDAVP","2025","2025","01","1","157575"
"3","7025-BULLARDAVP","2025","2025","01","2","156121"
"3","7025-BULLARDAVP","2025","2025","01","3","192518"
"3","7025-BULLARDAVP","2025","2025","01","4","183478"
"3","7025-BULLARDAVP","2025","2025","01","5","183676"
"3","7025-BULLARDAVP","2025","2025","01","6","141022"
"3","7025-BULLARDAVP","2025","2025","01","7","59003"
"3","7025-BULLARDAVP","2025","2025","01","8","163757"
"3","7025-BULLARDAVP","2025","2025","01","9","161812"
"3","7025-BULLARDAVP","2025","2025","01","10","171476"
"3","7025-BULLARDAVP","2025","2025","01","11","120270"
"3","7025-BULLARDAVP","2025","2025","01","12","114949"
"1","740-CARONDELETSTAP","2025","2025","05","1","1000"
"1","740-CARONDELETSTAP","2025","2025","05","2","1000"
"1","740-CARONDELETSTAP","2025","2025","05","3","1000"
"1","740-CARONDELETSTAP","2025","2025","05","4","1000"
"1","740-CARONDELETSTAP","2025","2025","05","5","1000"
"1","740-CARONDELETSTAP","2025","2025","05","6","1000"
"1","740-CARONDELETSTAP","2025","2025","05","7","1000"
"1","740-CARONDELETSTAP","2025","2025","05","8","1000"
"1","740-CARONDELETSTAP","2025","2025","05","9","1000"
"1","740-CARONDELETSTAP","2025","2025","05","10","1000"
"1","740-CARONDELETSTAP","2025","2025","05","11","1000"
"1","740-CARONDELETSTAP","2025","2025","05","12","1000"
"7","1311-ADAMSSTP","2025","2025","01","1","80782"
"7","1311-ADAMSSTP","2025","2025","01","2","95525"
"7","1311-ADAMSSTP","2025","2025","01","3","67560"
"7","1311-ADAMSSTP","2025","2025","01","4","47254"
"7","1311-ADAMSSTP","2025","2025","01","5","59021"
"7","1311-ADAMSSTP","2025","2025","01","6","42809"
"7","1311-ADAMSSTP","2025","2025","01","7","35821"
"7","1311-ADAMSSTP","2025","2025","01","8","45506"
"7","1311-ADAMSSTP","2025","2025","01","9","44880"
"7","1311-ADAMSSTP","2025","2025","01","10","48027"
"7","1311-ADAMSSTP","2025","2025","01","11","36715"
"7","1311-ADAMSSTP","2025","2025","01","12","46899"
"3","4949-BULLARDAVCP","2025","2025","01","1","251"
"3","4949-BULLARDAVCP","2025","2025","01","2","278"
"3","4949-BULLARDAVCP","2025","2025","01","3","263"
"3","4949-BULLARDAVCP","2025","2025","01","4","281"
"3","4949-BULLARDAVCP","2025","2025","01","5","302"
"3","4949-BULLARDAVCP","2025","2025","01","6","272"
"3","4949-BULLARDAVCP","2025","2025","01","7","265"
"3","4949-BULLARDAVCP","2025","2025","01","8","289"
"3","4949-BULLARDAVCP","2025","2025","01","9","292"
"3","4949-BULLARDAVCP","2025","2025","01","10","282"
"3","4949-BULLARDAVCP","2025","2025","01","11","276"
"3","4949-BULLARDAVCP","2025","2025","01","12","299"
"3","4949-BULLARDAVBP","2025","2025","01","1","251"
"3","4949-BULLARDAVBP","2025","2025","01","2","267"
"3","4949-BULLARDAVBP","2025","2025","01","3","298"
"3","4949-BULLARDAVBP","2025","2025","01","4","300"
"3","4949-BULLARDAVBP","2025","2025","01","5","286"
"3","4949-BULLARDAVBP","2025","2025","01","6","279"
"3","4949-BULLARDAVBP","2025","2025","01","7","293"
"3","4949-BULLARDAVBP","2025","2025","01","8","286"
"3","4949-BULLARDAVBP","2025","2025","01","9","273"
"3","4949-BULLARDAVBP","2025","2025","01","10","263"
"3","4949-BULLARDAVBP","2025","2025","01","11","280"
"3","4949-BULLARDAVBP","2025","2025","01","12","289"
"1","2527-GRAVIERSTP","2025","2025","01","1","976"
"1","2527-GRAVIERSTP","2025","2025","01","2","1086"
"1","2527-GRAVIERSTP","2025","2025","05","2","33"
"1","2527-GRAVIERSTP","2025","2025","01","3","2407"
"1","2527-GRAVIERSTP","2025","2025","05","3","107"
"1","2527-GRAVIERSTP","2025","2025","01","4","2535"
"1","2527-GRAVIERSTP","2025","2025","05","4","78"
"1","2527-GRAVIERSTP","2025","2025","01","5","1973"
"1","2527-GRAVIERSTP","2025","2025","05","5","70"
"1","2527-GRAVIERSTP","2025","2025","01","6","2637"
"1","2527-GRAVIERSTP","2025","2025","05","6","83"
"1","2527-GRAVIERSTP","2025","2025","01","7","1582"
"1","2527-GRAVIERSTP","2025","2025","05","7","35"
"1","2527-GRAVIERSTP","2025","2025","01","8","1973"
"1","2527-GRAVIERSTP","2025","2025","05","8","97"
"1","2527-GRAVIERSTP","2025","2025","01","9","2310"
"1","2527-GRAVIERSTP","2025","2025","05","9","76"
"1","2527-GRAVIERSTP","2025","2025","01","10","2113"
"1","2527-GRAVIERSTP","2025","2025","05","10","56"
"1","2527-GRAVIERSTP","2025","2025","01","11","1971"
"1","2527-GRAVIERSTP","2025","2025","05","11","27"
"1","2527-GRAVIERSTP","2025","2025","01","12","2604"
"1","2527-GRAVIERSTP","2025","2025","05","12","143"
"3","4952-BULLARDAVP","2025","2025","01","1","27409"
"3","4952-BULLARDAVP","2025","2025","01","2","54192"
"3","4952-BULLARDAVP","2025","2025","01","3","52992"
"3","4952-BULLARDAVP","2025","2025","01","4","40149"
"3","4952-BULLARDAVP","2025","2025","01","5","38010"
"3","4952-BULLARDAVP","2025","2025","01","6","22062"
"3","4952-BULLARDAVP","2025","2025","01","9","6133"
"3","4952-BULLARDAVP","2025","2025","01","10","6176"
"3","4952-BULLARDAVP","2025","2025","01","11","5283"
"3","4952-BULLARDAVP","2025","2025","01","12","1414"
"3","602-FRENCHMENSTP","2025","2025","01","1","51645"
"3","602-FRENCHMENSTP","2025","2025","01","2","95281"
"3","602-FRENCHMENSTP","2025","2025","01","3","104436"
"3","602-FRENCHMENSTP","2025","2025","01","4","126085"
"3","602-FRENCHMENSTP","2025","2025","01","5","108728"
"3","602-FRENCHMENSTP","2025","2025","01","6","64821"
"3","602-FRENCHMENSTP","2025","2025","01","7","62771"
"3","602-FRENCHMENSTP","2025","2025","01","8","59196"
"3","602-FRENCHMENSTP","2025","2025","01","9","69567"
"3","602-FRENCHMENSTP","2025","2025","01","10","108907"
"3","602-FRENCHMENSTP","2025","2025","01","11","73004"
"3","602-FRENCHMENSTP","2025","2025","01","12","67441"
"3","5769-CROWDERBLAP","2025","2025","01","1","261857"
"3","5769-CROWDERBLAP","2025","2025","01","2","215686"
"3","5769-CROWDERBLAP","2025","2025","01","3","241183"
"3","5769-CROWDERBLAP","2025","2025","01","4","133156"
"3","5769-CROWDERBLAP","2025","2025","01","5","237956"
"3","5769-CROWDERBLAP","2025","2025","01","6","235764"
"3","5769-CROWDERBLAP","2025","2025","01","7","187950"
"3","5769-CROWDERBLAP","2025","2025","01","8","224195"
"3","5769-CROWDERBLAP","2025","2025","01","9","215562"
"3","5769-CROWDERBLAP","2025","2025","01","10","211509"
"3","5769-CROWDERBLAP","2025","2025","01","11","213024"
"3","5769-CROWDERBLAP","2025","2025","01","12","204492"
"3","4661-ALCEEFORTIERBDFP","2025","2025","01","1","223084"
"3","4661-ALCEEFORTIERBDFP","2025","2025","01","2","239025"
"3","4661-ALCEEFORTIERBDFP","2025","2025","01","3","216501"
"3","4661-ALCEEFORTIERBDFP","2025","2025","01","4","163369"
"3","4661-ALCEEFORTIERBDFP","2025","2025","01","5","162205"
"3","4661-ALCEEFORTIERBDFP","2025","2025","01","6","152000"
"3","4661-ALCEEFORTIERBDFP","2025","2025","01","7","174812"
"3","4661-ALCEEFORTIERBDFP","2025","2025","01","8","155676"
"3","4661-ALCEEFORTIERBDFP","2025","2025","01","9","154450"
"3","4661-ALCEEFORTIERBDFP","2025","2025","01","10","159283"
"3","4661-ALCEEFORTIERBDFP","2025","2025","01","11","170205"
"3","4661-ALCEEFORTIERBDFP","2025","2025","01","12","178835"
"3","9830-CHEFMENTEURHWAP","2025","2025","01","1","5645"
"3","9830-CHEFMENTEURHWAP","2025","2025","01","2","5545"
"3","9830-CHEFMENTEURHWAP","2025","2025","01","3","6455"
"3","9830-CHEFMENTEURHWAP","2025","2025","01","4","6282"
"3","9830-CHEFMENTEURHWAP","2025","2025","01","5","6591"
"3","9830-CHEFMENTEURHWAP","2025","2025","01","6","6191"
"3","9830-CHEFMENTEURHWAP","2025","2025","01","7","4909"
"3","9830-CHEFMENTEURHWAP","2025","2025","01","8","6091"
"3","9830-CHEFMENTEURHWAP","2025","2025","01","9","5455"
"3","9830-CHEFMENTEURHWAP","2025","2025","01","10","5273"
"3","9830-CHEFMENTEURHWAP","2025","2025","01","11","5545"
"3","9830-CHEFMENTEURHWAP","2025","2025","01","12","5682"
"3","6753-CHEFMENTEURHWP","2025","2025","01","1","15318"
"3","6753-CHEFMENTEURHWP","2025","2025","01","2","13400"
"3","6753-CHEFMENTEURHWP","2025","2025","01","3","12327"
"3","6753-CHEFMENTEURHWP","2025","2025","01","4","13491"
"3","6753-CHEFMENTEURHWP","2025","2025","01","5","13536"
"3","6753-CHEFMENTEURHWP","2025","2025","01","6","11836"
"3","6753-CHEFMENTEURHWP","2025","2025","01","7","18527"
"3","6753-CHEFMENTEURHWP","2025","2025","01","8","14000"
"3","6753-CHEFMENTEURHWP","2025","2025","01","9","15236"
"3","6753-CHEFMENTEURHWP","2025","2025","01","10","13473"
"3","6753-CHEFMENTEURHWP","2025","2025","01","11","13473"
"3","6753-CHEFMENTEURHWP","2025","2025","01","12","12518"
"2","2131-CANALSTP","2025","2025","01","1","18741"
"2","2131-CANALSTP","2025","2025","01","2","19600"
"2","2131-CANALSTP","2025","2025","01","3","23455"
"2","2131-CANALSTP","2025","2025","01","4","22147"
"2","2131-CANALSTP","2025","2025","01","5","22541"
"2","2131-CANALSTP","2025","2025","01","6","24722"
"2","2131-CANALSTP","2025","2025","01","7","21984"
"2","2131-CANALSTP","2025","2025","01","8","19153"
"2","2131-CANALSTP","2025","2025","01","9","20641"
"2","2131-CANALSTP","2025","2025","01","10","21831"
"2","2131-CANALSTP","2025","2025","01","11","25747"
"2","2131-CANALSTP","2025","2025","01","12","27321"
"3","6041-BULLARDAV2P","2025","2025","01","1","405709"
"3","6041-BULLARDAV2P","2025","2025","01","2","405478"
"3","6041-BULLARDAV2P","2025","2025","01","3","430529"
"3","6041-BULLARDAV2P","2025","2025","01","4","417621"
"3","6041-BULLARDAV2P","2025","2025","01","5","438035"
"3","6041-BULLARDAV2P","2025","2025","01","6","425142"
"3","6041-BULLARDAV2P","2025","2025","01","7","414707"
"3","6041-BULLARDAV2P","2025","2025","01","8","406849"
"3","6041-BULLARDAV2P","2025","2025","01","9","449723"
"3","6041-BULLARDAV2P","2025","2025","01","10","423826"
"3","6041-BULLARDAV2P","2025","2025","01","11","330584"
"3","6041-BULLARDAV2P","2025","2025","01","12","347626"
"3","15200-CHEFMENTEURHWP","2025","2025","01","1","188440"
"3","15200-CHEFMENTEURHWP","2025","2025","01","2","182153"
"3","15200-CHEFMENTEURHWP","2025","2025","01","3","215662"
"3","15200-CHEFMENTEURHWP","2025","2025","01","4","191796"
"3","15200-CHEFMENTEURHWP","2025","2025","01","5","222233"
"3","15200-CHEFMENTEURHWP","2025","2025","01","6","213966"
"3","15200-CHEFMENTEURHWP","2025","2025","01","7","125830"
"3","15200-CHEFMENTEURHWP","2025","2025","01","8","262287"
"3","15200-CHEFMENTEURHWP","2025","2025","01","9","266903"
"3","15200-CHEFMENTEURHWP","2025","2025","01","10","286869"
"3","15200-CHEFMENTEURHWP","2025","2025","01","11","262939"
"3","15200-CHEFMENTEURHWP","2025","2025","01","12","239388"
"2","721-BOURBONSTP","2025","2025","01","1","13770"
"2","721-BOURBONSTP","2025","2025","01","2","13770"
"2","721-BOURBONSTP","2025","2025","01","3","13770"
"2","721-BOURBONSTP","2025","2025","01","4","13770"
"2","721-BOURBONSTP","2025","2025","01","5","13770"
"2","721-BOURBONSTP","2025","2025","01","6","13770"
"2","721-BOURBONSTP","2025","2025","01","7","13770"
"2","721-BOURBONSTP","2025","2025","01","8","13770"
"2","721-BOURBONSTP","2025","2025","01","9","13770"
"2","721-BOURBONSTP","2025","2025","01","10","13770"
"2","721-BOURBONSTP","2025","2025","01","11","13770"
"2","721-BOURBONSTP","2025","2025","01","12","13770"
"6","3301-SCLAIBORNEAVP","2025","2025","01","1","7314"
"6","3301-SCLAIBORNEAVP","2025","2025","01","2","6844"
"6","3301-SCLAIBORNEAVP","2025","2025","01","3","4581"
"6","3301-SCLAIBORNEAVP","2025","2025","01","4","6174"
"6","3301-SCLAIBORNEAVP","2025","2025","01","5","5200"
"6","3301-SCLAIBORNEAVP","2025","2025","01","6","5343"
"6","3301-SCLAIBORNEAVP","2025","2025","01","7","4933"
"6","3301-SCLAIBORNEAVP","2025","2025","01","8","5100"
"6","3301-SCLAIBORNEAVP","2025","2025","01","9","6479"
"6","3301-SCLAIBORNEAVP","2025","2025","01","10","6783"
"6","3301-SCLAIBORNEAVP","2025","2025","01","11","4321"
"6","3301-SCLAIBORNEAVP","2025","2025","01","12","4685"
"3","1468-NBROADSTP","2025","2025","01","1","38636"
"3","1468-NBROADSTP","2025","2025","01","4","53587"
"3","1468-NBROADSTP","2025","2025","01","7","32824"
"3","1468-NBROADSTP","2025","2025","01","8","35760"
"3","1468-NBROADSTP","2025","2025","01","9","39219"
"3","1468-NBROADSTP","2025","2025","01","10","41273"
"3","1468-NBROADSTP","2025","2025","01","11","45290"
"3","1468-NBROADSTP","2025","2025","01","12","38162"
"4","2727-STCHARLESAVP","2025","2025","05","1","267"
"4","2727-STCHARLESAVP","2025","2025","05","2","601"
"4","2727-STCHARLESAVP","2025","2025","05","3","267"
"4","2727-STCHARLESAVP","2025","2025","05","4","401"
"4","2727-STCHARLESAVP","2025","2025","05","5","267"
"4","2727-STCHARLESAVP","2025","2025","05","6","267"
"4","2727-STCHARLESAVP","2025","2025","05","8","267"
"4","2727-STCHARLESAVP","2025","2025","05","9","267"
"4","2727-STCHARLESAVP","2025","2025","05","10","267"
"4","2727-STCHARLESAVP","2025","2025","05","11","372"
"4","2727-STCHARLESAVP","2025","2025","05","12","267"
"6","3737-SCLAIBORNEAVP","2025","2025","01","1","15740"
"6","3737-SCLAIBORNEAVP","2025","2025","01","2","18733"
"6","3737-SCLAIBORNEAVP","2025","2025","01","3","18235"
"6","3737-SCLAIBORNEAVP","2025","2025","01","4","16200"
"6","3737-SCLAIBORNEAVP","2025","2025","01","5","19002"
"6","3737-SCLAIBORNEAVP","2025","2025","01","6","18164"
"6","3737-SCLAIBORNEAVP","2025","2025","01","7","17276"
"6","3737-SCLAIBORNEAVP","2025","2025","01","8","15384"
"6","3737-SCLAIBORNEAVP","2025","2025","01","9","15347"
"6","3737-SCLAIBORNEAVP","2025","2025","01","10","20522"
"6","3737-SCLAIBORNEAVP","2025","2025","01","11","20146"
"6","3737-SCLAIBORNEAVP","2025","2025","01","12","18684"
"3","13301-CHEFMENTEURHW1P","2025","2025","01","1","163068"
"3","13301-CHEFMENTEURHW1P","2025","2025","01","2","161158"
"3","13301-CHEFMENTEURHW1P","2025","2025","01","3","164781"
"3","13301-CHEFMENTEURHW1P","2025","2025","01","4","168244"
"3","13301-CHEFMENTEURHW1P","2025","2025","01","5","169957"
"3","13301-CHEFMENTEURHW1P","2025","2025","01","6","163245"
"3","13301-CHEFMENTEURHW1P","2025","2025","01","7","173552"
"3","13301-CHEFMENTEURHW1P","2025","2025","01","8","161489"
"3","13301-CHEFMENTEURHW1P","2025","2025","01","9","169199"
"3","13301-CHEFMENTEURHW1P","2025","2025","01","10","158745"
"3","13301-CHEFMENTEURHW1P","2025","2025","01","11","141931"
"3","13301-CHEFMENTEURHW1P","2025","2025","01","12","150620"
"6","3624-MAGAZINESTP","2025","2025","01","1","57000"
"6","3624-MAGAZINESTP","2025","2025","05","1","300"
"6","3624-MAGAZINESTP","2025","2025","01","2","61000"
"6","3624-MAGAZINESTP","2025","2025","05","2","300"
"6","3624-MAGAZINESTP","2025","2025","01","3","62000"
"6","3624-MAGAZINESTP","2025","2025","05","3","300"
"6","3624-MAGAZINESTP","2025","2025","01","4","55000"
"6","3624-MAGAZINESTP","2025","2025","05","4","300"
"6","3624-MAGAZINESTP","2025","2025","01","5","55000"
"6","3624-MAGAZINESTP","2025","2025","05","5","300"
"6","3624-MAGAZINESTP","2025","2025","01","6","57000"
"6","3624-MAGAZINESTP","2025","2025","05","6","300"
"6","3624-MAGAZINESTP","2025","2025","01","7","60000"
"6","3624-MAGAZINESTP","2025","2025","05","7","300"
"6","3624-MAGAZINESTP","2025","2025","01","8","62000"
"6","3624-MAGAZINESTP","2025","2025","05","8","300"
"6","3624-MAGAZINESTP","2025","2025","01","9","61000"
"6","3624-MAGAZINESTP","2025","2025","05","9","300"
"6","3624-MAGAZINESTP","2025","2025","01","10","60000"
"6","3624-MAGAZINESTP","2025","2025","05","10","300"
"6","3624-MAGAZINESTP","2025","2025","01","11","62000"
"6","3624-MAGAZINESTP","2025","2025","05","11","300"
"6","3624-MAGAZINESTP","2025","2025","01","12","62000"
"6","3624-MAGAZINESTP","2025","2025","05","12","300"
"2","308-DECATURSTP","2025","2025","02","1","20000"
"2","308-DECATURSTP","2025","2025","04","1","500"
"2","308-DECATURSTP","2025","2025","05","1","5000"
"2","308-DECATURSTP","2025","2025","02","2","20000"
"2","308-DECATURSTP","2025","2025","04","2","500"
"2","308-DECATURSTP","2025","2025","05","2","5000"
"2","308-DECATURSTP","2025","2025","02","3","20000"
"2","308-DECATURSTP","2025","2025","04","3","500"
"2","308-DECATURSTP","2025","2025","05","3","5000"
"2","308-DECATURSTP","2025","2025","02","4","20000"
"2","308-DECATURSTP","2025","2025","04","4","500"
"2","308-DECATURSTP","2025","2025","05","4","5000"
"2","308-DECATURSTP","2025","2025","02","5","20000"
"2","308-DECATURSTP","2025","2025","04","5","500"
"2","308-DECATURSTP","2025","2025","05","5","5000"
"2","308-DECATURSTP","2025","2025","02","6","20000"
"2","308-DECATURSTP","2025","2025","04","6","500"
"2","308-DECATURSTP","2025","2025","05","6","5000"
"2","308-DECATURSTP","2025","2025","02","7","20000"
"2","308-DECATURSTP","2025","2025","04","7","500"
"2","308-DECATURSTP","2025","2025","05","7","5000"
"2","308-DECATURSTP","2025","2025","02","8","20000"
"2","308-DECATURSTP","2025","2025","04","8","500"
"2","308-DECATURSTP","2025","2025","05","8","5000"
"2","308-DECATURSTP","2025","2025","02","9","20000"
"2","308-DECATURSTP","2025","2025","04","9","500"
"2","308-DECATURSTP","2025","2025","05","9","5000"
"2","308-DECATURSTP","2025","2025","02","10","20000"
"2","308-DECATURSTP","2025","2025","04","10","500"
"2","308-DECATURSTP","2025","2025","05","10","5000"
"2","308-DECATURSTP","2025","2025","02","11","20000"
"2","308-DECATURSTP","2025","2025","04","11","500"
"2","308-DECATURSTP","2025","2025","05","11","5000"
"2","308-DECATURSTP","2025","2025","02","12","20000"
"2","308-DECATURSTP","2025","2025","04","12","500"
"2","308-DECATURSTP","2025","2025","05","12","5000"
"2","125-BOURBONSTP","2025","2025","01","1","73142"
"2","125-BOURBONSTP","2025","2025","05","1","14738"
"2","125-BOURBONSTP","2025","2025","01","2","73211"
"2","125-BOURBONSTP","2025","2025","05","2","12692"
"2","125-BOURBONSTP","2025","2025","01","3","73640"
"2","125-BOURBONSTP","2025","2025","05","3","13233"
"2","125-BOURBONSTP","2025","2025","01","4","101392"
"2","125-BOURBONSTP","2025","2025","05","4","15060"
"2","125-BOURBONSTP","2025","2025","01","5","99259"
"2","125-BOURBONSTP","2025","2025","05","5","14920"
"2","125-BOURBONSTP","2025","2025","01","6","91213"
"2","125-BOURBONSTP","2025","2025","05","6","14783"
"2","125-BOURBONSTP","2025","2025","01","7","96274"
"2","125-BOURBONSTP","2025","2025","05","7","18365"
"2","125-BOURBONSTP","2025","2025","01","8","107205"
"2","125-BOURBONSTP","2025","2025","05","8","17952"
"2","125-BOURBONSTP","2025","2025","01","9","103981"
"2","125-BOURBONSTP","2025","2025","05","9","14296"
"2","125-BOURBONSTP","2025","2025","01","10","88476"
"2","125-BOURBONSTP","2025","2025","05","10","14667"
"2","125-BOURBONSTP","2025","2025","01","11","97615"
"2","125-BOURBONSTP","2025","2025","05","11","11776"
"2","125-BOURBONSTP","2025","2025","01","12","121661"
"2","125-BOURBONSTP","2025","2025","05","12","16150"
"2","1241-DECATURSTP","2025","2025","02","1","12000"
"2","1241-DECATURSTP","2025","2025","04","1","500"
"2","1241-DECATURSTP","2025","2025","05","1","8000"
"2","1241-DECATURSTP","2025","2025","02","2","12000"
"2","1241-DECATURSTP","2025","2025","04","2","500"
"2","1241-DECATURSTP","2025","2025","05","2","8000"
"2","1241-DECATURSTP","2025","2025","02","3","12000"
"2","1241-DECATURSTP","2025","2025","04","3","500"
"2","1241-DECATURSTP","2025","2025","05","3","8000"
"2","1241-DECATURSTP","2025","2025","02","4","12000"
"2","1241-DECATURSTP","2025","2025","04","4","500"
"2","1241-DECATURSTP","2025","2025","05","4","8000"
"2","1241-DECATURSTP","2025","2025","02","5","12000"
"2","1241-DECATURSTP","2025","2025","04","5","500"
"2","1241-DECATURSTP","2025","2025","05","5","8000"
"2","1241-DECATURSTP","2025","2025","02","6","12000"
"2","1241-DECATURSTP","2025","2025","04","6","500"
"2","1241-DECATURSTP","2025","2025","05","6","8000"
"2","1241-DECATURSTP","2025","2025","02","7","12000"
"2","1241-DECATURSTP","2025","2025","04","7","500"
"2","1241-DECATURSTP","2025","2025","05","7","8000"
"2","1241-DECATURSTP","2025","2025","02","8","12000"
"2","1241-DECATURSTP","2025","2025","04","8","500"
"2","1241-DECATURSTP","2025","2025","05","8","8000"
"2","1241-DECATURSTP","2025","2025","02","9","12000"
"2","1241-DECATURSTP","2025","2025","04","9","500"
"2","1241-DECATURSTP","2025","2025","05","9","8000"
"2","1241-DECATURSTP","2025","2025","02","10","12000"
"2","1241-DECATURSTP","2025","2025","04","10","500"
"2","1241-DECATURSTP","2025","2025","05","10","8000"
"2","1241-DECATURSTP","2025","2025","02","11","12000"
"2","1241-DECATURSTP","2025","2025","04","11","500"
"2","1241-DECATURSTP","2025","2025","05","11","8000"
"2","1241-DECATURSTP","2025","2025","02","12","12000"
"2","1241-DECATURSTP","2025","2025","04","12","500"
"2","1241-DECATURSTP","2025","2025","05","12","8000"
"2","637-NCARROLLTONAVP","2025","2025","02","1","11000"
"2","637-NCARROLLTONAVP","2025","2025","04","1","1000"
"2","637-NCARROLLTONAVP","2025","2025","05","1","7500"
"2","637-NCARROLLTONAVP","2025","2025","02","2","11000"
"2","637-NCARROLLTONAVP","2025","2025","04","2","1000"
"2","637-NCARROLLTONAVP","2025","2025","05","2","7500"
"2","637-NCARROLLTONAVP","2025","2025","02","3","11000"
"2","637-NCARROLLTONAVP","2025","2025","04","3","1000"
"2","637-NCARROLLTONAVP","2025","2025","05","3","7500"
"2","637-NCARROLLTONAVP","2025","2025","02","4","11000"
"2","637-NCARROLLTONAVP","2025","2025","04","4","1000"
"2","637-NCARROLLTONAVP","2025","2025","05","4","7500"
"2","637-NCARROLLTONAVP","2025","2025","02","5","11000"
"2","637-NCARROLLTONAVP","2025","2025","04","5","1000"
"2","637-NCARROLLTONAVP","2025","2025","05","5","7500"
"2","637-NCARROLLTONAVP","2025","2025","02","6","11000"
"2","637-NCARROLLTONAVP","2025","2025","04","6","1000"
"2","637-NCARROLLTONAVP","2025","2025","05","6","7500"
"2","637-NCARROLLTONAVP","2025","2025","02","7","11000"
"2","637-NCARROLLTONAVP","2025","2025","04","7","1000"
"2","637-NCARROLLTONAVP","2025","2025","05","7","7500"
"2","637-NCARROLLTONAVP","2025","2025","02","8","11000"
"2","637-NCARROLLTONAVP","2025","2025","04","8","1000"
"2","637-NCARROLLTONAVP","2025","2025","05","8","7500"
"2","637-NCARROLLTONAVP","2025","2025","02","9","11000"
"2","637-NCARROLLTONAVP","2025","2025","04","9","1000"
"2","637-NCARROLLTONAVP","2025","2025","05","9","7500"
"2","637-NCARROLLTONAVP","2025","2025","02","10","11000"
"2","637-NCARROLLTONAVP","2025","2025","04","10","1000"
"2","637-NCARROLLTONAVP","2025","2025","05","10","7500"
"2","637-NCARROLLTONAVP","2025","2025","02","11","11000"
"2","637-NCARROLLTONAVP","2025","2025","04","11","1000"
"2","637-NCARROLLTONAVP","2025","2025","05","11","7500"
"2","637-NCARROLLTONAVP","2025","2025","02","12","11000"
"2","637-NCARROLLTONAVP","2025","2025","04","12","1000"
"2","637-NCARROLLTONAVP","2025","2025","05","12","7500"
"1","LEASEDEQUIPMENT3089P","2025","2025","01","1","1662"
"1","LEASEDEQUIPMENT3089P","2025","2025","01","2","1662"
"1","LEASEDEQUIPMENT3089P","2025","2025","01","3","1662"
"1","LEASEDEQUIPMENT3089P","2025","2025","01","4","1662"
"1","LEASEDEQUIPMENT3089P","2025","2025","01","5","1662"
"1","LEASEDEQUIPMENT3089P","2025","2025","01","6","1662"
"1","LEASEDEQUIPMENT3089P","2025","2025","01","7","1662"
"1","LEASEDEQUIPMENT3089P","2025","2025","01","8","1662"
"1","LEASEDEQUIPMENT3089P","2025","2025","01","9","1662"
"1","LEASEDEQUIPMENT3089P","2025","2025","01","10","1662"
"1","LEASEDEQUIPMENT3089P","2025","2025","01","11","1662"
"1","LEASEDEQUIPMENT3089P","2025","2025","01","12","1662"
"1","1231-PRYTANIAST119P","2025","2025","05","12","18654"
"2","3308-ESPLANADEAVP","2025","2025","01","1","71662"
"2","3308-ESPLANADEAVP","2025","2025","01","2","71662"
"2","3308-ESPLANADEAVP","2025","2025","01","3","71662"
"2","3308-ESPLANADEAVP","2025","2025","01","4","71662"
"2","3308-ESPLANADEAVP","2025","2025","01","5","71662"
"2","3308-ESPLANADEAVP","2025","2025","01","6","71662"
"2","3308-ESPLANADEAVP","2025","2025","01","7","71662"
"2","3308-ESPLANADEAVP","2025","2025","01","8","71662"
"2","3308-ESPLANADEAVP","2025","2025","01","9","71662"
"2","3308-ESPLANADEAVP","2025","2025","01","10","71662"
"2","3308-ESPLANADEAVP","2025","2025","01","11","71662"
"2","3308-ESPLANADEAVP","2025","2025","01","12","76098"
"1","1000-MAGAZINEST01P","2025","2025","99","1","10110"
"1","1000-MAGAZINEST01P","2025","2025","01","1","10591"
"1","1000-MAGAZINEST01P","2025","2025","02","1","126510"
"1","1000-MAGAZINEST01P","2025","2025","99","2","1874"
"1","1000-MAGAZINEST01P","2025","2025","01","2","12203"
"1","1000-MAGAZINEST01P","2025","2025","02","2","136905"
"1","1000-MAGAZINEST01P","2025","2025","99","3","3652"
"1","1000-MAGAZINEST01P","2025","2025","01","3","13279"
"1","1000-MAGAZINEST01P","2025","2025","02","3","135683"
"1","1000-MAGAZINEST01P","2025","2025","99","4","5310"
"1","1000-MAGAZINEST01P","2025","2025","01","4","18883"
"1","1000-MAGAZINEST01P","2025","2025","02","4","138903"
"1","1000-MAGAZINEST01P","2025","2025","99","5","1354"
"1","1000-MAGAZINEST01P","2025","2025","01","5","15515"
"1","1000-MAGAZINEST01P","2025","2025","02","5","138032"
"1","1000-MAGAZINEST01P","2025","2025","99","6","1682"
"1","1000-MAGAZINEST01P","2025","2025","01","6","16488"
"1","1000-MAGAZINEST01P","2025","2025","02","6","141011"
"1","1000-MAGAZINEST01P","2025","2025","99","7","2126"
"1","1000-MAGAZINEST01P","2025","2025","01","7","13971"
"1","1000-MAGAZINEST01P","2025","2025","02","7","141473"
"1","1000-MAGAZINEST01P","2025","2025","99","8","11844"
"1","1000-MAGAZINEST01P","2025","2025","01","8","15373"
"1","1000-MAGAZINEST01P","2025","2025","02","8","136504"
"1","1000-MAGAZINEST01P","2025","2025","99","9","9514"
"1","1000-MAGAZINEST01P","2025","2025","01","9","16897"
"1","1000-MAGAZINEST01P","2025","2025","02","9","127848"
"1","1000-MAGAZINEST01P","2025","2025","99","10","4301"
"1","1000-MAGAZINEST01P","2025","2025","01","10","14606"
"1","1000-MAGAZINEST01P","2025","2025","02","10","146975"
"1","1000-MAGAZINEST01P","2025","2025","99","11","5693"
"1","1000-MAGAZINEST01P","2025","2025","01","11","14436"
"1","1000-MAGAZINEST01P","2025","2025","02","11","138024"
"1","1000-MAGAZINEST01P","2025","2025","99","12","3256"
"1","1000-MAGAZINEST01P","2025","2025","01","12","13415"
"1","1000-MAGAZINEST01P","2025","2025","02","12","137749"
"1","336-LAFAYETTEST200P","2025","2025","05","1","100"
"1","336-LAFAYETTEST200P","2025","2025","05","2","100"
"1","336-LAFAYETTEST200P","2025","2025","05","3","100"
"1","336-LAFAYETTEST200P","2025","2025","05","4","100"
"1","336-LAFAYETTEST200P","2025","2025","05","5","100"
"1","336-LAFAYETTEST200P","2025","2025","05","6","100"
"1","336-LAFAYETTEST200P","2025","2025","05","7","100"
"1","336-LAFAYETTEST200P","2025","2025","05","8","100"
"1","336-LAFAYETTEST200P","2025","2025","05","9","100"
"1","336-LAFAYETTEST200P","2025","2025","05","10","100"
"1","336-LAFAYETTEST200P","2025","2025","05","11","100"
"1","336-LAFAYETTEST200P","2025","2025","05","12","100"
"4","2619-TCHOUPITOULASSTP","2025","2025","02","1","69743"
"4","2619-TCHOUPITOULASSTP","2025","2025","02","2","60270"
"4","2619-TCHOUPITOULASSTP","2025","2025","02","3","66430"
"4","2619-TCHOUPITOULASSTP","2025","2025","02","4","74240"
"4","2619-TCHOUPITOULASSTP","2025","2025","02","5","76600"
"4","2619-TCHOUPITOULASSTP","2025","2025","02","6","63290"
"4","2619-TCHOUPITOULASSTP","2025","2025","02","7","60200"
"4","2619-TCHOUPITOULASSTP","2025","2025","02","8","66730"
"4","2619-TCHOUPITOULASSTP","2025","2025","02","9","68140"
"4","2619-TCHOUPITOULASSTP","2025","2025","02","10","66200"
"4","2619-TCHOUPITOULASSTP","2025","2025","02","11","69300"
"4","2619-TCHOUPITOULASSTP","2025","2025","02","12","66910"
"1","201-STCHARLESAV36THFLP","2025","2025","05","12","7141"
"3","4268-POCHECOURTWESTAP","2025","2025","02","1","3250"
"3","4268-POCHECOURTWESTAP","2025","2025","02","2","3839"
"3","4268-POCHECOURTWESTAP","2025","2025","02","3","5110"
"3","4268-POCHECOURTWESTAP","2025","2025","02","4","5730"
"3","4268-POCHECOURTWESTAP","2025","2025","02","5","10091"
"3","4268-POCHECOURTWESTAP","2025","2025","02","6","9752"
"3","4268-POCHECOURTWESTAP","2025","2025","02","7","7849"
"3","4268-POCHECOURTWESTAP","2025","2025","02","8","4527"
"3","4268-POCHECOURTWESTAP","2025","2025","02","9","12080"
"3","4268-POCHECOURTWESTAP","2025","2025","02","10","2318"
"3","4268-POCHECOURTWESTAP","2025","2025","02","11","2664"
"3","4268-POCHECOURTWESTAP","2025","2025","02","12","2565"
"3","2-ESPLANADEAVWHARF1P","2025","2025","01","1","1404620"
"3","2-ESPLANADEAVWHARF1P","2025","2025","01","2","1193238"
"3","2-ESPLANADEAVWHARF1P","2025","2025","01","3","736056"
"3","2-ESPLANADEAVWHARF1P","2025","2025","01","4","623030"
"3","2-ESPLANADEAVWHARF1P","2025","2025","01","5","578792"
"3","2-ESPLANADEAVWHARF1P","2025","2025","01","6","440898"
"3","2-ESPLANADEAVWHARF1P","2025","2025","01","7","404748"
"3","2-ESPLANADEAVWHARF1P","2025","2025","01","8","296522"
"3","2-ESPLANADEAVWHARF1P","2025","2025","01","9","50479"
"3","2-ESPLANADEAVWHARF1P","2025","2025","01","10","2712"
"3","2-ESPLANADEAVWHARF1P","2025","2025","01","11","2670"
"3","2-ESPLANADEAVWHARF1P","2025","2025","01","12","2668"
"3","13245-CHEFMENTEURHWP","2025","2025","01","1","251551"
"3","13245-CHEFMENTEURHWP","2025","2025","01","2","245404"
"3","13245-CHEFMENTEURHWP","2025","2025","01","3","276227"
"3","13245-CHEFMENTEURHWP","2025","2025","01","4","286645"
"3","13245-CHEFMENTEURHWP","2025","2025","01","5","282788"
"3","13245-CHEFMENTEURHWP","2025","2025","01","6","266644"
"3","13245-CHEFMENTEURHWP","2025","2025","01","7","257178"
"3","13245-CHEFMENTEURHWP","2025","2025","01","8","280606"
"3","13245-CHEFMENTEURHWP","2025","2025","01","9","286524"
"3","13245-CHEFMENTEURHWP","2025","2025","01","10","283725"
"3","13245-CHEFMENTEURHWP","2025","2025","01","11","240693"
"3","13245-CHEFMENTEURHWP","2025","2025","01","12","234409"
"4","1914-MAGAZINESTP","2025","2025","01","1","500"
"4","1914-MAGAZINESTP","2025","2025","01","2","500"
"4","1914-MAGAZINESTP","2025","2025","01","3","500"
"4","1914-MAGAZINESTP","2025","2025","01","4","500"
"4","1914-MAGAZINESTP","2025","2025","01","5","500"
"4","1914-MAGAZINESTP","2025","2025","01","6","500"
"4","1914-MAGAZINESTP","2025","2025","01","7","500"
"4","1914-MAGAZINESTP","2025","2025","01","8","500"
"4","1914-MAGAZINESTP","2025","2025","01","9","500"
"4","1914-MAGAZINESTP","2025","2025","01","10","500"
"4","1914-MAGAZINESTP","2025","2025","01","11","500"
"4","1914-MAGAZINESTP","2025","2025","01","12","500"
"2","822-CHARTRESST010P","2025","2025","01","1","14712"
"2","822-CHARTRESST010P","2025","2025","05","1","11437"
"2","822-CHARTRESST010P","2025","2025","01","2","27188"
"2","822-CHARTRESST010P","2025","2025","05","2","10817"
"2","822-CHARTRESST010P","2025","2025","01","3","32818"
"2","822-CHARTRESST010P","2025","2025","05","3","19723"
"2","822-CHARTRESST010P","2025","2025","01","4","8508"
"2","822-CHARTRESST010P","2025","2025","05","4","13150"
"2","822-CHARTRESST010P","2025","2025","01","5","7068"
"2","822-CHARTRESST010P","2025","2025","05","5","11071"
"2","822-CHARTRESST010P","2025","2025","01","6","6402"
"2","822-CHARTRESST010P","2025","2025","05","6","13848"
"2","822-CHARTRESST010P","2025","2025","01","7","20848"
"2","822-CHARTRESST010P","2025","2025","05","7","11042"
"2","822-CHARTRESST010P","2025","2025","01","8","23322"
"2","822-CHARTRESST010P","2025","2025","05","8","13205"
"2","822-CHARTRESST010P","2025","2025","01","9","15029"
"2","822-CHARTRESST010P","2025","2025","05","9","14608"
"2","822-CHARTRESST010P","2025","2025","01","10","16805"
"2","822-CHARTRESST010P","2025","2025","05","10","25723"
"2","822-CHARTRESST010P","2025","2025","01","11","28230"
"2","822-CHARTRESST010P","2025","2025","05","11","15714"
"2","822-CHARTRESST010P","2025","2025","01","12","4465"
"2","822-CHARTRESST010P","2025","2025","05","12","15969"
"2","729-ROYALSTP","2025","2025","01","1","3641"
"2","729-ROYALSTP","2025","2025","01","2","3726"
"2","729-ROYALSTP","2025","2025","01","3","4124"
"2","729-ROYALSTP","2025","2025","01","4","3493"
"2","729-ROYALSTP","2025","2025","01","5","4733"
"2","729-ROYALSTP","2025","2025","01","6","3721"
"2","729-ROYALSTP","2025","2025","01","7","3433"
"2","729-ROYALSTP","2025","2025","01","8","2979"
"2","729-ROYALSTP","2025","2025","01","9","4701"
"2","729-ROYALSTP","2025","2025","01","10","4447"
"2","729-ROYALSTP","2025","2025","01","11","3983"
"2","729-ROYALSTP","2025","2025","01","12","3763"
"4","2201-MAGNOLIASTP","2025","2025","01","1","23411"
"4","2201-MAGNOLIASTP","2025","2025","01","2","25800"
"4","2201-MAGNOLIASTP","2025","2025","01","3","26336"
"4","2201-MAGNOLIASTP","2025","2025","01","4","27892"
"4","2201-MAGNOLIASTP","2025","2025","01","5","25008"
"4","2201-MAGNOLIASTP","2025","2025","01","6","26896"
"4","2201-MAGNOLIASTP","2025","2025","01","7","21116"
"4","2201-MAGNOLIASTP","2025","2025","01","8","22320"
"4","2201-MAGNOLIASTP","2025","2025","01","9","24135"
"4","2201-MAGNOLIASTP","2025","2025","01","10","23680"
"4","2201-MAGNOLIASTP","2025","2025","01","11","22210"
"4","2201-MAGNOLIASTP","2025","2025","01","12","24500"
"3","3021-STCLAUDEAVP","2025","2025","02","1","579"
"3","3021-STCLAUDEAVP","2025","2025","02","2","563"
"3","3021-STCLAUDEAVP","2025","2025","02","3","674"
"3","3021-STCLAUDEAVP","2025","2025","02","4","706"
"3","3021-STCLAUDEAVP","2025","2025","02","5","658"
"3","3021-STCLAUDEAVP","2025","2025","02","6","791"
"3","3021-STCLAUDEAVP","2025","2025","02","7","473"
"3","3021-STCLAUDEAVP","2025","2025","02","8","949"
"3","3021-STCLAUDEAVP","2025","2025","02","9","385"
"3","3021-STCLAUDEAVP","2025","2025","02","10","311"
"3","3021-STCLAUDEAVP","2025","2025","02","11","1025"
"3","3021-STCLAUDEAVP","2025","2025","02","12","1276"
"1","1309-PRYTANIASTP","2025","2025","05","12","15000"
"6","6501-WILLOWSTP","2025","2025","01","12","4961"
"6","6501-WILLOWSTP","2025","2025","04","12","30295"
"6","6501-WILLOWSTP","2025","2025","05","12","12321"
"2","900-ROYALSTP","2025","2025","05","1","700"
"2","900-ROYALSTP","2025","2025","05","2","1000"
"2","900-ROYALSTP","2025","2025","05","3","800"
"2","900-ROYALSTP","2025","2025","05","4","900"
"2","900-ROYALSTP","2025","2025","05","5","900"
"2","900-ROYALSTP","2025","2025","05","6","400"
"2","900-ROYALSTP","2025","2025","05","7","400"
"2","900-ROYALSTP","2025","2025","05","8","200"
"2","900-ROYALSTP","2025","2025","05","9","300"
"2","900-ROYALSTP","2025","2025","05","10","500"
"2","900-ROYALSTP","2025","2025","05","11","600"
"2","900-ROYALSTP","2025","2025","05","12","800"
"1","432-JULIASTP","2025","2025","02","1","1000"
"1","432-JULIASTP","2025","2025","02","2","1000"
"1","432-JULIASTP","2025","2025","02","3","1000"
"1","432-JULIASTP","2025","2025","02","4","1000"
"1","432-JULIASTP","2025","2025","02","5","1000"
"1","432-JULIASTP","2025","2025","02","6","1000"
"1","432-JULIASTP","2025","2025","02","7","1000"
"1","432-JULIASTP","2025","2025","02","8","1000"
"1","432-JULIASTP","2025","2025","02","9","1000"
"1","432-JULIASTP","2025","2025","02","10","1000"
"1","432-JULIASTP","2025","2025","02","11","1000"
"1","432-JULIASTP","2025","2025","02","12","1000"
"6","6823-STCHARLESAV19P","2025","2025","01","12","3148"
"6","6823-STCHARLESAV19P","2025","2025","04","12","6857"
"6","6823-STCHARLESAV19P","2025","2025","05","12","2436"
"2","365-CANALPL010P","2025","2025","01","1","913625"
"2","365-CANALPL010P","2025","2025","05","1","525"
"2","365-CANALPL010P","2025","2025","01","2","1104069"
"2","365-CANALPL010P","2025","2025","05","2","95"
"2","365-CANALPL010P","2025","2025","01","3","1061833"
"2","365-CANALPL010P","2025","2025","05","3","1509"
"2","365-CANALPL010P","2025","2025","01","4","1026014"
"2","365-CANALPL010P","2025","2025","05","4","55"
"2","365-CANALPL010P","2025","2025","01","5","1026421"
"2","365-CANALPL010P","2025","2025","01","6","1082081"
"2","365-CANALPL010P","2025","2025","05","6","18"
"2","365-CANALPL010P","2025","2025","01","7","960750"
"2","365-CANALPL010P","2025","2025","05","7","479"
"2","365-CANALPL010P","2025","2025","01","8","1044818"
"2","365-CANALPL010P","2025","2025","05","8","400"
"2","365-CANALPL010P","2025","2025","01","9","1033319"
"2","365-CANALPL010P","2025","2025","05","9","433"
"2","365-CANALPL010P","2025","2025","01","10","1076556"
"2","365-CANALPL010P","2025","2025","05","10","193"
"2","365-CANALPL010P","2025","2025","01","11","1134641"
"2","365-CANALPL010P","2025","2025","05","11","364"
"2","365-CANALPL010P","2025","2025","01","12","968674"
"2","365-CANALPL010P","2025","2025","05","12","688"
"3","7901-CHEFMENTEURHW1P","2025","2025","01","1","2900"
"3","7901-CHEFMENTEURHW1P","2025","2025","01","2","4800"
"3","7901-CHEFMENTEURHW1P","2025","2025","01","3","8725"
"3","7901-CHEFMENTEURHW1P","2025","2025","01","4","8725"
"3","7901-CHEFMENTEURHW1P","2025","2025","01","5","8725"
"3","7901-CHEFMENTEURHW1P","2025","2025","01","6","9050"
"3","7901-CHEFMENTEURHW1P","2025","2025","01","7","8075"
"3","7901-CHEFMENTEURHW1P","2025","2025","01","8","13450"
"3","7901-CHEFMENTEURHW1P","2025","2025","01","9","13450"
"3","7901-CHEFMENTEURHW1P","2025","2025","01","10","7850"
"3","7901-CHEFMENTEURHW1P","2025","2025","01","11","16950"
"3","7901-CHEFMENTEURHW1P","2025","2025","01","12","16950"
"3","9820-LAKEFORESTBD01P","2025","2025","01","1","20412"
"3","9820-LAKEFORESTBD01P","2025","2025","01","2","25735"
"3","9820-LAKEFORESTBD01P","2025","2025","01","3","22500"
"3","9820-LAKEFORESTBD01P","2025","2025","01","4","24978"
"3","9820-LAKEFORESTBD01P","2025","2025","01","5","26101"
"3","9820-LAKEFORESTBD01P","2025","2025","01","6","22934"
"3","9820-LAKEFORESTBD01P","2025","2025","01","7","25873"
"3","9820-LAKEFORESTBD01P","2025","2025","01","8","20620"
"3","9820-LAKEFORESTBD01P","2025","2025","01","9","22462"
"3","9820-LAKEFORESTBD01P","2025","2025","01","10","23677"
"3","9820-LAKEFORESTBD01P","2025","2025","01","11","21305"
"3","9820-LAKEFORESTBD01P","2025","2025","01","12","27993"
"3","9820-LAKEFORESTBD02P","2025","2025","01","1","25410"
"3","9820-LAKEFORESTBD02P","2025","2025","01","2","27683"
"3","9820-LAKEFORESTBD02P","2025","2025","01","3","20594"
"3","9820-LAKEFORESTBD02P","2025","2025","01","4","23600"
"3","9820-LAKEFORESTBD02P","2025","2025","01","5","21893"
"3","9820-LAKEFORESTBD02P","2025","2025","01","6","24011"
"3","9820-LAKEFORESTBD02P","2025","2025","01","7","22318"
"3","9820-LAKEFORESTBD02P","2025","2025","01","8","26813"
"3","9820-LAKEFORESTBD02P","2025","2025","01","9","23648"
"3","9820-LAKEFORESTBD02P","2025","2025","01","10","25533"
"3","9820-LAKEFORESTBD02P","2025","2025","01","11","27364"
"3","9820-LAKEFORESTBD02P","2025","2025","01","12","20016"
"3","1014-FRANCESTREARP","2025","2025","02","1","5932"
"3","1014-FRANCESTREARP","2025","2025","02","2","5932"
"3","1014-FRANCESTREARP","2025","2025","02","3","5932"
"3","1014-FRANCESTREARP","2025","2025","02","4","5932"
"3","1014-FRANCESTREARP","2025","2025","02","5","5932"
"3","1014-FRANCESTREARP","2025","2025","02","6","5932"
"3","1014-FRANCESTREARP","2025","2025","02","7","5932"
"3","1014-FRANCESTREARP","2025","2025","02","8","5932"
"3","1014-FRANCESTREARP","2025","2025","02","9","5932"
"3","1014-FRANCESTREARP","2025","2025","02","10","5932"
"3","1014-FRANCESTREARP","2025","2025","02","11","5932"
"3","1014-FRANCESTREARP","2025","2025","02","12","5932"
"2","736-ROYALSTP","2025","2025","99","1","1062"
"2","736-ROYALSTP","2025","2025","01","1","15519"
"2","736-ROYALSTP","2025","2025","05","1","931"
"2","736-ROYALSTP","2025","2025","99","2","2544"
"2","736-ROYALSTP","2025","2025","01","2","77"
"2","736-ROYALSTP","2025","2025","05","2","427"
"2","736-ROYALSTP","2025","2025","99","3","2618"
"2","736-ROYALSTP","2025","2025","05","3","1681"
"2","736-ROYALSTP","2025","2025","01","4","3230"
"2","736-ROYALSTP","2025","2025","99","5","1118"
"2","736-ROYALSTP","2025","2025","05","5","2295"
"2","736-ROYALSTP","2025","2025","01","6","3230"
"2","736-ROYALSTP","2025","2025","99","7","1120"
"2","736-ROYALSTP","2025","2025","05","7","603"
"2","736-ROYALSTP","2025","2025","01","8","3230"
"2","736-ROYALSTP","2025","2025","99","9","1452"
"2","736-ROYALSTP","2025","2025","01","9","34"
"2","736-ROYALSTP","2025","2025","05","9","981"
"2","736-ROYALSTP","2025","2025","99","10","2809"
"2","736-ROYALSTP","2025","2025","01","10","4212"
"2","736-ROYALSTP","2025","2025","05","10","1345"
"2","736-ROYALSTP","2025","2025","99","11","1620"
"2","736-ROYALSTP","2025","2025","01","11","10377"
"2","736-ROYALSTP","2025","2025","05","11","1357"
"2","736-ROYALSTP","2025","2025","99","12","2539"
"2","736-ROYALSTP","2025","2025","01","12","308"
"2","736-ROYALSTP","2025","2025","05","12","1069"
"2","718-NRAMPARTSTP","2025","2025","99","12","7500"
"1","722-CANALSTP","2025","2025","01","1","3426051"
"1","722-CANALSTP","2025","2025","01","2","3743251"
"1","722-CANALSTP","2025","2025","01","3","3895273"
"1","722-CANALSTP","2025","2025","01","4","3470201"
"1","722-CANALSTP","2025","2025","01","5","3385597"
"1","722-CANALSTP","2025","2025","01","6","3547644"
"1","722-CANALSTP","2025","2025","01","7","3515685"
"1","722-CANALSTP","2025","2025","01","8","3593979"
"1","722-CANALSTP","2025","2025","01","9","3553425"
"1","722-CANALSTP","2025","2025","01","10","3996273"
"1","722-CANALSTP","2025","2025","01","11","3658872"
"1","722-CANALSTP","2025","2025","01","12","2765416"
"1","500-PORTOFNEWORLEANS263P","2025","2025","01","1","9667"
"1","500-PORTOFNEWORLEANS263P","2025","2025","01","2","13544"
"1","500-PORTOFNEWORLEANS263P","2025","2025","01","3","2531"
"1","500-PORTOFNEWORLEANS263P","2025","2025","01","4","3779"
"1","500-PORTOFNEWORLEANS263P","2025","2025","01","5","2342"
"1","500-PORTOFNEWORLEANS263P","2025","2025","01","6","11383"
"1","500-PORTOFNEWORLEANS263P","2025","2025","01","7","2061"
"1","500-PORTOFNEWORLEANS263P","2025","2025","01","8","2034"
"1","500-PORTOFNEWORLEANS263P","2025","2025","01","9","5830"
"1","500-PORTOFNEWORLEANS263P","2025","2025","01","10","631"
"1","500-PORTOFNEWORLEANS263P","2025","2025","01","11","419"
"1","500-PORTOFNEWORLEANS263P","2025","2025","01","12","15742"
"6","2820-NAPOLEONAV700-AP","2025","2025","05","1","2851"
"6","2820-NAPOLEONAV700-AP","2025","2025","05","2","2851"
"6","2820-NAPOLEONAV700-AP","2025","2025","05","3","2851"
"6","2820-NAPOLEONAV700-AP","2025","2025","05","4","2851"
"6","2820-NAPOLEONAV700-AP","2025","2025","05","5","2851"
"6","2820-NAPOLEONAV700-AP","2025","2025","05","6","2851"
"6","2820-NAPOLEONAV700-AP","2025","2025","05","7","2851"
"6","2820-NAPOLEONAV700-AP","2025","2025","05","8","2851"
"6","2820-NAPOLEONAV700-AP","2025","2025","05","9","2851"
"6","2820-NAPOLEONAV700-AP","2025","2025","05","10","2851"
"6","2820-NAPOLEONAV700-AP","2025","2025","05","11","2851"
"6","2820-NAPOLEONAV700-AP","2025","2025","05","12","2851"
"1","3901-BANKSSTP","2025","2025","01","1","34168"
"1","3901-BANKSSTP","2025","2025","01","2","41678"
"1","3901-BANKSSTP","2025","2025","01","3","37684"
"1","3901-BANKSSTP","2025","2025","01","4","30500"
"1","3901-BANKSSTP","2025","2025","01","5","33612"
"1","3901-BANKSSTP","2025","2025","01","6","34984"
"1","3901-BANKSSTP","2025","2025","01","7","29045"
"1","3901-BANKSSTP","2025","2025","01","8","30573"
"1","3901-BANKSSTP","2025","2025","01","9","36489"
"1","3901-BANKSSTP","2025","2025","01","10","40300"
"1","3901-BANKSSTP","2025","2025","01","11","40397"
"1","3901-BANKSSTP","2025","2025","01","12","38654"
"1","1615-POYDRASST930P","2025","2025","01","1","1517"
"1","1615-POYDRASST930P","2025","2025","05","1","500"
"1","1615-POYDRASST930P","2025","2025","05","2","500"
"1","1615-POYDRASST930P","2025","2025","05","3","500"
"1","1615-POYDRASST930P","2025","2025","05","4","500"
"1","1615-POYDRASST930P","2025","2025","05","5","500"
"1","1615-POYDRASST930P","2025","2025","05","6","500"
"1","1615-POYDRASST930P","2025","2025","05","7","500"
"1","1615-POYDRASST930P","2025","2025","05","8","500"
"1","1615-POYDRASST930P","2025","2025","05","9","500"
"1","1615-POYDRASST930P","2025","2025","05","10","500"
"1","1615-POYDRASST930P","2025","2025","05","11","500"
"1","1615-POYDRASST930P","2025","2025","05","12","500"
"3","7220-HAYNEBDP","2025","2025","01","1","100000"
"3","7220-HAYNEBDP","2025","2025","01","2","100000"
"3","7220-HAYNEBDP","2025","2025","01","3","100000"
"3","7220-HAYNEBDP","2025","2025","01","4","100000"
"3","7220-HAYNEBDP","2025","2025","01","5","100000"
"3","7220-HAYNEBDP","2025","2025","01","6","100000"
"3","7220-HAYNEBDP","2025","2025","01","7","100000"
"3","7220-HAYNEBDP","2025","2025","01","8","100000"
"3","7220-HAYNEBDP","2025","2025","01","9","100000"
"3","7220-HAYNEBDP","2025","2025","01","10","100000"
"3","7220-HAYNEBDP","2025","2025","01","11","100000"
"3","7220-HAYNEBDP","2025","2025","01","12","100000"
"5","3711-GENDEGAULLEDRP","2025","2025","01","1","17250"
"5","3711-GENDEGAULLEDRP","2025","2025","01","2","17250"
"5","3711-GENDEGAULLEDRP","2025","2025","01","3","17250"
"5","3711-GENDEGAULLEDRP","2025","2025","01","4","17250"
"5","3711-GENDEGAULLEDRP","2025","2025","01","5","17250"
"5","3711-GENDEGAULLEDRP","2025","2025","01","6","17250"
"5","3711-GENDEGAULLEDRP","2025","2025","01","7","17250"
"5","3711-GENDEGAULLEDRP","2025","2025","01","8","17250"
"5","3711-GENDEGAULLEDRP","2025","2025","01","9","17250"
"5","3711-GENDEGAULLEDRP","2025","2025","01","10","17250"
"5","3711-GENDEGAULLEDRP","2025","2025","01","11","17250"
"5","3711-GENDEGAULLEDRP","2025","2025","01","12","17250"
"3","1452-NBROADSTBP","2025","2025","01","1","10000"
"3","1452-NBROADSTBP","2025","2025","01","2","10000"
"3","1452-NBROADSTBP","2025","2025","01","3","10000"
"3","1452-NBROADSTBP","2025","2025","01","4","10000"
"3","1452-NBROADSTBP","2025","2025","01","5","10000"
"3","1452-NBROADSTBP","2025","2025","01","6","10000"
"3","1452-NBROADSTBP","2025","2025","01","7","10000"
"3","1452-NBROADSTBP","2025","2025","01","8","10000"
"3","1452-NBROADSTBP","2025","2025","01","9","10000"
"3","1452-NBROADSTBP","2025","2025","01","10","10000"
"3","1452-NBROADSTBP","2025","2025","01","11","10000"
"3","1452-NBROADSTBP","2025","2025","01","12","10000"
"1","200-SBROADST102P","2025","2025","01","1","13400"
"1","200-SBROADST102P","2025","2025","01","2","13400"
"1","200-SBROADST102P","2025","2025","01","3","13400"
"1","200-SBROADST102P","2025","2025","01","4","13400"
"1","200-SBROADST102P","2025","2025","01","5","13400"
"1","200-SBROADST102P","2025","2025","01","6","13400"
"1","200-SBROADST102P","2025","2025","01","7","13400"
"1","200-SBROADST102P","2025","2025","01","8","13400"
"1","200-SBROADST102P","2025","2025","01","9","13400"
"1","200-SBROADST102P","2025","2025","01","10","13400"
"1","200-SBROADST102P","2025","2025","01","11","13400"
"1","200-SBROADST102P","2025","2025","01","12","13400"
"3","2059-CATONSTP","2025","2025","01","1","10300"
"3","2059-CATONSTP","2025","2025","01","2","10300"
"3","2059-CATONSTP","2025","2025","01","3","10300"
"3","2059-CATONSTP","2025","2025","01","4","10300"
"3","2059-CATONSTP","2025","2025","01","5","10300"
"3","2059-CATONSTP","2025","2025","01","6","10300"
"3","2059-CATONSTP","2025","2025","01","7","10300"
"3","2059-CATONSTP","2025","2025","01","8","10300"
"3","2059-CATONSTP","2025","2025","01","9","10300"
"3","2059-CATONSTP","2025","2025","01","10","10300"
"3","2059-CATONSTP","2025","2025","01","11","10300"
"3","2059-CATONSTP","2025","2025","01","12","10300"
"6","3434-STCHARLESAVP","2025","2025","01","1","70000"
"6","3434-STCHARLESAVP","2025","2025","01","2","70000"
"6","3434-STCHARLESAVP","2025","2025","01","3","70000"
"6","3434-STCHARLESAVP","2025","2025","01","4","70000"
"6","3434-STCHARLESAVP","2025","2025","01","5","70000"
"6","3434-STCHARLESAVP","2025","2025","01","6","70000"
"6","3434-STCHARLESAVP","2025","2025","01","7","70000"
"6","3434-STCHARLESAVP","2025","2025","01","8","70000"
"6","3434-STCHARLESAVP","2025","2025","01","9","70000"
"6","3434-STCHARLESAVP","2025","2025","01","10","70000"
"6","3434-STCHARLESAVP","2025","2025","01","11","70000"
"6","3434-STCHARLESAVP","2025","2025","01","12","70000"
"3","6601-CHEFMENTEURHWBP","2025","2025","01","1","40000"
"3","6601-CHEFMENTEURHWBP","2025","2025","01","2","40000"
"3","6601-CHEFMENTEURHWBP","2025","2025","01","3","40000"
"3","6601-CHEFMENTEURHWBP","2025","2025","01","4","40000"
"3","6601-CHEFMENTEURHWBP","2025","2025","01","5","40000"
"3","6601-CHEFMENTEURHWBP","2025","2025","01","6","40000"
"3","6601-CHEFMENTEURHWBP","2025","2025","01","7","40000"
"3","6601-CHEFMENTEURHWBP","2025","2025","01","8","40000"
"3","6601-CHEFMENTEURHWBP","2025","2025","01","9","40000"
"3","6601-CHEFMENTEURHWBP","2025","2025","01","10","40000"
"3","6601-CHEFMENTEURHWBP","2025","2025","01","11","40000"
"3","6601-CHEFMENTEURHWBP","2025","2025","01","12","40000"
"7","1400-SCARROLLTONAVP","2025","2025","01","1","80000"
"7","1400-SCARROLLTONAVP","2025","2025","01","2","80000"
"7","1400-SCARROLLTONAVP","2025","2025","01","3","80000"
"7","1400-SCARROLLTONAVP","2025","2025","01","4","80000"
"7","1400-SCARROLLTONAVP","2025","2025","01","5","80000"
"7","1400-SCARROLLTONAVP","2025","2025","01","6","80000"
"7","1400-SCARROLLTONAVP","2025","2025","01","7","80000"
"7","1400-SCARROLLTONAVP","2025","2025","01","8","80000"
"7","1400-SCARROLLTONAVP","2025","2025","01","9","80000"
"7","1400-SCARROLLTONAVP","2025","2025","01","10","80000"
"7","1400-SCARROLLTONAVP","2025","2025","01","11","80000"
"7","1400-SCARROLLTONAVP","2025","2025","01","12","80000"
"1","1667-TCHOUPITOULASST01P","2025","2025","01","1","75000"
"1","1667-TCHOUPITOULASST01P","2025","2025","01","2","75000"
"1","1667-TCHOUPITOULASST01P","2025","2025","01","3","75000"
"1","1667-TCHOUPITOULASST01P","2025","2025","01","4","75000"
"1","1667-TCHOUPITOULASST01P","2025","2025","01","5","75000"
"1","1667-TCHOUPITOULASST01P","2025","2025","01","6","75000"
"1","1667-TCHOUPITOULASST01P","2025","2025","01","7","75000"
"1","1667-TCHOUPITOULASST01P","2025","2025","01","8","75000"
"1","1667-TCHOUPITOULASST01P","2025","2025","01","9","75000"
"1","1667-TCHOUPITOULASST01P","2025","2025","01","10","75000"
"1","1667-TCHOUPITOULASST01P","2025","2025","01","11","75000"
"1","1667-TCHOUPITOULASST01P","2025","2025","01","12","75000"
"3","8201-CHEFMENTEURHWP","2025","2025","01","1","60000"
"3","8201-CHEFMENTEURHWP","2025","2025","01","2","60000"
"3","8201-CHEFMENTEURHWP","2025","2025","01","3","60000"
"3","8201-CHEFMENTEURHWP","2025","2025","01","4","60000"
"3","8201-CHEFMENTEURHWP","2025","2025","01","5","60000"
"3","8201-CHEFMENTEURHWP","2025","2025","01","6","60000"
"3","8201-CHEFMENTEURHWP","2025","2025","01","7","60000"
"3","8201-CHEFMENTEURHWP","2025","2025","01","8","60000"
"3","8201-CHEFMENTEURHWP","2025","2025","01","9","60000"
"3","8201-CHEFMENTEURHWP","2025","2025","01","10","60000"
"3","8201-CHEFMENTEURHWP","2025","2025","01","11","60000"
"3","8201-CHEFMENTEURHWP","2025","2025","01","12","60000"
"3","5201-NCLAIBORNEAVP","2025","2025","01","1","50000"
"3","5201-NCLAIBORNEAVP","2025","2025","01","2","50000"
"3","5201-NCLAIBORNEAVP","2025","2025","01","3","50000"
"3","5201-NCLAIBORNEAVP","2025","2025","01","4","50000"
"3","5201-NCLAIBORNEAVP","2025","2025","01","5","50000"
"3","5201-NCLAIBORNEAVP","2025","2025","01","6","50000"
"3","5201-NCLAIBORNEAVP","2025","2025","01","7","50000"
"3","5201-NCLAIBORNEAVP","2025","2025","01","8","50000"
"3","5201-NCLAIBORNEAVP","2025","2025","01","9","50000"
"3","5201-NCLAIBORNEAVP","2025","2025","01","10","50000"
"3","5201-NCLAIBORNEAVP","2025","2025","01","11","50000"
"3","5201-NCLAIBORNEAVP","2025","2025","01","12","50000"
"4","2727-SCLAIBORNEAVP","2025","2025","01","1","48200"
"4","2727-SCLAIBORNEAVP","2025","2025","01","2","48200"
"4","2727-SCLAIBORNEAVP","2025","2025","01","3","48200"
"4","2727-SCLAIBORNEAVP","2025","2025","01","4","48200"
"4","2727-SCLAIBORNEAVP","2025","2025","01","5","48200"
"4","2727-SCLAIBORNEAVP","2025","2025","01","6","48200"
"4","2727-SCLAIBORNEAVP","2025","2025","01","7","48200"
"4","2727-SCLAIBORNEAVP","2025","2025","01","8","48200"
"4","2727-SCLAIBORNEAVP","2025","2025","01","9","48200"
"4","2727-SCLAIBORNEAVP","2025","2025","01","10","48200"
"4","2727-SCLAIBORNEAVP","2025","2025","01","11","48200"
"4","2727-SCLAIBORNEAVP","2025","2025","01","12","48200"
"1","2238-MARTINLUTHERKINGBDP","2025","2025","01","1","80000"
"1","2238-MARTINLUTHERKINGBDP","2025","2025","01","2","80000"
"1","2238-MARTINLUTHERKINGBDP","2025","2025","01","3","80000"
"1","2238-MARTINLUTHERKINGBDP","2025","2025","01","4","80000"
"1","2238-MARTINLUTHERKINGBDP","2025","2025","01","5","80000"
"1","2238-MARTINLUTHERKINGBDP","2025","2025","01","6","80000"
"1","2238-MARTINLUTHERKINGBDP","2025","2025","01","7","80000"
"1","2238-MARTINLUTHERKINGBDP","2025","2025","01","8","80000"
"1","2238-MARTINLUTHERKINGBDP","2025","2025","01","9","80000"
"1","2238-MARTINLUTHERKINGBDP","2025","2025","01","10","80000"
"1","2238-MARTINLUTHERKINGBDP","2025","2025","01","11","80000"
"1","2238-MARTINLUTHERKINGBDP","2025","2025","01","12","80000"
"2","301-NCLAIBORNEAVP","2025","2025","01","1","30828"
"2","301-NCLAIBORNEAVP","2025","2025","02","1","48525"
"2","301-NCLAIBORNEAVP","2025","2025","03","1","264418"
"2","301-NCLAIBORNEAVP","2025","2025","04","1","39881"
"2","301-NCLAIBORNEAVP","2025","2025","01","2","30828"
"2","301-NCLAIBORNEAVP","2025","2025","02","2","74200"
"2","301-NCLAIBORNEAVP","2025","2025","03","2","261931"
"2","301-NCLAIBORNEAVP","2025","2025","04","2","39881"
"2","301-NCLAIBORNEAVP","2025","2025","01","3","30828"
"2","301-NCLAIBORNEAVP","2025","2025","02","3","71287"
"2","301-NCLAIBORNEAVP","2025","2025","03","3","517657"
"2","301-NCLAIBORNEAVP","2025","2025","04","3","39881"
"2","301-NCLAIBORNEAVP","2025","2025","01","4","30827"
"2","301-NCLAIBORNEAVP","2025","2025","02","4","103918"
"2","301-NCLAIBORNEAVP","2025","2025","03","4","783647"
"2","301-NCLAIBORNEAVP","2025","2025","04","4","39881"
"2","301-NCLAIBORNEAVP","2025","2025","01","5","30828"
"2","301-NCLAIBORNEAVP","2025","2025","02","5","110642"
"2","301-NCLAIBORNEAVP","2025","2025","03","5","796835"
"2","301-NCLAIBORNEAVP","2025","2025","04","5","39881"
"2","301-NCLAIBORNEAVP","2025","2025","01","6","31131"
"2","301-NCLAIBORNEAVP","2025","2025","02","6","116450"
"2","301-NCLAIBORNEAVP","2025","2025","03","6","794236"
"2","301-NCLAIBORNEAVP","2025","2025","04","6","39882"
"2","301-NCLAIBORNEAVP","2025","2025","01","7","31131"
"2","301-NCLAIBORNEAVP","2025","2025","02","7","191152"
"2","301-NCLAIBORNEAVP","2025","2025","03","7","791845"
"2","301-NCLAIBORNEAVP","2025","2025","04","7","39882"
"2","301-NCLAIBORNEAVP","2025","2025","01","8","31131"
"2","301-NCLAIBORNEAVP","2025","2025","02","8","186600"
"2","301-NCLAIBORNEAVP","2025","2025","03","8","788542"
"2","301-NCLAIBORNEAVP","2025","2025","04","8","39881"
"2","301-NCLAIBORNEAVP","2025","2025","01","9","38340"
"2","301-NCLAIBORNEAVP","2025","2025","02","9","173830"
"2","301-NCLAIBORNEAVP","2025","2025","03","9","781328"
"2","301-NCLAIBORNEAVP","2025","2025","04","9","39881"
"2","301-NCLAIBORNEAVP","2025","2025","01","10","53939"
"2","301-NCLAIBORNEAVP","2025","2025","02","10","171047"
"2","301-NCLAIBORNEAVP","2025","2025","03","10","776349"
"2","301-NCLAIBORNEAVP","2025","2025","04","10","39882"
"2","301-NCLAIBORNEAVP","2025","2025","01","11","53938"
"2","301-NCLAIBORNEAVP","2025","2025","02","11","175780"
"2","301-NCLAIBORNEAVP","2025","2025","03","11","773474"
"2","301-NCLAIBORNEAVP","2025","2025","04","11","39881"
"2","301-NCLAIBORNEAVP","2025","2025","01","12","56943"
"2","301-NCLAIBORNEAVP","2025","2025","02","12","152197"
"2","301-NCLAIBORNEAVP","2025","2025","03","12","760525"
"2","301-NCLAIBORNEAVP","2025","2025","04","12","39881"
"7","8600-OAKSTP","2025","2025","01","12","261136"
"3","2434-ALLENSTP","2025","2025","01","1","100000"
"3","2434-ALLENSTP","2025","2025","01","2","115000"
"3","2434-ALLENSTP","2025","2025","01","3","105000"
"3","2434-ALLENSTP","2025","2025","01","4","125000"
"3","2434-ALLENSTP","2025","2025","01","5","130000"
"3","2434-ALLENSTP","2025","2025","01","6","129000"
"3","2434-ALLENSTP","2025","2025","01","7","125000"
"3","2434-ALLENSTP","2025","2025","01","8","119500"
"3","2434-ALLENSTP","2025","2025","01","9","105000"
"3","2434-ALLENSTP","2025","2025","01","10","127500"
"3","2434-ALLENSTP","2025","2025","01","11","127500"
"3","2434-ALLENSTP","2025","2025","01","12","130000"
"1","915-SWHITEST001P","2025","2025","01","1","480000"
"1","915-SWHITEST001P","2025","2025","01","2","480000"
"1","915-SWHITEST001P","2025","2025","01","3","480000"
"1","915-SWHITEST001P","2025","2025","01","4","480000"
"1","915-SWHITEST001P","2025","2025","01","5","480000"
"1","915-SWHITEST001P","2025","2025","01","6","480000"
"1","915-SWHITEST001P","2025","2025","01","7","480000"
"1","915-SWHITEST001P","2025","2025","01","8","480000"
"1","915-SWHITEST001P","2025","2025","01","9","480000"
"1","915-SWHITEST001P","2025","2025","01","10","480000"
"1","915-SWHITEST001P","2025","2025","01","11","480000"
"1","915-SWHITEST001P","2025","2025","01","12","480000"
"3","1431-ROYALSTP","2025","2025","05","1","366566"
"3","1431-ROYALSTP","2025","2025","05","2","41410"
"3","1431-ROYALSTP","2025","2025","05","3","32306"
"3","1431-ROYALSTP","2025","2025","05","4","33958"
"3","1431-ROYALSTP","2025","2025","05","5","38601"
"3","1431-ROYALSTP","2025","2025","05","6","25554"
"3","1431-ROYALSTP","2025","2025","05","7","28452"
"3","1431-ROYALSTP","2025","2025","05","8","26896"
"3","1431-ROYALSTP","2025","2025","05","9","22399"
"3","1431-ROYALSTP","2025","2025","05","10","43062"
"3","1431-ROYALSTP","2025","2025","05","11","29336"
"3","1431-ROYALSTP","2025","2025","05","12","25334"
"3","1533-ESPLANADEAVP","2025","2025","01","1","60000"
"3","1533-ESPLANADEAVP","2025","2025","01","2","60000"
"3","1533-ESPLANADEAVP","2025","2025","01","3","60000"
"3","1533-ESPLANADEAVP","2025","2025","01","4","60000"
"3","1533-ESPLANADEAVP","2025","2025","01","5","60000"
"3","1533-ESPLANADEAVP","2025","2025","01","6","60000"
"3","1533-ESPLANADEAVP","2025","2025","01","7","60000"
"3","1533-ESPLANADEAVP","2025","2025","01","8","60000"
"3","1533-ESPLANADEAVP","2025","2025","01","9","60000"
"3","1533-ESPLANADEAVP","2025","2025","01","10","60000"
"3","1533-ESPLANADEAVP","2025","2025","01","11","60000"
"3","1533-ESPLANADEAVP","2025","2025","01","12","60000"
"6","4500-MAGAZINEST3P","2025","2025","05","1","26"
"6","4500-MAGAZINEST3P","2025","2025","05","3","21"
"6","4500-MAGAZINEST3P","2025","2025","05","4","3"
"6","4500-MAGAZINEST3P","2025","2025","05","6","4"
"6","4500-MAGAZINEST3P","2025","2025","05","7","18"
"6","4500-MAGAZINEST3P","2025","2025","05","8","25"
"6","4500-MAGAZINEST3P","2025","2025","05","9","26"
"6","4500-MAGAZINEST3P","2025","2025","05","10","50"
"6","4500-MAGAZINEST3P","2025","2025","05","11","18"
"6","4500-MAGAZINEST3P","2025","2025","05","12","24"
"1","332-JULIAST01P","2025","2025","01","1","100"
"1","332-JULIAST01P","2025","2025","02","1","860"
"1","332-JULIAST01P","2025","2025","01","2","270"
"1","332-JULIAST01P","2025","2025","02","2","670"
"1","332-JULIAST01P","2025","2025","01","3","30"
"1","332-JULIAST01P","2025","2025","02","3","710"
"1","332-JULIAST01P","2025","2025","01","4","185"
"1","332-JULIAST01P","2025","2025","02","4","670"
"1","332-JULIAST01P","2025","2025","02","5","1200"
"1","332-JULIAST01P","2025","2025","02","6","1800"
"1","332-JULIAST01P","2025","2025","02","7","1078"
"1","332-JULIAST01P","2025","2025","01","8","560"
"1","332-JULIAST01P","2025","2025","02","8","860"
"1","332-JULIAST01P","2025","2025","01","9","150"
"1","332-JULIAST01P","2025","2025","02","9","1400"
"1","332-JULIAST01P","2025","2025","01","10","500"
"1","332-JULIAST01P","2025","2025","02","10","1200"
"1","332-JULIAST01P","2025","2025","01","11","60"
"1","332-JULIAST01P","2025","2025","02","11","1400"
"1","332-JULIAST01P","2025","2025","01","12","320"
"1","332-JULIAST01P","2025","2025","02","12","960"
"6","6070-MAGAZINESTP","2025","2025","01","1","624988"
"6","6070-MAGAZINESTP","2025","2025","01","2","574235"
"6","6070-MAGAZINESTP","2025","2025","01","3","696356"
"6","6070-MAGAZINESTP","2025","2025","01","4","675629"
"6","6070-MAGAZINESTP","2025","2025","01","5","637142"
"6","6070-MAGAZINESTP","2025","2025","01","6","572170"
"6","6070-MAGAZINESTP","2025","2025","01","7","596871"
"6","6070-MAGAZINESTP","2025","2025","01","8","615165"
"6","6070-MAGAZINESTP","2025","2025","01","9","724310"
"6","6070-MAGAZINESTP","2025","2025","01","10","801641"
"6","6070-MAGAZINESTP","2025","2025","01","11","809917"
"6","6070-MAGAZINESTP","2025","2025","01","12","672249"
"2","600-JACKSONBREWERYII170P","2025","2025","01","1","43307"
"2","600-JACKSONBREWERYII170P","2025","2025","01","2","33907"
"2","600-JACKSONBREWERYII170P","2025","2025","01","3","38242"
"2","600-JACKSONBREWERYII170P","2025","2025","01","4","39076"
"2","600-JACKSONBREWERYII170P","2025","2025","01","5","37999"
"2","600-JACKSONBREWERYII170P","2025","2025","01","6","36101"
"2","600-JACKSONBREWERYII170P","2025","2025","01","7","36493"
"2","600-JACKSONBREWERYII170P","2025","2025","01","8","38182"
"2","600-JACKSONBREWERYII170P","2025","2025","01","9","49295"
"2","600-JACKSONBREWERYII170P","2025","2025","01","10","49627"
"2","600-JACKSONBREWERYII170P","2025","2025","01","11","56137"
"2","600-JACKSONBREWERYII170P","2025","2025","01","12","51365"
"3","900-PIETYSTP","2025","2025","05","1","18938"
"3","900-PIETYSTP","2025","2025","05","2","16686"
"3","900-PIETYSTP","2025","2025","05","3","22036"
"3","900-PIETYSTP","2025","2025","05","4","21504"
"3","900-PIETYSTP","2025","2025","05","5","19240"
"3","900-PIETYSTP","2025","2025","05","6","24125"
"3","900-PIETYSTP","2025","2025","05","7","13582"
"3","900-PIETYSTP","2025","2025","05","8","15846"
"3","900-PIETYSTP","2025","2025","05","9","13904"
"3","900-PIETYSTP","2025","2025","05","10","19495"
"3","900-PIETYSTP","2025","2025","05","11","16815"
"3","900-PIETYSTP","2025","2025","05","12","17272"
"1","600-CARONDELETST140P","2025","2025","01","1","603"
"1","600-CARONDELETST140P","2025","2025","01","2","770"
"1","600-CARONDELETST140P","2025","2025","01","3","711"
"1","600-CARONDELETST140P","2025","2025","01","4","824"
"1","600-CARONDELETST140P","2025","2025","01","5","779"
"1","600-CARONDELETST140P","2025","2025","01","6","519"
"1","600-CARONDELETST140P","2025","2025","01","7","627"
"1","600-CARONDELETST140P","2025","2025","01","8","364"
"1","600-CARONDELETST140P","2025","2025","01","9","576"
"1","600-CARONDELETST140P","2025","2025","01","10","834"
"1","600-CARONDELETST140P","2025","2025","01","11","444"
"1","600-CARONDELETST140P","2025","2025","01","12","638"
"3","3400-INDUSTRIALPKWYP","2025","2025","04","12","1"
"4","2150-SCLAIBORNEAVP","2025","2025","01","1","32578"
"4","2150-SCLAIBORNEAVP","2025","2025","01","2","34679"
"4","2150-SCLAIBORNEAVP","2025","2025","05","2","20"
"4","2150-SCLAIBORNEAVP","2025","2025","01","3","39584"
"4","2150-SCLAIBORNEAVP","2025","2025","01","4","27349"
"4","2150-SCLAIBORNEAVP","2025","2025","05","4","5"
"4","2150-SCLAIBORNEAVP","2025","2025","01","5","21848"
"4","2150-SCLAIBORNEAVP","2025","2025","05","5","15"
"4","2150-SCLAIBORNEAVP","2025","2025","01","6","26847"
"4","2150-SCLAIBORNEAVP","2025","2025","01","7","24678"
"4","2150-SCLAIBORNEAVP","2025","2025","01","8","31847"
"4","2150-SCLAIBORNEAVP","2025","2025","05","8","25"
"4","2150-SCLAIBORNEAVP","2025","2025","01","9","29853"
"4","2150-SCLAIBORNEAVP","2025","2025","05","9","10"
"4","2150-SCLAIBORNEAVP","2025","2025","01","10","21845"
"4","2150-SCLAIBORNEAVP","2025","2025","01","11","25471"
"4","2150-SCLAIBORNEAVP","2025","2025","01","12","24847"
"4","2150-SCLAIBORNEAVP","2025","2025","05","12","15"
"3","2301-STCLAUDEAVP","2025","2025","01","1","16987"
"3","2301-STCLAUDEAVP","2025","2025","05","1","95"
"3","2301-STCLAUDEAVP","2025","2025","01","2","15784"
"3","2301-STCLAUDEAVP","2025","2025","05","2","115"
"3","2301-STCLAUDEAVP","2025","2025","01","3","16321"
"3","2301-STCLAUDEAVP","2025","2025","05","3","85"
"3","2301-STCLAUDEAVP","2025","2025","01","4","19583"
"3","2301-STCLAUDEAVP","2025","2025","05","4","55"
"3","2301-STCLAUDEAVP","2025","2025","01","5","12624"
"3","2301-STCLAUDEAVP","2025","2025","05","5","70"
"3","2301-STCLAUDEAVP","2025","2025","01","6","12548"
"3","2301-STCLAUDEAVP","2025","2025","05","6","90"
"3","2301-STCLAUDEAVP","2025","2025","01","7","16781"
"3","2301-STCLAUDEAVP","2025","2025","05","7","120"
"3","2301-STCLAUDEAVP","2025","2025","01","8","15311"
"3","2301-STCLAUDEAVP","2025","2025","05","8","105"
"3","2301-STCLAUDEAVP","2025","2025","01","9","12972"
"3","2301-STCLAUDEAVP","2025","2025","05","9","80"
"3","2301-STCLAUDEAVP","2025","2025","01","10","13817"
"3","2301-STCLAUDEAVP","2025","2025","05","10","75"
"3","2301-STCLAUDEAVP","2025","2025","01","11","11807"
"3","2301-STCLAUDEAVP","2025","2025","05","11","95"
"3","2301-STCLAUDEAVP","2025","2025","01","12","16781"
"3","2301-STCLAUDEAVP","2025","2025","05","12","50"
"3","12320-I10SERVICERDP","2025","2025","05","12","17"
"7","3440-SCARROLLTONAVP","2025","2025","05","12","62"
"2","6300-CANALBL1P","2025","2025","05","1","2000"
"2","6300-CANALBL1P","2025","2025","05","2","2000"
"2","6300-CANALBL1P","2025","2025","05","3","2000"
"2","6300-CANALBL1P","2025","2025","05","4","2000"
"2","6300-CANALBL1P","2025","2025","05","5","2000"
"2","6300-CANALBL1P","2025","2025","05","6","2000"
"2","6300-CANALBL1P","2025","2025","05","7","2000"
"2","6300-CANALBL1P","2025","2025","05","8","2000"
"2","6300-CANALBL1P","2025","2025","05","9","2000"
"2","6300-CANALBL1P","2025","2025","05","10","2000"
"2","6300-CANALBL1P","2025","2025","05","11","2000"
"2","6300-CANALBL1P","2025","2025","05","12","2000"
"1","310-ANDREWHIGGINSBL01P","2025","2025","99","1","155536"
"1","310-ANDREWHIGGINSBL01P","2025","2025","99","12","156578"
"2","811-CONTISTP","2025","2025","99","1","24059"
"2","811-CONTISTP","2025","2025","99","2","28739"
"2","811-CONTISTP","2025","2025","99","3","25391"
"2","811-CONTISTP","2025","2025","99","4","27344"
"2","811-CONTISTP","2025","2025","99","5","29093"
"2","811-CONTISTP","2025","2025","99","6","31726"
"2","811-CONTISTP","2025","2025","99","7","31726"
"2","811-CONTISTP","2025","2025","99","8","27344"
"2","811-CONTISTP","2025","2025","99","9","30838"
"2","811-CONTISTP","2025","2025","99","10","30474"
"2","811-CONTISTP","2025","2025","99","11","31601"
"2","811-CONTISTP","2025","2025","99","12","31200"
"3","11801-I10SERVICERDAP","2025","2025","01","1","2525088"
"3","11801-I10SERVICERDAP","2025","2025","01","2","2981753"
"3","11801-I10SERVICERDAP","2025","2025","01","3","2583393"
"3","11801-I10SERVICERDAP","2025","2025","01","4","3204496"
"3","11801-I10SERVICERDAP","2025","2025","01","5","3005463"
"3","11801-I10SERVICERDAP","2025","2025","01","6","4279365"
"3","11801-I10SERVICERDAP","2025","2025","01","7","4155796"
"3","11801-I10SERVICERDAP","2025","2025","01","8","3162702"
"3","11801-I10SERVICERDAP","2025","2025","01","9","3102332"
"3","11801-I10SERVICERDAP","2025","2025","01","10","3865741"
"3","11801-I10SERVICERDAP","2025","2025","01","11","4529306"
"3","11801-I10SERVICERDAP","2025","2025","01","12","3628260"
"3","13000-I10SERVICERD1P","2025","2025","01","1","8781834"
"3","13000-I10SERVICERD1P","2025","2025","01","2","8932112"
"3","13000-I10SERVICERD1P","2025","2025","01","3","11146268"
"3","13000-I10SERVICERD1P","2025","2025","01","4","12927671"
"3","13000-I10SERVICERD1P","2025","2025","01","5","12055368"
"3","13000-I10SERVICERD1P","2025","2025","01","6","11351172"
"3","13000-I10SERVICERD1P","2025","2025","01","7","12871767"
"3","13000-I10SERVICERD1P","2025","2025","01","8","10930763"
"3","13000-I10SERVICERD1P","2025","2025","01","9","10485505"
"3","13000-I10SERVICERD1P","2025","2025","01","10","17669843"
"3","13000-I10SERVICERD1P","2025","2025","01","11","14513949"
"3","13000-I10SERVICERD1P","2025","2025","01","12","13609697"
"2","515-DECATURSTP","2025","2025","01","1","41267"
"2","515-DECATURSTP","2025","2025","05","1","76"
"2","515-DECATURSTP","2025","2025","01","2","36285"
"2","515-DECATURSTP","2025","2025","05","2","58"
"2","515-DECATURSTP","2025","2025","01","3","38318"
"2","515-DECATURSTP","2025","2025","05","3","69"
"2","515-DECATURSTP","2025","2025","01","4","46217"
"2","515-DECATURSTP","2025","2025","05","4","45"
"2","515-DECATURSTP","2025","2025","01","5","47324"
"2","515-DECATURSTP","2025","2025","05","5","57"
"2","515-DECATURSTP","2025","2025","01","6","43548"
"2","515-DECATURSTP","2025","2025","05","6","72"
"2","515-DECATURSTP","2025","2025","01","7","31385"
"2","515-DECATURSTP","2025","2025","05","7","67"
"2","515-DECATURSTP","2025","2025","01","8","38210"
"2","515-DECATURSTP","2025","2025","05","8","92"
"2","515-DECATURSTP","2025","2025","01","9","36314"
"2","515-DECATURSTP","2025","2025","05","9","34"
"2","515-DECATURSTP","2025","2025","01","10","41812"
"2","515-DECATURSTP","2025","2025","05","10","57"
"2","515-DECATURSTP","2025","2025","01","11","39217"
"2","515-DECATURSTP","2025","2025","05","11","67"
"2","515-DECATURSTP","2025","2025","01","12","48110"
"2","515-DECATURSTP","2025","2025","05","12","62"
"2","519-DECATURSTP","2025","2025","01","1","35214"
"2","519-DECATURSTP","2025","2025","01","2","36178"
"2","519-DECATURSTP","2025","2025","01","3","21240"
"2","519-DECATURSTP","2025","2025","01","4","27598"
"2","519-DECATURSTP","2025","2025","01","5","28103"
"2","519-DECATURSTP","2025","2025","01","6","29349"
"2","519-DECATURSTP","2025","2025","01","7","24821"
"2","519-DECATURSTP","2025","2025","01","8","39073"
"2","519-DECATURSTP","2025","2025","01","9","31814"
"2","519-DECATURSTP","2025","2025","01","10","37248"
"2","519-DECATURSTP","2025","2025","01","11","38214"
"2","519-DECATURSTP","2025","2025","01","12","21348"
"3","8426-I10SERVICERDP","2025","2025","01","1","96936"
"3","8426-I10SERVICERDP","2025","2025","01","2","96936"
"3","8426-I10SERVICERDP","2025","2025","01","3","96936"
"3","8426-I10SERVICERDP","2025","2025","01","4","96936"
"3","8426-I10SERVICERDP","2025","2025","01","5","96936"
"3","8426-I10SERVICERDP","2025","2025","01","6","96936"
"3","8426-I10SERVICERDP","2025","2025","01","7","96936"
"3","8426-I10SERVICERDP","2025","2025","01","8","96936"
"3","8426-I10SERVICERDP","2025","2025","01","9","96936"
"3","8426-I10SERVICERDP","2025","2025","01","10","96936"
"3","8426-I10SERVICERDP","2025","2025","01","11","96936"
"3","8426-I10SERVICERDP","2025","2025","01","12","96936"
"1","500-PORTOFNEWORLEANS045P","2025","2025","01","12","131526"
"1","500-PORTOFNEWORLEANS045P","2025","2025","05","12","50"
"2","718-NBROADSTP","2025","2025","01","1","482760"
"2","718-NBROADSTP","2025","2025","01","2","433515"
"2","718-NBROADSTP","2025","2025","01","3","416625"
"2","718-NBROADSTP","2025","2025","01","4","347620"
"2","718-NBROADSTP","2025","2025","01","5","339795"
"2","718-NBROADSTP","2025","2025","01","6","376670"
"2","718-NBROADSTP","2025","2025","01","7","325005"
"2","718-NBROADSTP","2025","2025","01","8","316410"
"2","718-NBROADSTP","2025","2025","01","9","288760"
"2","718-NBROADSTP","2025","2025","01","10","288245"
"2","718-NBROADSTP","2025","2025","01","11","282415"
"2","718-NBROADSTP","2025","2025","01","12","300105"
"2","1128-NBROADSTP","2025","2025","01","12","600"
"3","3049-GENTILLYBLP","2025","2025","01","12","5000"
"2","300-CHARTRESSTP","2025","2025","01","1","11750"
"2","300-CHARTRESSTP","2025","2025","01","2","10225"
"2","300-CHARTRESSTP","2025","2025","01","3","10500"
"2","300-CHARTRESSTP","2025","2025","01","4","13050"
"2","300-CHARTRESSTP","2025","2025","01","5","10100"
"2","300-CHARTRESSTP","2025","2025","01","6","11075"
"2","300-CHARTRESSTP","2025","2025","01","7","12200"
"2","300-CHARTRESSTP","2025","2025","01","8","11150"
"2","300-CHARTRESSTP","2025","2025","01","9","10800"
"2","300-CHARTRESSTP","2025","2025","01","10","9400"
"2","300-CHARTRESSTP","2025","2025","01","11","12825"
"2","300-CHARTRESSTP","2025","2025","01","12","11975"
"2","335-DECATURSTP","2025","2025","01","1","142356"
"2","335-DECATURSTP","2025","2025","01","2","210326"
"2","335-DECATURSTP","2025","2025","01","3","208335"
"2","335-DECATURSTP","2025","2025","01","4","119036"
"2","335-DECATURSTP","2025","2025","01","5","126357"
"2","335-DECATURSTP","2025","2025","01","6","145632"
"2","335-DECATURSTP","2025","2025","01","7","123659"
"2","335-DECATURSTP","2025","2025","01","8","176353"
"2","335-DECATURSTP","2025","2025","01","9","187563"
"2","335-DECATURSTP","2025","2025","01","10","201275"
"2","335-DECATURSTP","2025","2025","01","11","199653"
"2","335-DECATURSTP","2025","2025","01","12","211235"
"1","828-CANALSTP","2025","2025","01","1","275653"
"1","828-CANALSTP","2025","2025","01","2","299653"
"1","828-CANALSTP","2025","2025","01","3","289634"
"1","828-CANALSTP","2025","2025","01","4","242239"
"1","828-CANALSTP","2025","2025","01","5","199156"
"1","828-CANALSTP","2025","2025","01","6","206894"
"1","828-CANALSTP","2025","2025","01","7","201365"
"1","828-CANALSTP","2025","2025","01","8","204135"
"1","828-CANALSTP","2025","2025","01","9","200247"
"1","828-CANALSTP","2025","2025","01","10","247986"
"1","828-CANALSTP","2025","2025","01","11","260532"
"1","828-CANALSTP","2025","2025","01","12","298645"
"4","2051-MAGAZINESTP","2025","2025","01","1","7720"
"4","2051-MAGAZINESTP","2025","2025","01","2","7720"
"4","2051-MAGAZINESTP","2025","2025","01","3","7720"
"4","2051-MAGAZINESTP","2025","2025","01","4","7720"
"4","2051-MAGAZINESTP","2025","2025","01","5","7720"
"4","2051-MAGAZINESTP","2025","2025","01","6","7720"
"4","2051-MAGAZINESTP","2025","2025","01","7","7720"
"4","2051-MAGAZINESTP","2025","2025","01","8","7720"
"4","2051-MAGAZINESTP","2025","2025","01","9","7720"
"4","2051-MAGAZINESTP","2025","2025","01","10","7720"
"4","2051-MAGAZINESTP","2025","2025","01","11","7720"
"4","2051-MAGAZINESTP","2025","2025","01","12","7720"
"6","4025-MAGAZINESTP","2025","2025","99","12","575"
"6","4025-MAGAZINESTP","2025","2025","01","12","1250"
"3","9820-LAKEFORESTBD03P","2025","2025","01","12","7500"
"3","2096-MANDOLINSTP","2025","2025","05","1","3424"
"3","2096-MANDOLINSTP","2025","2025","05","2","2940"
"3","2096-MANDOLINSTP","2025","2025","05","3","2926"
"3","2096-MANDOLINSTP","2025","2025","05","4","3246"
"3","2096-MANDOLINSTP","2025","2025","05","5","3186"
"3","2096-MANDOLINSTP","2025","2025","05","6","4299"
"3","2096-MANDOLINSTP","2025","2025","05","7","5071"
"3","2096-MANDOLINSTP","2025","2025","05","8","2336"
"3","2096-MANDOLINSTP","2025","2025","05","9","2979"
"3","2096-MANDOLINSTP","2025","2025","05","10","2964"
"3","2096-MANDOLINSTP","2025","2025","05","11","3205"
"3","2096-MANDOLINSTP","2025","2025","05","12","2924"
"6","1812-LOUISIANAAVP","2025","2025","01","1","2750"
"6","1812-LOUISIANAAVP","2025","2025","01","2","3150"
"6","1812-LOUISIANAAVP","2025","2025","01","3","1800"
"6","1812-LOUISIANAAVP","2025","2025","01","4","2250"
"6","1812-LOUISIANAAVP","2025","2025","01","5","1650"
"6","1812-LOUISIANAAVP","2025","2025","01","6","1650"
"6","1812-LOUISIANAAVP","2025","2025","01","7","1850"
"6","1812-LOUISIANAAVP","2025","2025","01","8","2250"
"6","1812-LOUISIANAAVP","2025","2025","01","9","2250"
"6","1812-LOUISIANAAVP","2025","2025","01","10","2750"
"6","1812-LOUISIANAAVP","2025","2025","01","11","1950"
"6","1812-LOUISIANAAVP","2025","2025","01","12","2750"
"6","3530-MAGAZINESTP","2025","2025","01","1","14398"
"6","3530-MAGAZINESTP","2025","2025","01","2","15846"
"6","3530-MAGAZINESTP","2025","2025","01","3","17129"
"6","3530-MAGAZINESTP","2025","2025","01","4","16103"
"6","3530-MAGAZINESTP","2025","2025","01","5","15835"
"6","3530-MAGAZINESTP","2025","2025","01","6","15650"
"6","3530-MAGAZINESTP","2025","2025","01","7","15380"
"6","3530-MAGAZINESTP","2025","2025","01","8","15289"
"6","3530-MAGAZINESTP","2025","2025","01","9","15250"
"6","3530-MAGAZINESTP","2025","2025","01","10","17320"
"6","3530-MAGAZINESTP","2025","2025","01","11","14726"
"6","3530-MAGAZINESTP","2025","2025","01","12","9699"
"2","213-NPETERSSTP","2025","2025","01","1","3254"
"2","213-NPETERSSTP","2025","2025","05","1","15"
"2","213-NPETERSSTP","2025","2025","01","2","3987"
"2","213-NPETERSSTP","2025","2025","05","2","18"
"2","213-NPETERSSTP","2025","2025","01","3","2168"
"2","213-NPETERSSTP","2025","2025","05","3","34"
"2","213-NPETERSSTP","2025","2025","01","4","2403"
"2","213-NPETERSSTP","2025","2025","05","4","32"
"2","213-NPETERSSTP","2025","2025","01","5","2829"
"2","213-NPETERSSTP","2025","2025","05","5","17"
"2","213-NPETERSSTP","2025","2025","01","6","2048"
"2","213-NPETERSSTP","2025","2025","05","6","25"
"2","213-NPETERSSTP","2025","2025","01","7","2281"
"2","213-NPETERSSTP","2025","2025","05","7","22"
"2","213-NPETERSSTP","2025","2025","01","8","2931"
"2","213-NPETERSSTP","2025","2025","05","8","26"
"2","213-NPETERSSTP","2025","2025","01","9","2813"
"2","213-NPETERSSTP","2025","2025","05","9","29"
"2","213-NPETERSSTP","2025","2025","01","10","2912"
"2","213-NPETERSSTP","2025","2025","05","10","24"
"2","213-NPETERSSTP","2025","2025","01","11","3421"
"2","213-NPETERSSTP","2025","2025","05","11","23"
"2","213-NPETERSSTP","2025","2025","01","12","2814"
"2","213-NPETERSSTP","2025","2025","05","12","11"
"6","3939-MAGAZINESTP","2025","2025","04","1","65363"
"6","3939-MAGAZINESTP","2025","2025","04","2","70870"
"6","3939-MAGAZINESTP","2025","2025","04","3","70642"
"6","3939-MAGAZINESTP","2025","2025","04","4","68214"
"6","3939-MAGAZINESTP","2025","2025","04","5","66859"
"6","3939-MAGAZINESTP","2025","2025","04","6","61545"
"6","3939-MAGAZINESTP","2025","2025","04","7","61795"
"6","3939-MAGAZINESTP","2025","2025","04","8","64618"
"6","3939-MAGAZINESTP","2025","2025","04","9","69071"
"6","3939-MAGAZINESTP","2025","2025","04","10","68302"
"6","3939-MAGAZINESTP","2025","2025","04","11","73304"
"6","3939-MAGAZINESTP","2025","2025","04","12","43043"
"6","3912-MAGAZINESTP","2025","2025","01","1","39621"
"6","3912-MAGAZINESTP","2025","2025","01","2","38000"
"6","3912-MAGAZINESTP","2025","2025","01","3","38000"
"6","3912-MAGAZINESTP","2025","2025","01","4","38000"
"6","3912-MAGAZINESTP","2025","2025","01","5","39000"
"6","3912-MAGAZINESTP","2025","2025","01","6","40000"
"6","3912-MAGAZINESTP","2025","2025","01","7","40000"
"6","3912-MAGAZINESTP","2025","2025","01","8","40000"
"6","3912-MAGAZINESTP","2025","2025","01","9","41000"
"6","3912-MAGAZINESTP","2025","2025","01","10","42000"
"6","3912-MAGAZINESTP","2025","2025","01","11","42000"
"6","3912-MAGAZINESTP","2025","2025","01","12","42351"
"3","617-PIETYSTP","2025","2025","02","12","4600"
"6","3983-TCHOUPITOULASSTP","2025","2025","02","1","34598"
"6","3983-TCHOUPITOULASSTP","2025","2025","02","2","34598"
"6","3983-TCHOUPITOULASSTP","2025","2025","02","3","34598"
"6","3983-TCHOUPITOULASSTP","2025","2025","02","4","34598"
"6","3983-TCHOUPITOULASSTP","2025","2025","02","5","34598"
"6","3983-TCHOUPITOULASSTP","2025","2025","02","6","34598"
"6","3983-TCHOUPITOULASSTP","2025","2025","02","7","26071"
"6","3983-TCHOUPITOULASSTP","2025","2025","02","8","26071"
"6","3983-TCHOUPITOULASSTP","2025","2025","02","9","26071"
"6","3983-TCHOUPITOULASSTP","2025","2025","02","10","26071"
"6","3983-TCHOUPITOULASSTP","2025","2025","02","11","26071"
"6","3983-TCHOUPITOULASSTP","2025","2025","02","12","26071"
"4","2026-MAGAZINESTP","2025","2025","01","1","36278"
"4","2026-MAGAZINESTP","2025","2025","01","2","34596"
"4","2026-MAGAZINESTP","2025","2025","01","3","34030"
"4","2026-MAGAZINESTP","2025","2025","01","4","34606"
"4","2026-MAGAZINESTP","2025","2025","01","5","39820"
"4","2026-MAGAZINESTP","2025","2025","01","6","39242"
"4","2026-MAGAZINESTP","2025","2025","01","7","39089"
"4","2026-MAGAZINESTP","2025","2025","01","8","42271"
"4","2026-MAGAZINESTP","2025","2025","01","9","40159"
"4","2026-MAGAZINESTP","2025","2025","01","10","37785"
"4","2026-MAGAZINESTP","2025","2025","01","11","36082"
"4","2026-MAGAZINESTP","2025","2025","01","12","39182"
"1","935-GRAVIERST2000P","2025","2025","99","1","146"
"1","935-GRAVIERST2000P","2025","2025","99","2","146"
"1","935-GRAVIERST2000P","2025","2025","99","3","146"
"1","935-GRAVIERST2000P","2025","2025","99","4","146"
"1","935-GRAVIERST2000P","2025","2025","99","5","146"
"1","935-GRAVIERST2000P","2025","2025","99","6","146"
"1","935-GRAVIERST2000P","2025","2025","99","7","146"
"1","935-GRAVIERST2000P","2025","2025","99","8","146"
"1","935-GRAVIERST2000P","2025","2025","99","9","146"
"1","935-GRAVIERST2000P","2025","2025","99","10","146"
"1","935-GRAVIERST2000P","2025","2025","99","11","146"
"1","935-GRAVIERST2000P","2025","2025","99","12","146"
"2","901-NCARROLLTONAVP","2025","2025","02","1","2000"
"2","901-NCARROLLTONAVP","2025","2025","02","2","2000"
"2","901-NCARROLLTONAVP","2025","2025","02","3","2000"
"2","901-NCARROLLTONAVP","2025","2025","02","4","2000"
"2","901-NCARROLLTONAVP","2025","2025","02","5","2000"
"2","901-NCARROLLTONAVP","2025","2025","02","6","2000"
"2","901-NCARROLLTONAVP","2025","2025","02","7","2000"
"2","901-NCARROLLTONAVP","2025","2025","02","8","2000"
"2","901-NCARROLLTONAVP","2025","2025","02","9","2000"
"2","901-NCARROLLTONAVP","2025","2025","02","10","2000"
"2","901-NCARROLLTONAVP","2025","2025","02","11","2000"
"2","901-NCARROLLTONAVP","2025","2025","02","12","2000"
"1","200-MAGAZINESTP","2025","2025","05","11","5500"
"1","200-MAGAZINESTP","2025","2025","05","12","5449"
"1","200-MAGAZINESTP","2025","2025","02","1","19808"
"1","200-MAGAZINESTP","2025","2025","05","1","4616"
"1","200-MAGAZINESTP","2025","2025","02","2","16712"
"1","200-MAGAZINESTP","2025","2025","05","2","5095"
"1","200-MAGAZINESTP","2025","2025","02","3","17641"
"1","200-MAGAZINESTP","2025","2025","05","3","5053"
"1","200-MAGAZINESTP","2025","2025","02","4","16281"
"1","200-MAGAZINESTP","2025","2025","05","4","5490"
"1","200-MAGAZINESTP","2025","2025","02","5","14692"
"1","200-MAGAZINESTP","2025","2025","05","5","4930"
"1","200-MAGAZINESTP","2025","2025","02","6","15221"
"1","200-MAGAZINESTP","2025","2025","05","6","6457"
"1","200-MAGAZINESTP","2025","2025","02","7","17425"
"1","200-MAGAZINESTP","2025","2025","05","7","4887"
"1","200-MAGAZINESTP","2025","2025","02","8","20109"
"1","200-MAGAZINESTP","2025","2025","05","8","6405"
"1","200-MAGAZINESTP","2025","2025","02","9","12518"
"1","200-MAGAZINESTP","2025","2025","05","9","5948"
"1","200-MAGAZINESTP","2025","2025","02","10","17388"
"1","200-MAGAZINESTP","2025","2025","05","10","5494"
"1","200-MAGAZINESTP","2025","2025","02","11","20076"
"1","200-MAGAZINESTP","2025","2025","02","12","14136"
"6","4141-STCHARLESAVP","2025","2025","01","1","16685"
"6","4141-STCHARLESAVP","2025","2025","01","2","32913"
"6","4141-STCHARLESAVP","2025","2025","01","3","25804"
"6","4141-STCHARLESAVP","2025","2025","01","4","20826"
"6","4141-STCHARLESAVP","2025","2025","01","5","19459"
"6","4141-STCHARLESAVP","2025","2025","01","6","20806"
"6","4141-STCHARLESAVP","2025","2025","01","7","22588"
"6","4141-STCHARLESAVP","2025","2025","01","8","22639"
"6","4141-STCHARLESAVP","2025","2025","01","9","27327"
"6","4141-STCHARLESAVP","2025","2025","01","10","29390"
"6","4141-STCHARLESAVP","2025","2025","01","11","30163"
"6","4141-STCHARLESAVP","2025","2025","01","12","31225"
"3","10010-I10SERVICERDP","2025","2025","05","12","8"
"2","800-BOURBONSTP","2025","2025","01","8","22872"
"2","800-BOURBONSTP","2025","2025","01","9","32128"
"2","800-BOURBONSTP","2025","2025","01","10","36056"
"2","800-BOURBONSTP","2025","2025","01","11","16202"
"2","800-BOURBONSTP","2025","2025","01","12","20841"
"1","4507-WASHINGTONAVP","2025","2025","05","12","20"
"3","2700-NPETERSSTP","2025","2025","01","1","15608"
"3","2700-NPETERSSTP","2025","2025","02","1","93034"
"3","2700-NPETERSSTP","2025","2025","01","2","15608"
"3","2700-NPETERSSTP","2025","2025","02","2","93034"
"3","2700-NPETERSSTP","2025","2025","01","3","15608"
"3","2700-NPETERSSTP","2025","2025","02","3","93034"
"3","2700-NPETERSSTP","2025","2025","01","4","15608"
"3","2700-NPETERSSTP","2025","2025","02","4","93034"
"3","2700-NPETERSSTP","2025","2025","01","5","15608"
"3","2700-NPETERSSTP","2025","2025","02","5","93034"
"3","2700-NPETERSSTP","2025","2025","01","6","15608"
"3","2700-NPETERSSTP","2025","2025","02","6","93034"
"3","2700-NPETERSSTP","2025","2025","01","7","15608"
"3","2700-NPETERSSTP","2025","2025","02","7","93034"
"3","2700-NPETERSSTP","2025","2025","01","8","15608"
"3","2700-NPETERSSTP","2025","2025","02","8","93034"
"3","2700-NPETERSSTP","2025","2025","01","9","15608"
"3","2700-NPETERSSTP","2025","2025","02","9","93034"
"3","2700-NPETERSSTP","2025","2025","01","10","15608"
"3","2700-NPETERSSTP","2025","2025","02","10","93034"
"3","2700-NPETERSSTP","2025","2025","01","11","15608"
"3","2700-NPETERSSTP","2025","2025","02","11","93034"
"3","2700-NPETERSSTP","2025","2025","01","12","15608"
"3","2700-NPETERSSTP","2025","2025","02","12","93034"
"4","1901-STCHARLESAVP","2025","2025","05","12","8"
"6","3900-TCHOUPITOULASSTP","2025","2025","05","12","6"
"1","422-CANALSTGROUNDP","2025","2025","01","12","22513"
"1","2820-TULANEAVP","2025","2025","05","12","15"
"6","4338-STCHARLESAVP","2025","2025","99","1","25832"
"6","4338-STCHARLESAVP","2025","2025","99","12","6098"
"2","405-BOURBONSTP","2025","2025","01","12","35353"
"2","600-JACKSONBREWERYII040P","2025","2025","01","1","700"
"2","600-JACKSONBREWERYII040P","2025","2025","01","2","700"
"2","600-JACKSONBREWERYII040P","2025","2025","01","3","700"
"2","600-JACKSONBREWERYII040P","2025","2025","01","4","700"
"2","600-JACKSONBREWERYII040P","2025","2025","01","5","700"
"2","600-JACKSONBREWERYII040P","2025","2025","01","6","700"
"2","600-JACKSONBREWERYII040P","2025","2025","01","7","700"
"2","600-JACKSONBREWERYII040P","2025","2025","01","8","700"
"2","600-JACKSONBREWERYII040P","2025","2025","01","9","700"
"2","600-JACKSONBREWERYII040P","2025","2025","01","10","700"
"2","600-JACKSONBREWERYII040P","2025","2025","01","11","700"
"2","600-JACKSONBREWERYII040P","2025","2025","01","12","700"
"3","14900-INTRACOASTALDR1P","2025","2025","03","1","775168"
"3","14900-INTRACOASTALDR1P","2025","2025","03","2","653310"
"3","14900-INTRACOASTALDR1P","2025","2025","03","3","593419"
"3","14900-INTRACOASTALDR1P","2025","2025","03","4","989611"
"3","14900-INTRACOASTALDR1P","2025","2025","03","5","995736"
"3","14900-INTRACOASTALDR1P","2025","2025","03","6","803897"
"3","14900-INTRACOASTALDR1P","2025","2025","03","7","660579"
"3","14900-INTRACOASTALDR1P","2025","2025","03","8","698019"
"3","14900-INTRACOASTALDR1P","2025","2025","03","9","577765"
"3","14900-INTRACOASTALDR1P","2025","2025","03","10","523846"
"3","14900-INTRACOASTALDR1P","2025","2025","03","11","575830"
"3","14900-INTRACOASTALDR1P","2025","2025","03","12","914190"
"2","600-JACKSONBREWERYII110P","2025","2025","01","1","1200"
"2","600-JACKSONBREWERYII110P","2025","2025","01","2","1200"
"2","600-JACKSONBREWERYII110P","2025","2025","01","3","1200"
"2","600-JACKSONBREWERYII110P","2025","2025","01","4","1200"
"2","600-JACKSONBREWERYII110P","2025","2025","01","5","1200"
"2","600-JACKSONBREWERYII110P","2025","2025","01","6","1200"
"2","600-JACKSONBREWERYII110P","2025","2025","01","7","1200"
"2","600-JACKSONBREWERYII110P","2025","2025","01","8","1200"
"2","600-JACKSONBREWERYII110P","2025","2025","01","9","1200"
"2","600-JACKSONBREWERYII110P","2025","2025","01","10","1200"
"2","600-JACKSONBREWERYII110P","2025","2025","01","11","1200"
"2","600-JACKSONBREWERYII110P","2025","2025","01","12","1200"
"3","10826-HAYNEBDP","2025","2025","01","1","15000"
"3","10826-HAYNEBDP","2025","2025","01","2","15000"
"3","10826-HAYNEBDP","2025","2025","01","3","20000"
"3","10826-HAYNEBDP","2025","2025","01","4","20000"
"3","10826-HAYNEBDP","2025","2025","01","5","15000"
"3","10826-HAYNEBDP","2025","2025","01","6","10000"
"3","10826-HAYNEBDP","2025","2025","01","7","10000"
"3","10826-HAYNEBDP","2025","2025","01","8","10000"
"3","10826-HAYNEBDP","2025","2025","01","9","15000"
"3","10826-HAYNEBDP","2025","2025","01","10","15000"
"3","10826-HAYNEBDP","2025","2025","01","11","20000"
"3","10826-HAYNEBDP","2025","2025","01","12","15000"
"2","232-BOURBONSTP","2025","2025","01","12","32956"
"2","204-DECATURSTAP","2025","2025","02","1","11734"
"2","204-DECATURSTAP","2025","2025","05","1","25841"
"2","204-DECATURSTAP","2025","2025","02","2","13632"
"2","204-DECATURSTAP","2025","2025","05","2","26245"
"2","204-DECATURSTAP","2025","2025","02","3","12030"
"2","204-DECATURSTAP","2025","2025","05","3","27268"
"2","204-DECATURSTAP","2025","2025","02","4","9905"
"2","204-DECATURSTAP","2025","2025","05","4","26454"
"2","204-DECATURSTAP","2025","2025","02","5","9568"
"2","204-DECATURSTAP","2025","2025","05","5","26258"
"2","204-DECATURSTAP","2025","2025","02","6","12380"
"2","204-DECATURSTAP","2025","2025","05","6","26746"
"2","204-DECATURSTAP","2025","2025","02","7","9252"
"2","204-DECATURSTAP","2025","2025","05","7","26524"
"2","204-DECATURSTAP","2025","2025","02","8","10261"
"2","204-DECATURSTAP","2025","2025","05","8","26406"
"2","204-DECATURSTAP","2025","2025","02","9","8990"
"2","204-DECATURSTAP","2025","2025","05","9","26346"
"2","204-DECATURSTAP","2025","2025","02","10","10509"
"2","204-DECATURSTAP","2025","2025","05","10","26627"
"2","204-DECATURSTAP","2025","2025","02","11","13044"
"2","204-DECATURSTAP","2025","2025","05","11","26762"
"2","204-DECATURSTAP","2025","2025","02","12","8774"
"2","204-DECATURSTAP","2025","2025","05","12","26564"
"3","7801-TOWNSENDPLP","2025","2025","01","1","28140"
"3","7801-TOWNSENDPLP","2025","2025","02","1","305077"
"3","7801-TOWNSENDPLP","2025","2025","04","1","126095"
"3","7801-TOWNSENDPLP","2025","2025","05","1","125283"
"3","7801-TOWNSENDPLP","2025","2025","01","2","27162"
"3","7801-TOWNSENDPLP","2025","2025","02","2","329404"
"3","7801-TOWNSENDPLP","2025","2025","04","2","143080"
"3","7801-TOWNSENDPLP","2025","2025","05","2","135448"
"3","7801-TOWNSENDPLP","2025","2025","01","3","26799"
"3","7801-TOWNSENDPLP","2025","2025","02","3","328574"
"3","7801-TOWNSENDPLP","2025","2025","04","3","151227"
"3","7801-TOWNSENDPLP","2025","2025","05","3","127056"
"3","7801-TOWNSENDPLP","2025","2025","01","4","27545"
"3","7801-TOWNSENDPLP","2025","2025","02","4","356267"
"3","7801-TOWNSENDPLP","2025","2025","04","4","159187"
"3","7801-TOWNSENDPLP","2025","2025","05","4","121741"
"3","7801-TOWNSENDPLP","2025","2025","01","5","30970"
"3","7801-TOWNSENDPLP","2025","2025","02","5","344909"
"3","7801-TOWNSENDPLP","2025","2025","04","5","169789"
"3","7801-TOWNSENDPLP","2025","2025","05","5","118411"
"3","7801-TOWNSENDPLP","2025","2025","01","6","23028"
"3","7801-TOWNSENDPLP","2025","2025","02","6","298482"
"3","7801-TOWNSENDPLP","2025","2025","04","6","155405"
"3","7801-TOWNSENDPLP","2025","2025","05","6","128949"
"3","7801-TOWNSENDPLP","2025","2025","01","7","23713"
"3","7801-TOWNSENDPLP","2025","2025","02","7","286114"
"3","7801-TOWNSENDPLP","2025","2025","04","7","155120"
"3","7801-TOWNSENDPLP","2025","2025","05","7","111708"
"3","7801-TOWNSENDPLP","2025","2025","01","8","31047"
"3","7801-TOWNSENDPLP","2025","2025","02","8","311305"
"3","7801-TOWNSENDPLP","2025","2025","04","8","165552"
"3","7801-TOWNSENDPLP","2025","2025","05","8","108745"
"3","7801-TOWNSENDPLP","2025","2025","01","9","28147"
"3","7801-TOWNSENDPLP","2025","2025","02","9","328927"
"3","7801-TOWNSENDPLP","2025","2025","04","9","159804"
"3","7801-TOWNSENDPLP","2025","2025","05","9","119852"
"3","7801-TOWNSENDPLP","2025","2025","01","10","28912"
"3","7801-TOWNSENDPLP","2025","2025","02","10","298559"
"3","7801-TOWNSENDPLP","2025","2025","04","10","155002"
"3","7801-TOWNSENDPLP","2025","2025","05","10","127032"
"3","7801-TOWNSENDPLP","2025","2025","01","11","44718"
"3","7801-TOWNSENDPLP","2025","2025","02","11","362401"
"3","7801-TOWNSENDPLP","2025","2025","04","11","122987"
"3","7801-TOWNSENDPLP","2025","2025","05","11","125037"
"3","7801-TOWNSENDPLP","2025","2025","01","12","44768"
"3","7801-TOWNSENDPLP","2025","2025","02","12","341494"
"3","7801-TOWNSENDPLP","2025","2025","04","12","142949"
"3","7801-TOWNSENDPLP","2025","2025","05","12","135495"
"2","611-BOURBONSTP","2025","2025","01","12","30951"
"3","2001-BURGUNDYSTP","2025","2025","02","1","15600"
"3","2001-BURGUNDYSTP","2025","2025","05","1","3772"
"3","2001-BURGUNDYSTP","2025","2025","02","2","17134"
"3","2001-BURGUNDYSTP","2025","2025","05","2","4557"
"3","2001-BURGUNDYSTP","2025","2025","02","3","17541"
"3","2001-BURGUNDYSTP","2025","2025","05","3","4425"
"3","2001-BURGUNDYSTP","2025","2025","02","4","13604"
"3","2001-BURGUNDYSTP","2025","2025","05","4","4242"
"3","2001-BURGUNDYSTP","2025","2025","02","5","13684"
"3","2001-BURGUNDYSTP","2025","2025","05","5","4850"
"3","2001-BURGUNDYSTP","2025","2025","02","6","11660"
"3","2001-BURGUNDYSTP","2025","2025","05","6","4301"
"3","2001-BURGUNDYSTP","2025","2025","02","7","13447"
"3","2001-BURGUNDYSTP","2025","2025","05","7","4648"
"3","2001-BURGUNDYSTP","2025","2025","02","8","13089"
"3","2001-BURGUNDYSTP","2025","2025","05","8","4725"
"3","2001-BURGUNDYSTP","2025","2025","02","9","9525"
"3","2001-BURGUNDYSTP","2025","2025","05","9","4973"
"3","2001-BURGUNDYSTP","2025","2025","02","10","14579"
"3","2001-BURGUNDYSTP","2025","2025","05","10","4915"
"3","2001-BURGUNDYSTP","2025","2025","02","11","13208"
"3","2001-BURGUNDYSTP","2025","2025","05","11","4889"
"3","2001-BURGUNDYSTP","2025","2025","02","12","12099"
"3","2001-BURGUNDYSTP","2025","2025","05","12","4905"
"2","301-ROYALSTP","2025","2025","01","1","41426"
"2","301-ROYALSTP","2025","2025","01","2","45482"
"2","301-ROYALSTP","2025","2025","01","3","41508"
"2","301-ROYALSTP","2025","2025","01","4","42096"
"2","301-ROYALSTP","2025","2025","01","5","44254"
"2","301-ROYALSTP","2025","2025","01","6","38520"
"2","301-ROYALSTP","2025","2025","01","7","40568"
"2","301-ROYALSTP","2025","2025","01","8","39866"
"2","301-ROYALSTP","2025","2025","01","9","39348"
"2","301-ROYALSTP","2025","2025","01","10","39634"
"2","301-ROYALSTP","2025","2025","01","11","51269"
"2","301-ROYALSTP","2025","2025","01","12","38797"
"5","901-THAYERSTP","2025","2025","05","1","80"
"5","901-THAYERSTP","2025","2025","05","2","80"
"5","901-THAYERSTP","2025","2025","05","3","80"
"5","901-THAYERSTP","2025","2025","05","4","80"
"5","901-THAYERSTP","2025","2025","05","5","80"
"5","901-THAYERSTP","2025","2025","05","6","80"
"5","901-THAYERSTP","2025","2025","05","7","80"
"5","901-THAYERSTP","2025","2025","05","8","80"
"5","901-THAYERSTP","2025","2025","05","9","80"
"5","901-THAYERSTP","2025","2025","05","10","80"
"5","901-THAYERSTP","2025","2025","05","11","80"
"5","901-THAYERSTP","2025","2025","05","12","80"
"2","631-BOURBONSTP","2025","2025","01","12","18838"
"1","315-SBROADSTP","2025","2025","02","1","14076"
"1","315-SBROADSTP","2025","2025","05","1","6200"
"1","315-SBROADSTP","2025","2025","02","2","13065"
"1","315-SBROADSTP","2025","2025","05","2","6545"
"1","315-SBROADSTP","2025","2025","02","3","11820"
"1","315-SBROADSTP","2025","2025","05","3","3900"
"1","315-SBROADSTP","2025","2025","02","4","10870"
"1","315-SBROADSTP","2025","2025","05","4","7205"
"1","315-SBROADSTP","2025","2025","02","5","9685"
"1","315-SBROADSTP","2025","2025","05","5","7239"
"1","315-SBROADSTP","2025","2025","02","6","8791"
"1","315-SBROADSTP","2025","2025","05","6","7007"
"1","315-SBROADSTP","2025","2025","02","7","8477"
"1","315-SBROADSTP","2025","2025","05","7","7154"
"1","315-SBROADSTP","2025","2025","02","8","8940"
"1","315-SBROADSTP","2025","2025","05","8","6815"
"1","315-SBROADSTP","2025","2025","02","9","8687"
"1","315-SBROADSTP","2025","2025","05","9","7170"
"1","315-SBROADSTP","2025","2025","02","10","12137"
"1","315-SBROADSTP","2025","2025","05","10","7686"
"1","315-SBROADSTP","2025","2025","02","11","8272"
"1","315-SBROADSTP","2025","2025","05","11","8269"
"1","315-SBROADSTP","2025","2025","02","12","10134"
"1","315-SBROADSTP","2025","2025","05","12","7840"
"3","2737-NPETERSSTP","2025","2025","01","1","127192"
"3","2737-NPETERSSTP","2025","2025","01","2","97666"
"3","2737-NPETERSSTP","2025","2025","01","3","110980"
"3","2737-NPETERSSTP","2025","2025","01","4","92652"
"3","2737-NPETERSSTP","2025","2025","01","5","119395"
"3","2737-NPETERSSTP","2025","2025","01","6","104007"
"3","2737-NPETERSSTP","2025","2025","01","7","86585"
"3","2737-NPETERSSTP","2025","2025","01","8","87140"
"3","2737-NPETERSSTP","2025","2025","01","9","81133"
"3","2737-NPETERSSTP","2025","2025","01","10","92164"
"3","2737-NPETERSSTP","2025","2025","01","11","92403"
"3","2737-NPETERSSTP","2025","2025","01","12","90716"
"6","5700-MAGAZINESTP","2025","2025","99","12","200"
"6","5700-MAGAZINESTP","2025","2025","01","12","2000"
"6","5700-MAGAZINESTP","2025","2025","02","12","1000"
"1","444-CANALSTAP","2025","2025","01","12","213703"
"2","1010-STANNSTP","2025","2025","01","1","14972"
"2","1010-STANNSTP","2025","2025","01","12","2117"
"4","2802-MAGAZINESTP","2025","2025","02","1","11635"
"4","2802-MAGAZINESTP","2025","2025","05","1","3860"
"4","2802-MAGAZINESTP","2025","2025","02","2","12053"
"4","2802-MAGAZINESTP","2025","2025","05","2","4111"
"4","2802-MAGAZINESTP","2025","2025","02","3","11029"
"4","2802-MAGAZINESTP","2025","2025","05","3","4273"
"4","2802-MAGAZINESTP","2025","2025","02","4","10042"
"4","2802-MAGAZINESTP","2025","2025","05","4","4809"
"4","2802-MAGAZINESTP","2025","2025","02","5","7084"
"4","2802-MAGAZINESTP","2025","2025","05","5","4197"
"4","2802-MAGAZINESTP","2025","2025","02","6","9312"
"4","2802-MAGAZINESTP","2025","2025","05","6","4532"
"4","2802-MAGAZINESTP","2025","2025","02","7","10048"
"4","2802-MAGAZINESTP","2025","2025","05","7","4432"
"4","2802-MAGAZINESTP","2025","2025","02","8","9671"
"4","2802-MAGAZINESTP","2025","2025","05","8","4375"
"4","2802-MAGAZINESTP","2025","2025","02","9","8611"
"4","2802-MAGAZINESTP","2025","2025","05","9","4895"
"4","2802-MAGAZINESTP","2025","2025","02","10","10812"
"4","2802-MAGAZINESTP","2025","2025","05","10","4131"
"4","2802-MAGAZINESTP","2025","2025","02","11","11956"
"4","2802-MAGAZINESTP","2025","2025","05","11","4381"
"4","2802-MAGAZINESTP","2025","2025","02","12","9300"
"4","2802-MAGAZINESTP","2025","2025","05","12","4215"
"2","601-CANALSTP","2025","2025","01","12","34784"
"2","623-CANALSTP","2025","2025","01","12","49525"
"2","729-CANALSTP","2025","2025","01","12","42583"
"1","2312-TULANEAVP","2025","2025","02","8","52443"
"1","2312-TULANEAVP","2025","2025","02","9","11897"
"1","2312-TULANEAVP","2025","2025","02","10","11897"
"1","840-CANALSTP","2025","2025","01","12","40674"
"6","4525-FRERETST107P","2025","2025","99","6","17422"
"6","4525-FRERETST107P","2025","2025","99","7","25790"
"6","4525-FRERETST107P","2025","2025","99","8","25163"
"6","4525-FRERETST107P","2025","2025","99","9","25292"
"6","4525-FRERETST107P","2025","2025","99","10","26190"
"6","4525-FRERETST107P","2025","2025","99","11","27267"
"6","4525-FRERETST107P","2025","2025","99","12","26451"
"2","4815-CONTISTP","2025","2025","01","3","3394169"
"2","4815-CONTISTP","2025","2025","01","6","3481820"
"2","4815-CONTISTP","2025","2025","01","9","3328832"
"2","4815-CONTISTP","2025","2025","01","12","2709470"
"7","7214-PONTCHARTRAINBLP","2025","2025","01","1","2788"
"7","7214-PONTCHARTRAINBLP","2025","2025","05","1","2788"
"7","7214-PONTCHARTRAINBLP","2025","2025","01","2","1711"
"7","7214-PONTCHARTRAINBLP","2025","2025","05","2","1711"
"7","7214-PONTCHARTRAINBLP","2025","2025","01","3","966"
"7","7214-PONTCHARTRAINBLP","2025","2025","05","3","966"
"7","7214-PONTCHARTRAINBLP","2025","2025","01","4","3246"
"7","7214-PONTCHARTRAINBLP","2025","2025","05","4","3246"
"7","7214-PONTCHARTRAINBLP","2025","2025","01","5","2852"
"7","7214-PONTCHARTRAINBLP","2025","2025","05","5","2852"
"7","7214-PONTCHARTRAINBLP","2025","2025","01","6","2066"
"7","7214-PONTCHARTRAINBLP","2025","2025","05","6","2066"
"7","7214-PONTCHARTRAINBLP","2025","2025","01","7","2015"
"7","7214-PONTCHARTRAINBLP","2025","2025","05","7","2015"
"7","7214-PONTCHARTRAINBLP","2025","2025","01","8","1791"
"7","7214-PONTCHARTRAINBLP","2025","2025","05","8","1791"
"7","7214-PONTCHARTRAINBLP","2025","2025","01","9","2930"
"7","7214-PONTCHARTRAINBLP","2025","2025","05","9","2930"
"7","7214-PONTCHARTRAINBLP","2025","2025","01","10","3222"
"7","7214-PONTCHARTRAINBLP","2025","2025","05","10","3222"
"7","7214-PONTCHARTRAINBLP","2025","2025","01","11","2591"
"7","7214-PONTCHARTRAINBLP","2025","2025","05","11","2591"
"7","7214-PONTCHARTRAINBLP","2025","2025","01","12","1879"
"7","7214-PONTCHARTRAINBLP","2025","2025","05","12","1879"
"6","4510-DRYADESSTAP","2025","2025","02","1","34556"
"6","4510-DRYADESSTAP","2025","2025","02","2","32583"
"6","4510-DRYADESSTAP","2025","2025","02","3","30795"
"6","4510-DRYADESSTAP","2025","2025","02","4","32001"
"6","4510-DRYADESSTAP","2025","2025","02","5","33276"
"6","4510-DRYADESSTAP","2025","2025","02","6","34297"
"6","4510-DRYADESSTAP","2025","2025","02","7","34031"
"6","4510-DRYADESSTAP","2025","2025","02","8","34539"
"6","4510-DRYADESSTAP","2025","2025","02","9","34899"
"6","4510-DRYADESSTAP","2025","2025","02","10","32217"
"6","4510-DRYADESSTAP","2025","2025","02","11","34915"
"6","4510-DRYADESSTAP","2025","2025","02","12","36888"
"1","2310-TULANEAVP","2025","2025","02","1","66161"
"1","2310-TULANEAVP","2025","2025","02","2","65061"
"1","2310-TULANEAVP","2025","2025","02","3","73545"
"1","2310-TULANEAVP","2025","2025","02","4","74703"
"1","2310-TULANEAVP","2025","2025","02","5","77643"
"1","2310-TULANEAVP","2025","2025","02","6","80755"
"1","2310-TULANEAVP","2025","2025","02","7","79123"
"1","2310-TULANEAVP","2025","2025","02","8","23625"
"1","2310-TULANEAVP","2025","2025","02","9","23936"
"1","2310-TULANEAVP","2025","2025","02","10","26344"
"1","2310-TULANEAVP","2025","2025","02","11","28834"
"1","2310-TULANEAVP","2025","2025","02","12","27567"
"1","1004-CANALSTP","2025","2025","01","12","35553"
"2","6264-CANALBD1P","2025","2025","02","1","500"
"2","6264-CANALBD1P","2025","2025","05","1","6500"
"2","6264-CANALBD1P","2025","2025","02","2","500"
"2","6264-CANALBD1P","2025","2025","05","2","6500"
"2","6264-CANALBD1P","2025","2025","02","3","500"
"2","6264-CANALBD1P","2025","2025","05","3","6500"
"2","6264-CANALBD1P","2025","2025","02","4","500"
"2","6264-CANALBD1P","2025","2025","05","4","6500"
"2","6264-CANALBD1P","2025","2025","02","5","500"
"2","6264-CANALBD1P","2025","2025","05","5","6500"
"2","6264-CANALBD1P","2025","2025","02","6","500"
"2","6264-CANALBD1P","2025","2025","05","6","6500"
"2","6264-CANALBD1P","2025","2025","02","7","500"
"2","6264-CANALBD1P","2025","2025","05","7","6500"
"2","6264-CANALBD1P","2025","2025","02","8","500"
"2","6264-CANALBD1P","2025","2025","05","8","6500"
"2","6264-CANALBD1P","2025","2025","02","9","500"
"2","6264-CANALBD1P","2025","2025","05","9","6500"
"2","6264-CANALBD1P","2025","2025","02","10","500"
"2","6264-CANALBD1P","2025","2025","05","10","6500"
"2","6264-CANALBD1P","2025","2025","02","11","500"
"2","6264-CANALBD1P","2025","2025","05","11","6500"
"2","6264-CANALBD1P","2025","2025","02","12","500"
"2","6264-CANALBD1P","2025","2025","05","12","6500"
"1","801-CONVENTIONCENTERBLP","2025","2025","01","12","42955"
"6","5700-MAGAZINESTP","2025","2025","04","12","300"
"1","305-STCHARLESAVP","2025","2025","01","12","36062"
"2","439-DECATURST010P","2025","2025","01","12","20347"
"2","620-DECATURST03P","2025","2025","01","12","19969"
"2","839-DECATURSTP","2025","2025","01","12","15509"
"2","929-DECATURSTP","2025","2025","01","12","20004"
"2","237-ROYALSTP","2025","2025","01","12","21552"
"1","428-CANALST01P","2025","2025","01","12","1"
"3","7058-READBDP","2025","2025","01","1","4000"
"3","7058-READBDP","2025","2025","01","2","4000"
"3","7058-READBDP","2025","2025","01","3","4000"
"3","7058-READBDP","2025","2025","01","4","4000"
"3","7058-READBDP","2025","2025","01","5","4000"
"3","7058-READBDP","2025","2025","01","6","4000"
"3","7058-READBDP","2025","2025","01","7","4000"
"3","7058-READBDP","2025","2025","01","8","4000"
"3","7058-READBDP","2025","2025","01","9","4000"
"3","7058-READBDP","2025","2025","01","10","4000"
"3","7058-READBDP","2025","2025","01","11","4000"
"3","7058-READBDP","2025","2025","01","12","4000"
"3","5741-CROWDERBLB8P","2025","2025","01","1","12000"
"3","5741-CROWDERBLB8P","2025","2025","01","2","12000"
"3","5741-CROWDERBLB8P","2025","2025","01","3","12000"
"3","5741-CROWDERBLB8P","2025","2025","01","4","12000"
"3","5741-CROWDERBLB8P","2025","2025","01","5","12000"
"3","5741-CROWDERBLB8P","2025","2025","01","6","12000"
"3","5741-CROWDERBLB8P","2025","2025","01","7","12000"
"3","5741-CROWDERBLB8P","2025","2025","01","8","12000"
"3","5741-CROWDERBLB8P","2025","2025","01","9","12000"
"3","5741-CROWDERBLB8P","2025","2025","01","10","12000"
"3","5741-CROWDERBLB8P","2025","2025","01","11","12000"
"3","5741-CROWDERBLB8P","2025","2025","01","12","12000"
"2","511-NSOLOMONSTP","2025","2025","01","1","731665"
"2","511-NSOLOMONSTP","2025","2025","01","2","731665"
"2","511-NSOLOMONSTP","2025","2025","01","3","731665"
"2","511-NSOLOMONSTP","2025","2025","01","4","731665"
"2","511-NSOLOMONSTP","2025","2025","01","5","731665"
"2","511-NSOLOMONSTP","2025","2025","01","6","731665"
"2","511-NSOLOMONSTP","2025","2025","01","7","731665"
"2","511-NSOLOMONSTP","2025","2025","01","8","731665"
"2","511-NSOLOMONSTP","2025","2025","01","9","731665"
"2","511-NSOLOMONSTP","2025","2025","01","10","731665"
"2","511-NSOLOMONSTP","2025","2025","01","11","731665"
"2","511-NSOLOMONSTP","2025","2025","01","12","731665"
"3","6232-CHEFMENTEURHWBP","2025","2025","01","1","10500"
"3","6232-CHEFMENTEURHWBP","2025","2025","01","2","10500"
"3","6232-CHEFMENTEURHWBP","2025","2025","01","3","10500"
"3","6232-CHEFMENTEURHWBP","2025","2025","01","4","10500"
"3","6232-CHEFMENTEURHWBP","2025","2025","01","5","10500"
"3","6232-CHEFMENTEURHWBP","2025","2025","01","6","10500"
"3","6232-CHEFMENTEURHWBP","2025","2025","01","7","10500"
"3","6232-CHEFMENTEURHWBP","2025","2025","01","8","10500"
"3","6232-CHEFMENTEURHWBP","2025","2025","01","9","10500"
"3","6232-CHEFMENTEURHWBP","2025","2025","01","10","10500"
"3","6232-CHEFMENTEURHWBP","2025","2025","01","11","10500"
"3","6232-CHEFMENTEURHWBP","2025","2025","01","12","10500"
"2","824-ROYALSTP","2025","2025","01","1","5870"
"2","824-ROYALSTP","2025","2025","01","2","14990"
"2","824-ROYALSTP","2025","2025","05","2","126"
"2","824-ROYALSTP","2025","2025","01","3","13700"
"2","824-ROYALSTP","2025","2025","05","3","125"
"2","824-ROYALSTP","2025","2025","01","4","15870"
"2","824-ROYALSTP","2025","2025","01","5","18710"
"2","824-ROYALSTP","2025","2025","05","5","131"
"2","824-ROYALSTP","2025","2025","01","6","10920"
"2","824-ROYALSTP","2025","2025","05","6","131"
"2","824-ROYALSTP","2025","2025","01","7","7330"
"2","824-ROYALSTP","2025","2025","01","8","6960"
"2","824-ROYALSTP","2025","2025","05","8","79"
"2","824-ROYALSTP","2025","2025","01","9","6140"
"2","824-ROYALSTP","2025","2025","01","10","16030"
"2","824-ROYALSTP","2025","2025","05","10","150"
"2","824-ROYALSTP","2025","2025","01","11","13780"
"2","824-ROYALSTP","2025","2025","05","11","143"
"2","824-ROYALSTP","2025","2025","01","12","14020"
"2","824-ROYALSTP","2025","2025","05","12","42"
"4","2727-SBROADSTP","2025","2025","01","1","52"
"4","2727-SBROADSTP","2025","2025","04","1","945"
"4","2727-SBROADSTP","2025","2025","01","2","236"
"4","2727-SBROADSTP","2025","2025","04","2","250"
"4","2727-SBROADSTP","2025","2025","01","3","78"
"4","2727-SBROADSTP","2025","2025","04","3","560"
"4","2727-SBROADSTP","2025","2025","01","4","49"
"4","2727-SBROADSTP","2025","2025","04","4","587"
"4","2727-SBROADSTP","2025","2025","01","5","68"
"4","2727-SBROADSTP","2025","2025","04","5","1000"
"4","2727-SBROADSTP","2025","2025","01","6","39"
"4","2727-SBROADSTP","2025","2025","04","6","398"
"4","2727-SBROADSTP","2025","2025","01","7","78"
"4","2727-SBROADSTP","2025","2025","04","7","905"
"4","2727-SBROADSTP","2025","2025","01","8","87"
"4","2727-SBROADSTP","2025","2025","04","8","307"
"4","2727-SBROADSTP","2025","2025","01","9","49"
"4","2727-SBROADSTP","2025","2025","04","9","564"
"4","2727-SBROADSTP","2025","2025","01","10","58"
"4","2727-SBROADSTP","2025","2025","04","10","898"
"4","2727-SBROADSTP","2025","2025","01","11","39"
"4","2727-SBROADSTP","2025","2025","04","11","652"
"4","2727-SBROADSTP","2025","2025","01","12","38"
"4","2727-SBROADSTP","2025","2025","04","12","1453"
"3","4121-STCLAUDEAVAP","2025","2025","01","1","77"
"5","3053-MERCEDESBD000000AP","2025","2025","05","1","401"
"5","3053-MERCEDESBD000000AP","2025","2025","05","2","401"
"5","3053-MERCEDESBD000000AP","2025","2025","05","3","401"
"5","3053-MERCEDESBD000000AP","2025","2025","05","4","401"
"5","3053-MERCEDESBD000000AP","2025","2025","05","5","401"
"5","3053-MERCEDESBD000000AP","2025","2025","05","6","401"
"5","3053-MERCEDESBD000000AP","2025","2025","05","7","401"
"5","3053-MERCEDESBD000000AP","2025","2025","05","8","401"
"5","3053-MERCEDESBD000000AP","2025","2025","05","9","401"
"5","3053-MERCEDESBD000000AP","2025","2025","05","10","401"
"5","3053-MERCEDESBD000000AP","2025","2025","05","11","401"
"5","3053-MERCEDESBD000000AP","2025","2025","05","12","401"
"2","540-CHARTRESSTP","2025","2025","01","12","9185"
"2","830-CONTIST010P","2025","2025","01","1","34951"
"2","830-CONTIST010P","2025","2025","01","2","40011"
"2","830-CONTIST010P","2025","2025","01","3","35395"
"2","830-CONTIST010P","2025","2025","01","4","36324"
"2","830-CONTIST010P","2025","2025","01","5","37291"
"2","830-CONTIST010P","2025","2025","01","6","37900"
"2","830-CONTIST010P","2025","2025","01","7","35996"
"2","830-CONTIST010P","2025","2025","01","8","37409"
"2","830-CONTIST010P","2025","2025","01","9","40593"
"2","830-CONTIST010P","2025","2025","01","10","40159"
"2","830-CONTIST010P","2025","2025","01","11","40359"
"2","830-CONTIST010P","2025","2025","01","12","39817"
"2","600-JACKSONBREWERYII140P","2025","2025","01","1","24196"
"2","600-JACKSONBREWERYII140P","2025","2025","01","2","28521"
"2","600-JACKSONBREWERYII140P","2025","2025","01","3","28220"
"2","600-JACKSONBREWERYII140P","2025","2025","01","4","31218"
"2","600-JACKSONBREWERYII140P","2025","2025","01","5","28300"
"2","600-JACKSONBREWERYII140P","2025","2025","01","6","25375"
"2","600-JACKSONBREWERYII140P","2025","2025","01","7","18898"
"2","600-JACKSONBREWERYII140P","2025","2025","01","8","20953"
"2","600-JACKSONBREWERYII140P","2025","2025","01","9","20720"
"2","600-JACKSONBREWERYII140P","2025","2025","01","10","20687"
"2","600-JACKSONBREWERYII140P","2025","2025","01","11","20708"
"2","600-JACKSONBREWERYII140P","2025","2025","01","12","20015"
"2","401-BOURBONSTP","2025","2025","01","1","27942"
"2","401-BOURBONSTP","2025","2025","01","2","24358"
"2","401-BOURBONSTP","2025","2025","01","3","24180"
"2","401-BOURBONSTP","2025","2025","01","4","25043"
"2","401-BOURBONSTP","2025","2025","01","5","25006"
"2","401-BOURBONSTP","2025","2025","01","6","22510"
"2","401-BOURBONSTP","2025","2025","01","7","21763"
"2","401-BOURBONSTP","2025","2025","01","8","17577"
"2","401-BOURBONSTP","2025","2025","01","9","21743"
"2","401-BOURBONSTP","2025","2025","01","10","18311"
"2","401-BOURBONSTP","2025","2025","01","11","21192"
"2","401-BOURBONSTP","2025","2025","01","12","20143"
"2","534-STLOUISSTP","2025","2025","01","6","78543"
"2","534-STLOUISSTP","2025","2025","01","7","64697"
"2","534-STLOUISSTP","2025","2025","01","8","66605"
"2","534-STLOUISSTP","2025","2025","01","9","72845"
"2","534-STLOUISSTP","2025","2025","01","10","62640"
"2","534-STLOUISSTP","2025","2025","01","11","61880"
"2","534-STLOUISSTP","2025","2025","01","12","55412"
"1","746-TCHOUPITOULASSTP","2025","2025","01","1","93048"
"1","746-TCHOUPITOULASSTP","2025","2025","01","2","94915"
"1","746-TCHOUPITOULASSTP","2025","2025","01","3","90784"
"1","746-TCHOUPITOULASSTP","2025","2025","01","4","86745"
"1","746-TCHOUPITOULASSTP","2025","2025","01","5","95511"
"1","746-TCHOUPITOULASSTP","2025","2025","01","6","100932"
"1","746-TCHOUPITOULASSTP","2025","2025","01","7","98168"
"1","746-TCHOUPITOULASSTP","2025","2025","01","8","99696"
"1","746-TCHOUPITOULASSTP","2025","2025","01","9","98979"
"1","746-TCHOUPITOULASSTP","2025","2025","01","10","105469"
"1","746-TCHOUPITOULASSTP","2025","2025","01","11","110818"
"1","746-TCHOUPITOULASSTP","2025","2025","01","12","106417"
"2","119-NGALVEZSTP","2025","2025","01","1","35000"
"2","119-NGALVEZSTP","2025","2025","01","2","82000"
"2","119-NGALVEZSTP","2025","2025","01","3","90000"
"2","119-NGALVEZSTP","2025","2025","01","4","76000"
"2","119-NGALVEZSTP","2025","2025","01","5","58000"
"2","119-NGALVEZSTP","2025","2025","01","6","49000"
"2","119-NGALVEZSTP","2025","2025","01","7","48000"
"2","119-NGALVEZSTP","2025","2025","01","8","52000"
"2","119-NGALVEZSTP","2025","2025","01","9","43000"
"2","119-NGALVEZSTP","2025","2025","01","10","41000"
"2","119-NGALVEZSTP","2025","2025","01","11","32000"
"2","119-NGALVEZSTP","2025","2025","01","12","30000"
"2","509-CANALSTP","2025","2025","01","1","43421"
"2","509-CANALSTP","2025","2025","01","2","45145"
"2","509-CANALSTP","2025","2025","01","3","43281"
"2","509-CANALSTP","2025","2025","01","4","44432"
"2","509-CANALSTP","2025","2025","01","5","42904"
"2","509-CANALSTP","2025","2025","01","6","43257"
"2","509-CANALSTP","2025","2025","01","7","40711"
"2","509-CANALSTP","2025","2025","01","8","51491"
"2","509-CANALSTP","2025","2025","01","9","41829"
"2","509-CANALSTP","2025","2025","01","10","43176"
"2","509-CANALSTP","2025","2025","01","11","55666"
"2","509-CANALSTP","2025","2025","01","12","37411"
"1","869-MAGAZINESTP","2025","2025","01","1","55362"
"1","869-MAGAZINESTP","2025","2025","01","2","54843"
"1","869-MAGAZINESTP","2025","2025","01","3","53759"
"1","869-MAGAZINESTP","2025","2025","01","4","55037"
"1","869-MAGAZINESTP","2025","2025","01","5","45032"
"1","869-MAGAZINESTP","2025","2025","01","6","45812"
"1","869-MAGAZINESTP","2025","2025","01","7","46671"
"1","869-MAGAZINESTP","2025","2025","01","8","45735"
"1","869-MAGAZINESTP","2025","2025","01","9","50562"
"1","869-MAGAZINESTP","2025","2025","01","10","50482"
"1","869-MAGAZINESTP","2025","2025","01","11","51997"
"1","869-MAGAZINESTP","2025","2025","01","12","42430"
"6","6227-SCLAIBORNEAVP","2025","2025","99","1","740"
"6","6227-SCLAIBORNEAVP","2025","2025","05","1","740"
"6","6227-SCLAIBORNEAVP","2025","2025","99","2","562"
"6","6227-SCLAIBORNEAVP","2025","2025","05","2","562"
"6","6227-SCLAIBORNEAVP","2025","2025","99","3","909"
"6","6227-SCLAIBORNEAVP","2025","2025","05","3","909"
"6","6227-SCLAIBORNEAVP","2025","2025","99","4","302"
"6","6227-SCLAIBORNEAVP","2025","2025","05","4","302"
"6","6227-SCLAIBORNEAVP","2025","2025","99","5","894"
"6","6227-SCLAIBORNEAVP","2025","2025","05","5","894"
"6","6227-SCLAIBORNEAVP","2025","2025","99","6","283"
"6","6227-SCLAIBORNEAVP","2025","2025","05","6","283"
"6","6227-SCLAIBORNEAVP","2025","2025","99","7","16"
"6","6227-SCLAIBORNEAVP","2025","2025","05","7","16"
"2","601-BOURBONSTP","2025","2025","01","1","24643"
"2","601-BOURBONSTP","2025","2025","01","2","20970"
"2","601-BOURBONSTP","2025","2025","01","3","19401"
"2","601-BOURBONSTP","2025","2025","01","4","20522"
"2","601-BOURBONSTP","2025","2025","01","5","20235"
"2","601-BOURBONSTP","2025","2025","01","6","22974"
"2","601-BOURBONSTP","2025","2025","01","7","29161"
"2","601-BOURBONSTP","2025","2025","01","8","28753"
"2","601-BOURBONSTP","2025","2025","01","9","25903"
"2","601-BOURBONSTP","2025","2025","01","10","22757"
"2","601-BOURBONSTP","2025","2025","01","11","23227"
"2","601-BOURBONSTP","2025","2025","01","12","19734"
"2","337-CHARTRESSTP","2025","2025","01","1","53080"
"2","337-CHARTRESSTP","2025","2025","01","2","52901"
"2","337-CHARTRESSTP","2025","2025","01","3","52933"
"2","337-CHARTRESSTP","2025","2025","01","4","50700"
"2","337-CHARTRESSTP","2025","2025","01","5","54366"
"2","337-CHARTRESSTP","2025","2025","01","6","52125"
"2","337-CHARTRESSTP","2025","2025","01","7","48146"
"2","337-CHARTRESSTP","2025","2025","01","8","48187"
"2","337-CHARTRESSTP","2025","2025","01","9","60638"
"2","337-CHARTRESSTP","2025","2025","01","10","63159"
"2","337-CHARTRESSTP","2025","2025","01","11","68520"
"2","337-CHARTRESSTP","2025","2025","01","12","61570"
"3","3135-GENTILLYBDP","2025","2025","99","1","984"
"3","3135-GENTILLYBDP","2025","2025","05","1","984"
"3","3135-GENTILLYBDP","2025","2025","99","2","286"
"3","3135-GENTILLYBDP","2025","2025","05","2","286"
"3","3135-GENTILLYBDP","2025","2025","99","3","388"
"3","3135-GENTILLYBDP","2025","2025","05","3","388"
"3","3135-GENTILLYBDP","2025","2025","99","4","181"
"3","3135-GENTILLYBDP","2025","2025","05","4","181"
"3","3135-GENTILLYBDP","2025","2025","99","5","178"
"3","3135-GENTILLYBDP","2025","2025","05","5","178"
"3","3135-GENTILLYBDP","2025","2025","99","6","211"
"3","3135-GENTILLYBDP","2025","2025","05","6","211"
"2","619-BOURBONSTP","2025","2025","01","1","20157"
"2","619-BOURBONSTP","2025","2025","01","2","17027"
"2","619-BOURBONSTP","2025","2025","01","3","18218"
"2","619-BOURBONSTP","2025","2025","01","4","18585"
"2","619-BOURBONSTP","2025","2025","01","5","17706"
"2","619-BOURBONSTP","2025","2025","01","6","17390"
"2","619-BOURBONSTP","2025","2025","01","7","3427"
"2","619-BOURBONSTP","2025","2025","01","8","3411"
"2","619-BOURBONSTP","2025","2025","01","9","3411"
"2","619-BOURBONSTP","2025","2025","01","10","3411"
"2","619-BOURBONSTP","2025","2025","01","11","3411"
"2","619-BOURBONSTP","2025","2025","01","12","3411"
"2","601-DECATURSTP","2025","2025","01","1","33664"
"2","601-DECATURSTP","2025","2025","01","2","32483"
"2","601-DECATURSTP","2025","2025","01","3","33105"
"2","601-DECATURSTP","2025","2025","01","4","36529"
"2","601-DECATURSTP","2025","2025","01","5","31519"
"2","601-DECATURSTP","2025","2025","01","6","33396"
"2","601-DECATURSTP","2025","2025","01","7","34807"
"2","601-DECATURSTP","2025","2025","01","8","33666"
"2","601-DECATURSTP","2025","2025","01","9","35778"
"2","601-DECATURSTP","2025","2025","01","10","34526"
"2","601-DECATURSTP","2025","2025","01","11","39498"
"2","601-DECATURSTP","2025","2025","01","12","32323"
"2","441-ROYALSTP","2025","2025","01","1","42717"
"2","441-ROYALSTP","2025","2025","01","2","49115"
"2","441-ROYALSTP","2025","2025","01","3","44002"
"2","441-ROYALSTP","2025","2025","01","4","38076"
"2","441-ROYALSTP","2025","2025","01","5","34481"
"2","441-ROYALSTP","2025","2025","01","6","44351"
"2","441-ROYALSTP","2025","2025","01","7","37588"
"2","441-ROYALSTP","2025","2025","01","8","39518"
"2","441-ROYALSTP","2025","2025","01","9","40447"
"2","441-ROYALSTP","2025","2025","01","10","40332"
"2","441-ROYALSTP","2025","2025","01","11","46667"
"2","441-ROYALSTP","2025","2025","01","12","39095"
"3","8000-CROWDERBLAP","2025","2025","05","12","1434"
"2","516-BOURBONSTP","2025","2025","01","1","56638"
"2","516-BOURBONSTP","2025","2025","01","2","45297"
"2","516-BOURBONSTP","2025","2025","01","3","59269"
"2","516-BOURBONSTP","2025","2025","01","4","58151"
"2","516-BOURBONSTP","2025","2025","01","5","55460"
"2","516-BOURBONSTP","2025","2025","01","6","55687"
"2","516-BOURBONSTP","2025","2025","01","7","43211"
"2","516-BOURBONSTP","2025","2025","01","8","45005"
"2","516-BOURBONSTP","2025","2025","01","9","48357"
"2","516-BOURBONSTP","2025","2025","01","10","68325"
"2","516-BOURBONSTP","2025","2025","01","11","104902"
"2","516-BOURBONSTP","2025","2025","01","12","105535"
"2","216-BOURBONSTP","2025","2025","01","1","27884"
"2","216-BOURBONSTP","2025","2025","01","2","23040"
"2","216-BOURBONSTP","2025","2025","01","3","24671"
"2","216-BOURBONSTP","2025","2025","01","4","25593"
"2","216-BOURBONSTP","2025","2025","01","5","27558"
"2","216-BOURBONSTP","2025","2025","01","6","23194"
"2","216-BOURBONSTP","2025","2025","01","7","22303"
"2","216-BOURBONSTP","2025","2025","01","8","19746"
"2","216-BOURBONSTP","2025","2025","01","9","25914"
"2","216-BOURBONSTP","2025","2025","01","10","24913"
"2","216-BOURBONSTP","2025","2025","01","11","26300"
"2","216-BOURBONSTP","2025","2025","01","12","24236"
"2","440-CHARTRESSTP","2025","2025","01","1","25684"
"2","440-CHARTRESSTP","2025","2025","01","2","25149"
"2","440-CHARTRESSTP","2025","2025","01","3","22109"
"2","440-CHARTRESSTP","2025","2025","01","4","23383"
"2","440-CHARTRESSTP","2025","2025","01","5","23630"
"2","440-CHARTRESSTP","2025","2025","01","6","24192"
"2","440-CHARTRESSTP","2025","2025","01","7","27265"
"2","440-CHARTRESSTP","2025","2025","01","8","26214"
"2","440-CHARTRESSTP","2025","2025","01","9","27334"
"2","440-CHARTRESSTP","2025","2025","01","10","30439"
"2","440-CHARTRESSTP","2025","2025","01","11","30187"
"2","440-CHARTRESSTP","2025","2025","01","12","28899"
"2","409-DECATURSTP","2025","2025","01","1","22617"
"2","409-DECATURSTP","2025","2025","01","2","22073"
"2","409-DECATURSTP","2025","2025","01","3","20290"
"2","409-DECATURSTP","2025","2025","01","4","21264"
"2","409-DECATURSTP","2025","2025","01","5","21927"
"2","409-DECATURSTP","2025","2025","01","6","18108"
"2","409-DECATURSTP","2025","2025","01","7","19773"
"2","409-DECATURSTP","2025","2025","01","8","18844"
"2","409-DECATURSTP","2025","2025","01","9","21872"
"2","409-DECATURSTP","2025","2025","01","10","17380"
"2","409-DECATURSTP","2025","2025","01","11","15015"
"2","409-DECATURSTP","2025","2025","01","12","17869"
"2","407-BOURBONST010P","2025","2025","01","1","12210"
"2","407-BOURBONST010P","2025","2025","01","2","13327"
"2","407-BOURBONST010P","2025","2025","01","3","12539"
"2","407-BOURBONST010P","2025","2025","01","4","13315"
"2","407-BOURBONST010P","2025","2025","01","5","11794"
"2","407-BOURBONST010P","2025","2025","01","6","11625"
"2","407-BOURBONST010P","2025","2025","01","7","10222"
"2","407-BOURBONST010P","2025","2025","01","8","9597"
"2","407-BOURBONST010P","2025","2025","01","9","10609"
"2","407-BOURBONST010P","2025","2025","01","10","9698"
"2","407-BOURBONST010P","2025","2025","01","11","13133"
"2","407-BOURBONST010P","2025","2025","01","12","10729"
"2","617-DECATURSTP","2025","2025","01","1","21675"
"2","617-DECATURSTP","2025","2025","01","2","18887"
"2","617-DECATURSTP","2025","2025","01","3","18850"
"2","617-DECATURSTP","2025","2025","01","4","17979"
"2","617-DECATURSTP","2025","2025","01","5","19122"
"2","617-DECATURSTP","2025","2025","01","6","14184"
"2","617-DECATURSTP","2025","2025","01","7","15614"
"2","617-DECATURSTP","2025","2025","01","8","16864"
"2","617-DECATURSTP","2025","2025","01","9","14889"
"2","617-DECATURSTP","2025","2025","01","10","13220"
"2","617-DECATURSTP","2025","2025","01","11","17193"
"2","617-DECATURSTP","2025","2025","01","12","16741"
"2","533-DECATURSTP","2025","2025","01","1","19638"
"2","533-DECATURSTP","2025","2025","01","2","19332"
"2","533-DECATURSTP","2025","2025","01","3","19121"
"2","533-DECATURSTP","2025","2025","01","4","19496"
"2","533-DECATURSTP","2025","2025","01","5","19803"
"2","533-DECATURSTP","2025","2025","01","6","19043"
"2","533-DECATURSTP","2025","2025","01","7","18669"
"2","533-DECATURSTP","2025","2025","01","8","18742"
"2","533-DECATURSTP","2025","2025","01","9","19360"
"2","533-DECATURSTP","2025","2025","01","10","19558"
"2","533-DECATURSTP","2025","2025","01","11","19991"
"2","533-DECATURSTP","2025","2025","01","12","20001"
"2","914-NPETERSSTP","2025","2025","01","1","22089"
"2","914-NPETERSSTP","2025","2025","01","2","24963"
"2","914-NPETERSSTP","2025","2025","01","3","26325"
"2","914-NPETERSSTP","2025","2025","01","4","22608"
"2","914-NPETERSSTP","2025","2025","01","5","21247"
"2","914-NPETERSSTP","2025","2025","01","6","19758"
"2","914-NPETERSSTP","2025","2025","01","7","17406"
"2","914-NPETERSSTP","2025","2025","01","8","16303"
"2","914-NPETERSSTP","2025","2025","01","9","8791"
"2","914-NPETERSSTP","2025","2025","01","10","20953"
"2","914-NPETERSSTP","2025","2025","01","11","49430"
"2","914-NPETERSSTP","2025","2025","01","12","25293"
"1","704-CANALSTP","2025","2025","01","1","5113"
"1","704-CANALSTP","2025","2025","01","2","4998"
"1","704-CANALSTP","2025","2025","01","3","5116"
"1","704-CANALSTP","2025","2025","01","4","5996"
"1","704-CANALSTP","2025","2025","01","5","5715"
"1","704-CANALSTP","2025","2025","01","6","5128"
"1","704-CANALSTP","2025","2025","01","7","5741"
"1","704-CANALSTP","2025","2025","01","8","4996"
"1","704-CANALSTP","2025","2025","01","9","3719"
"1","704-CANALSTP","2025","2025","01","10","3875"
"1","704-CANALSTP","2025","2025","01","11","4202"
"1","704-CANALSTP","2025","2025","01","12","5796"
"2","501-BOURBONSTP","2025","2025","01","1","25008"
"2","501-BOURBONSTP","2025","2025","01","2","22795"
"2","501-BOURBONSTP","2025","2025","01","3","24423"
"2","501-BOURBONSTP","2025","2025","01","4","25788"
"2","501-BOURBONSTP","2025","2025","01","5","27059"
"2","501-BOURBONSTP","2025","2025","01","6","22137"
"2","501-BOURBONSTP","2025","2025","01","7","21686"
"2","501-BOURBONSTP","2025","2025","01","8","19677"
"2","501-BOURBONSTP","2025","2025","01","9","20042"
"2","501-BOURBONSTP","2025","2025","01","10","17708"
"2","501-BOURBONSTP","2025","2025","01","11","18441"
"2","501-BOURBONSTP","2025","2025","01","12","18988"
"1","755-TCHOUPITOULASSTP","2025","2025","01","1","22680"
"1","755-TCHOUPITOULASSTP","2025","2025","01","2","20610"
"1","755-TCHOUPITOULASSTP","2025","2025","01","3","17692"
"1","755-TCHOUPITOULASSTP","2025","2025","01","4","23207"
"1","755-TCHOUPITOULASSTP","2025","2025","01","5","15383"
"1","755-TCHOUPITOULASSTP","2025","2025","01","6","22197"
"1","755-TCHOUPITOULASSTP","2025","2025","01","7","19523"
"1","755-TCHOUPITOULASSTP","2025","2025","01","8","17461"
"1","755-TCHOUPITOULASSTP","2025","2025","01","9","17455"
"1","755-TCHOUPITOULASSTP","2025","2025","01","10","23857"
"1","755-TCHOUPITOULASSTP","2025","2025","01","11","20696"
"1","755-TCHOUPITOULASSTP","2025","2025","01","12","26626"
"2","3801-CANALST030P","2025","2025","01","5","1110"
"2","3801-CANALST030P","2025","2025","02","5","1945"
"1","701-SPETERSST100P","2025","2025","02","1","2000"
"1","701-SPETERSST100P","2025","2025","02","2","3000"
"1","701-SPETERSST100P","2025","2025","02","3","3000"
"1","701-SPETERSST100P","2025","2025","02","4","4000"
"1","701-SPETERSST100P","2025","2025","02","5","4000"
"1","701-SPETERSST100P","2025","2025","02","6","3000"
"1","701-SPETERSST100P","2025","2025","02","7","3000"
"1","701-SPETERSST100P","2025","2025","02","8","2000"
"1","701-SPETERSST100P","2025","2025","02","9","2000"
"1","701-SPETERSST100P","2025","2025","02","10","3000"
"1","701-SPETERSST100P","2025","2025","02","11","2000"
"1","701-SPETERSST100P","2025","2025","02","12","2000"
"2","508-TOULOUSESTP","2025","2025","02","1","3000"
"2","508-TOULOUSESTP","2025","2025","02","2","4000"
"2","508-TOULOUSESTP","2025","2025","02","3","5000"
"2","508-TOULOUSESTP","2025","2025","02","4","5000"
"2","508-TOULOUSESTP","2025","2025","02","5","5000"
"2","508-TOULOUSESTP","2025","2025","02","6","3000"
"2","508-TOULOUSESTP","2025","2025","02","7","3000"
"2","508-TOULOUSESTP","2025","2025","02","8","3000"
"2","508-TOULOUSESTP","2025","2025","02","9","4000"
"2","508-TOULOUSESTP","2025","2025","02","10","5000"
"2","508-TOULOUSESTP","2025","2025","02","11","4000"
"2","508-TOULOUSESTP","2025","2025","02","12","3000"
"2","5151-CANALBDP","2025","2025","01","4","15358"
"2","5151-CANALBDP","2025","2025","01","5","13079"
"2","5151-CANALBDP","2025","2025","01","6","16972"
"2","5151-CANALBDP","2025","2025","01","7","12815"
"2","5151-CANALBDP","2025","2025","01","8","11351"
"2","5151-CANALBDP","2025","2025","05","8","15"
"2","5151-CANALBDP","2025","2025","01","9","14024"
"2","5151-CANALBDP","2025","2025","05","9","21"
"2","5151-CANALBDP","2025","2025","01","10","16821"
"2","5151-CANALBDP","2025","2025","05","10","20"
"2","5151-CANALBDP","2025","2025","01","11","17357"
"2","5151-CANALBDP","2025","2025","05","11","24"
"2","5151-CANALBDP","2025","2025","01","12","14480"
"2","5151-CANALBDP","2025","2025","05","12","19"
"2","819-CONTISTP","2025","2025","01","1","146328"
"2","819-CONTISTP","2025","2025","01","2","152449"
"2","819-CONTISTP","2025","2025","01","3","165410"
"2","819-CONTISTP","2025","2025","01","4","155725"
"2","819-CONTISTP","2025","2025","01","5","172026"
"2","819-CONTISTP","2025","2025","01","6","166299"
"2","819-CONTISTP","2025","2025","01","7","159582"
"2","819-CONTISTP","2025","2025","01","8","162433"
"2","819-CONTISTP","2025","2025","01","9","168136"
"2","819-CONTISTP","2025","2025","01","10","186052"
"2","819-CONTISTP","2025","2025","01","11","177485"
"2","819-CONTISTP","2025","2025","01","12","78457"
"1","635-SROMANSTP","2025","2025","01","1","4998"
"1","635-SROMANSTP","2025","2025","01","2","4716"
"1","635-SROMANSTP","2025","2025","01","3","4891"
"1","635-SROMANSTP","2025","2025","01","4","4913"
"1","635-SROMANSTP","2025","2025","01","5","4976"
"1","635-SROMANSTP","2025","2025","01","6","5110"
"1","635-SROMANSTP","2025","2025","01","7","5002"
"1","635-SROMANSTP","2025","2025","01","8","5120"
"1","635-SROMANSTP","2025","2025","01","9","4784"
"1","635-SROMANSTP","2025","2025","01","10","4843"
"1","635-SROMANSTP","2025","2025","01","11","4941"
"1","635-SROMANSTP","2025","2025","01","12","5113"
"2","333-ROYALSTP","2025","2025","99","1","448570"
"4","2701-SBROADSTP","2025","2025","01","1","3000"
"4","2701-SBROADSTP","2025","2025","01","12","3000"
"1","750-STCHARLESAVP","2025","2025","01","1","12100"
"1","750-STCHARLESAVP","2025","2025","02","1","230794"
"1","750-STCHARLESAVP","2025","2025","04","1","23693"
"1","750-STCHARLESAVP","2025","2025","05","1","4664"
"1","750-STCHARLESAVP","2025","2025","01","2","99702"
"1","750-STCHARLESAVP","2025","2025","02","2","210014"
"1","750-STCHARLESAVP","2025","2025","04","2","31927"
"1","750-STCHARLESAVP","2025","2025","05","2","3966"
"1","750-STCHARLESAVP","2025","2025","01","3","90588"
"1","750-STCHARLESAVP","2025","2025","02","3","205388"
"1","750-STCHARLESAVP","2025","2025","04","3","28354"
"1","750-STCHARLESAVP","2025","2025","05","3","3592"
"1","750-STCHARLESAVP","2025","2025","01","4","88901"
"1","750-STCHARLESAVP","2025","2025","02","4","273415"
"1","750-STCHARLESAVP","2025","2025","04","4","25122"
"1","750-STCHARLESAVP","2025","2025","05","4","5364"
"1","750-STCHARLESAVP","2025","2025","01","5","95259"
"1","750-STCHARLESAVP","2025","2025","02","5","250116"
"1","750-STCHARLESAVP","2025","2025","04","5","36614"
"1","750-STCHARLESAVP","2025","2025","05","5","5314"
"1","750-STCHARLESAVP","2025","2025","01","6","127512"
"1","750-STCHARLESAVP","2025","2025","02","6","254133"
"1","750-STCHARLESAVP","2025","2025","04","6","43506"
"1","750-STCHARLESAVP","2025","2025","05","6","10577"
"1","750-STCHARLESAVP","2025","2025","01","7","117830"
"1","750-STCHARLESAVP","2025","2025","02","7","271262"
"1","750-STCHARLESAVP","2025","2025","04","7","53694"
"1","750-STCHARLESAVP","2025","2025","05","7","10176"
"1","750-STCHARLESAVP","2025","2025","01","8","102905"
"1","750-STCHARLESAVP","2025","2025","02","8","182168"
"1","750-STCHARLESAVP","2025","2025","04","8","39343"
"1","750-STCHARLESAVP","2025","2025","05","8","9465"
"1","750-STCHARLESAVP","2025","2025","01","9","108744"
"1","750-STCHARLESAVP","2025","2025","02","9","179865"
"1","750-STCHARLESAVP","2025","2025","04","9","33160"
"1","750-STCHARLESAVP","2025","2025","05","9","19782"
"1","750-STCHARLESAVP","2025","2025","01","10","109908"
"1","750-STCHARLESAVP","2025","2025","02","10","205842"
"1","750-STCHARLESAVP","2025","2025","04","10","23236"
"1","750-STCHARLESAVP","2025","2025","05","10","42070"
"1","750-STCHARLESAVP","2025","2025","01","11","122003"
"1","750-STCHARLESAVP","2025","2025","02","11","223595"
"1","750-STCHARLESAVP","2025","2025","04","11","18389"
"1","750-STCHARLESAVP","2025","2025","05","11","38422"
"1","750-STCHARLESAVP","2025","2025","01","12","117084"
"1","750-STCHARLESAVP","2025","2025","02","12","201998"
"1","750-STCHARLESAVP","2025","2025","04","12","18373"
"1","750-STCHARLESAVP","2025","2025","05","12","29167"
"3","6142-STCLAUDEAVP","2025","2025","99","1","300"
"4","1824-FELICITYSTP","2025","2025","05","1","1592"
"4","1824-FELICITYSTP","2025","2025","01","2","1158"
"4","1824-FELICITYSTP","2025","2025","05","2","2225"
"4","1824-FELICITYSTP","2025","2025","01","3","9586"
"4","1824-FELICITYSTP","2025","2025","01","4","60000"
"4","1824-FELICITYSTP","2025","2025","05","4","3711"
"4","1824-FELICITYSTP","2025","2025","05","5","2098"
"4","1824-FELICITYSTP","2025","2025","05","6","491"
"4","1824-FELICITYSTP","2025","2025","05","7","491"
"4","1824-FELICITYSTP","2025","2025","01","8","107"
"4","1824-FELICITYSTP","2025","2025","05","8","6882"
"4","1824-FELICITYSTP","2025","2025","01","9","306"
"4","1824-FELICITYSTP","2025","2025","05","9","8963"
"4","1824-FELICITYSTP","2025","2025","01","10","12868"
"4","1824-FELICITYSTP","2025","2025","05","10","4029"
"4","1824-FELICITYSTP","2025","2025","01","11","5706"
"4","1824-FELICITYSTP","2025","2025","05","11","2601"
"4","1824-FELICITYSTP","2025","2025","05","12","1162"
"6","3600-PRYTANIAST48P","2025","2025","01","1","1000"
"6","3600-PRYTANIAST48P","2025","2025","01","2","1000"
"6","3600-PRYTANIAST48P","2025","2025","01","3","1000"
"6","3600-PRYTANIAST48P","2025","2025","01","4","1000"
"6","3600-PRYTANIAST48P","2025","2025","01","5","1000"
"6","3600-PRYTANIAST48P","2025","2025","01","6","1000"
"6","3600-PRYTANIAST48P","2025","2025","01","7","1000"
"6","3600-PRYTANIAST48P","2025","2025","01","8","1000"
"6","3600-PRYTANIAST48P","2025","2025","01","9","1000"
"6","3600-PRYTANIAST48P","2025","2025","01","10","1000"
"6","3600-PRYTANIAST48P","2025","2025","01","11","1000"
"6","3600-PRYTANIAST48P","2025","2025","01","12","1000"
"7","5024-PONTCHARTRAINBDP","2025","2025","01","1","160218"
"7","5024-PONTCHARTRAINBDP","2025","2025","02","1","56832"
"7","5024-PONTCHARTRAINBDP","2025","2025","04","1","69522"
"7","5024-PONTCHARTRAINBDP","2025","2025","01","2","210181"
"7","5024-PONTCHARTRAINBDP","2025","2025","02","2","51741"
"7","5024-PONTCHARTRAINBDP","2025","2025","04","2","67642"
"7","5024-PONTCHARTRAINBDP","2025","2025","01","3","205676"
"7","5024-PONTCHARTRAINBDP","2025","2025","02","3","50637"
"7","5024-PONTCHARTRAINBDP","2025","2025","04","3","72778"
"7","5024-PONTCHARTRAINBDP","2025","2025","01","4","172828"
"7","5024-PONTCHARTRAINBDP","2025","2025","02","4","54550"
"7","5024-PONTCHARTRAINBDP","2025","2025","04","4","74340"
"7","5024-PONTCHARTRAINBDP","2025","2025","01","5","188382"
"7","5024-PONTCHARTRAINBDP","2025","2025","02","5","57334"
"7","5024-PONTCHARTRAINBDP","2025","2025","04","5","79806"
"7","5024-PONTCHARTRAINBDP","2025","2025","01","6","176448"
"7","5024-PONTCHARTRAINBDP","2025","2025","02","6","57372"
"7","5024-PONTCHARTRAINBDP","2025","2025","04","6","76359"
"7","5024-PONTCHARTRAINBDP","2025","2025","01","7","170678"
"7","5024-PONTCHARTRAINBDP","2025","2025","02","7","51688"
"7","5024-PONTCHARTRAINBDP","2025","2025","04","7","65235"
"7","5024-PONTCHARTRAINBDP","2025","2025","01","8","169105"
"7","5024-PONTCHARTRAINBDP","2025","2025","02","8","54850"
"7","5024-PONTCHARTRAINBDP","2025","2025","04","8","69586"
"7","5024-PONTCHARTRAINBDP","2025","2025","01","9","170692"
"7","5024-PONTCHARTRAINBDP","2025","2025","02","9","55525"
"7","5024-PONTCHARTRAINBDP","2025","2025","04","9","67082"
"7","5024-PONTCHARTRAINBDP","2025","2025","01","10","161395"
"7","5024-PONTCHARTRAINBDP","2025","2025","02","10","51611"
"7","5024-PONTCHARTRAINBDP","2025","2025","04","10","68206"
"7","5024-PONTCHARTRAINBDP","2025","2025","01","11","167203"
"7","5024-PONTCHARTRAINBDP","2025","2025","02","11","55105"
"7","5024-PONTCHARTRAINBDP","2025","2025","04","11","77334"
"7","5024-PONTCHARTRAINBDP","2025","2025","01","12","139332"
"7","5024-PONTCHARTRAINBDP","2025","2025","02","12","52806"
"7","5024-PONTCHARTRAINBDP","2025","2025","04","12","72717"
"3","8460-MORRISONRDBP","2025","2025","05","1","500"
"3","8460-MORRISONRDBP","2025","2025","05","3","500"
"3","8460-MORRISONRDBP","2025","2025","05","4","500"
"3","8460-MORRISONRDBP","2025","2025","05","5","500"
"3","8460-MORRISONRDBP","2025","2025","05","6","500"
"3","8460-MORRISONRDBP","2025","2025","05","7","500"
"3","8460-MORRISONRDBP","2025","2025","05","8","500"
"3","8460-MORRISONRDBP","2025","2025","05","9","500"
"3","8460-MORRISONRDBP","2025","2025","05","10","500"
"3","8460-MORRISONRDBP","2025","2025","05","11","500"
"3","8460-MORRISONRDBP","2025","2025","05","12","500"
"3","6100-HAMBURGSTP","2025","2025","05","6","867"
"3","6100-HAMBURGSTP","2025","2025","05","7","835"
"3","6100-HAMBURGSTP","2025","2025","05","8","748"
"3","6100-HAMBURGSTP","2025","2025","05","9","849"
"3","6100-HAMBURGSTP","2025","2025","05","10","781"
"3","6100-HAMBURGSTP","2025","2025","05","11","837"
"3","6100-HAMBURGSTP","2025","2025","05","12","891"
"3","8460-MORRISONRDP","2025","2025","05","1","1"
"5","6445-ISADORESTP","2025","2025","01","1","5675"
"5","6445-ISADORESTP","2025","2025","01","2","5230"
"5","6445-ISADORESTP","2025","2025","01","3","4820"
"5","6445-ISADORESTP","2025","2025","01","4","5635"
"5","6445-ISADORESTP","2025","2025","01","5","5165"
"5","6445-ISADORESTP","2025","2025","01","6","4928"
"5","6445-ISADORESTP","2025","2025","01","7","5312"
"5","6445-ISADORESTP","2025","2025","01","8","4775"
"5","6445-ISADORESTP","2025","2025","01","9","5345"
"5","6445-ISADORESTP","2025","2025","01","10","5625"
"5","6445-ISADORESTP","2025","2025","01","11","5540"
"5","6445-ISADORESTP","2025","2025","01","12","5235"
"3","6100-NCLAIBORNEAV1P","2025","2025","01","1","87000"
"3","6100-NCLAIBORNEAV1P","2025","2025","01","2","87000"
"3","6100-NCLAIBORNEAV1P","2025","2025","01","3","87000"
"3","6100-NCLAIBORNEAV1P","2025","2025","01","4","87000"
"3","6100-NCLAIBORNEAV1P","2025","2025","01","5","87000"
"3","6100-NCLAIBORNEAV1P","2025","2025","01","6","87000"
"3","6100-NCLAIBORNEAV1P","2025","2025","01","7","87000"
"3","6100-NCLAIBORNEAV1P","2025","2025","01","8","87000"
"3","6100-NCLAIBORNEAV1P","2025","2025","01","9","87000"
"3","6100-NCLAIBORNEAV1P","2025","2025","01","10","87000"
"3","6100-NCLAIBORNEAV1P","2025","2025","01","11","87000"
"3","6100-NCLAIBORNEAV1P","2025","2025","01","12","87000"
"6","4112-MAGAZINESTP","2025","2025","01","1","103225"
"6","4112-MAGAZINESTP","2025","2025","01","12","122077"
"3","5790-CROWDERBDP","2025","2025","01","1","30255"
"3","5790-CROWDERBDP","2025","2025","01","2","31375"
"3","5790-CROWDERBDP","2025","2025","01","3","33500"
"3","5790-CROWDERBDP","2025","2025","01","4","35650"
"3","5790-CROWDERBDP","2025","2025","01","5","37725"
"3","5790-CROWDERBDP","2025","2025","01","6","38500"
"3","5790-CROWDERBDP","2025","2025","01","7","39700"
"3","5790-CROWDERBDP","2025","2025","01","8","40210"
"3","5790-CROWDERBDP","2025","2025","01","9","38650"
"3","5790-CROWDERBDP","2025","2025","01","10","37500"
"3","5790-CROWDERBDP","2025","2025","01","11","36225"
"3","5790-CROWDERBDP","2025","2025","01","12","35150"
"2","810-DECATURSTP","2025","2025","01","1","135732"
"2","810-DECATURSTP","2025","2025","02","1","958"
"2","810-DECATURSTP","2025","2025","04","1","4373"
"2","810-DECATURSTP","2025","2025","01","2","132920"
"2","810-DECATURSTP","2025","2025","02","2","1651"
"2","810-DECATURSTP","2025","2025","04","2","5505"
"2","810-DECATURSTP","2025","2025","01","3","148164"
"2","810-DECATURSTP","2025","2025","02","3","1004"
"2","810-DECATURSTP","2025","2025","04","3","4531"
"2","810-DECATURSTP","2025","2025","01","4","141797"
"2","810-DECATURSTP","2025","2025","02","4","752"
"2","810-DECATURSTP","2025","2025","04","4","4488"
"2","810-DECATURSTP","2025","2025","01","5","152057"
"2","810-DECATURSTP","2025","2025","02","5","1417"
"2","810-DECATURSTP","2025","2025","04","5","3978"
"2","810-DECATURSTP","2025","2025","01","6","160095"
"2","810-DECATURSTP","2025","2025","02","6","1592"
"2","810-DECATURSTP","2025","2025","04","6","5403"
"2","810-DECATURSTP","2025","2025","01","7","154515"
"2","810-DECATURSTP","2025","2025","02","7","308"
"2","810-DECATURSTP","2025","2025","04","7","4367"
"2","810-DECATURSTP","2025","2025","01","8","130779"
"2","810-DECATURSTP","2025","2025","02","8","2087"
"2","810-DECATURSTP","2025","2025","04","8","3546"
"2","810-DECATURSTP","2025","2025","01","9","137118"
"2","810-DECATURSTP","2025","2025","02","9","1156"
"2","810-DECATURSTP","2025","2025","04","9","3926"
"2","810-DECATURSTP","2025","2025","01","10","146204"
"2","810-DECATURSTP","2025","2025","02","10","586"
"2","810-DECATURSTP","2025","2025","04","10","4656"
"2","810-DECATURSTP","2025","2025","01","11","158056"
"2","810-DECATURSTP","2025","2025","02","11","227"
"2","810-DECATURSTP","2025","2025","04","11","3850"
"2","810-DECATURSTP","2025","2025","01","12","151334"
"2","810-DECATURSTP","2025","2025","02","12","450"
"2","810-DECATURSTP","2025","2025","04","12","2986"
"1","909-POYDRASSTP","2025","2025","05","12","900"
"2","5331-CANALBDP","2025","2025","01","12","125957"
"1","600-CARONDELETST130P","2025","2025","01","1","11065"
"1","600-CARONDELETST130P","2025","2025","01","2","8250"
"1","600-CARONDELETST130P","2025","2025","01","3","29000"
"1","600-CARONDELETST130P","2025","2025","01","4","25000"
"1","600-CARONDELETST130P","2025","2025","01","5","18000"
"1","600-CARONDELETST130P","2025","2025","01","6","15000"
"1","600-CARONDELETST130P","2025","2025","01","7","13450"
"1","600-CARONDELETST130P","2025","2025","01","8","9600"
"1","600-CARONDELETST130P","2025","2025","01","9","14560"
"1","600-CARONDELETST130P","2025","2025","01","10","26500"
"1","600-CARONDELETST130P","2025","2025","01","11","20400"
"1","600-CARONDELETST130P","2025","2025","01","12","15500"
"2","730-ORLEANSSTP","2025","2025","01","1","3384"
"2","730-ORLEANSSTP","2025","2025","01","2","7090"
"2","730-ORLEANSSTP","2025","2025","01","3","12577"
"2","730-ORLEANSSTP","2025","2025","01","4","9319"
"2","730-ORLEANSSTP","2025","2025","01","5","12222"
"2","730-ORLEANSSTP","2025","2025","01","6","10362"
"2","730-ORLEANSSTP","2025","2025","01","7","5788"
"2","730-ORLEANSSTP","2025","2025","01","8","12954"
"2","730-ORLEANSSTP","2025","2025","01","9","3946"
"2","730-ORLEANSSTP","2025","2025","01","10","4235"
"2","730-ORLEANSSTP","2025","2025","01","11","7466"
"2","730-ORLEANSSTP","2025","2025","01","12","8285"
"2","3494-ESPLANADEAV01P","2025","2025","04","1","29486"
"2","3494-ESPLANADEAV01P","2025","2025","04","7","24199"
"2","3494-ESPLANADEAV01P","2025","2025","04","12","22765"
"7","9201-AIRLINEHWAP","2025","2025","04","1","34012"
"7","9201-AIRLINEHWAP","2025","2025","04","7","35177"
"7","9201-AIRLINEHWAP","2025","2025","04","12","41861"
"3","1100-FRANKLINAVP","2025","2025","04","1","29214"
"3","1100-FRANKLINAVP","2025","2025","04","7","31047"
"3","1100-FRANKLINAVP","2025","2025","04","12","29613"
"3","2035-GENTILLYBD1P","2025","2025","04","1","40467"
"3","2035-GENTILLYBD1P","2025","2025","04","7","32802"
"3","2035-GENTILLYBD1P","2025","2025","04","12","26099"
"1","3327-TULANEAV01P","2025","2025","04","1","21908"
"1","3327-TULANEAV01P","2025","2025","04","7","22607"
"1","3327-TULANEAV01P","2025","2025","04","12","25461"
"2","4701-CANALST010P","2025","2025","04","1","32561"
"2","4701-CANALST010P","2025","2025","04","7","23951"
"2","4701-CANALST010P","2025","2025","04","12","27084"
"5","5101-GENDEGAULLEDRP","2025","2025","01","1","42000"
"5","5101-GENDEGAULLEDRP","2025","2025","01","2","42000"
"5","5101-GENDEGAULLEDRP","2025","2025","01","3","42000"
"5","5101-GENDEGAULLEDRP","2025","2025","01","4","42000"
"5","5101-GENDEGAULLEDRP","2025","2025","01","5","42000"
"5","5101-GENDEGAULLEDRP","2025","2025","01","6","42000"
"5","5101-GENDEGAULLEDRP","2025","2025","01","7","42000"
"5","5101-GENDEGAULLEDRP","2025","2025","01","8","42000"
"5","5101-GENDEGAULLEDRP","2025","2025","01","9","42000"
"5","5101-GENDEGAULLEDRP","2025","2025","01","10","42000"
"5","5101-GENDEGAULLEDRP","2025","2025","01","11","42000"
"5","5101-GENDEGAULLEDRP","2025","2025","01","12","42000"
"1","1667-TCHOUPITOULASSTP","2025","2025","04","1","36250"
"1","1667-TCHOUPITOULASSTP","2025","2025","04","7","37319"
"1","1667-TCHOUPITOULASSTP","2025","2025","04","12","30069"
"5","3600-GENDEGAULLEDRP","2025","2025","05","1","3000"
"5","3600-GENDEGAULLEDRP","2025","2025","05","2","3000"
"5","3600-GENDEGAULLEDRP","2025","2025","05","3","3000"
"5","3600-GENDEGAULLEDRP","2025","2025","05","4","3000"
"5","3600-GENDEGAULLEDRP","2025","2025","05","5","3000"
"5","3600-GENDEGAULLEDRP","2025","2025","05","6","3000"
"5","3600-GENDEGAULLEDRP","2025","2025","05","7","3000"
"5","3600-GENDEGAULLEDRP","2025","2025","05","8","3000"
"5","3600-GENDEGAULLEDRP","2025","2025","05","9","3000"
"5","3600-GENDEGAULLEDRP","2025","2025","05","10","3000"
"5","3600-GENDEGAULLEDRP","2025","2025","05","11","3000"
"5","3600-GENDEGAULLEDRP","2025","2025","05","12","3000"
"5","3600-GENDEGAULLEDRP","2025","2025","01","1","300"
"5","3600-GENDEGAULLEDRP","2025","2025","01","2","300"
"5","3600-GENDEGAULLEDRP","2025","2025","01","3","300"
"5","3600-GENDEGAULLEDRP","2025","2025","01","4","300"
"5","3600-GENDEGAULLEDRP","2025","2025","01","5","300"
"5","3600-GENDEGAULLEDRP","2025","2025","01","6","300"
"5","3600-GENDEGAULLEDRP","2025","2025","01","7","300"
"5","3600-GENDEGAULLEDRP","2025","2025","01","8","300"
"5","3600-GENDEGAULLEDRP","2025","2025","01","9","300"
"5","3600-GENDEGAULLEDRP","2025","2025","01","10","300"
"5","3600-GENDEGAULLEDRP","2025","2025","01","11","300"
"5","3600-GENDEGAULLEDRP","2025","2025","01","12","300"
"2","470-FRENCHMRKTVENDORSP","2025","2025","01","1","2721"
"2","470-FRENCHMRKTVENDORSP","2025","2025","01","2","1243"
"2","470-FRENCHMRKTVENDORSP","2025","2025","01","3","4482"
"2","470-FRENCHMRKTVENDORSP","2025","2025","01","4","5751"
"2","470-FRENCHMRKTVENDORSP","2025","2025","01","5","7735"
"2","470-FRENCHMRKTVENDORSP","2025","2025","01","6","4213"
"2","470-FRENCHMRKTVENDORSP","2025","2025","01","7","731"
"2","470-FRENCHMRKTVENDORSP","2025","2025","01","8","1774"
"2","470-FRENCHMRKTVENDORSP","2025","2025","01","10","565"
"2","470-FRENCHMRKTVENDORSP","2025","2025","01","11","4085"
"1","342-SBROADSTP","2025","2025","01","1","8415"
"1","342-SBROADSTP","2025","2025","01","2","8650"
"1","342-SBROADSTP","2025","2025","01","3","8990"
"1","342-SBROADSTP","2025","2025","01","4","9410"
"1","342-SBROADSTP","2025","2025","01","5","9260"
"1","342-SBROADSTP","2025","2025","01","6","8780"
"1","342-SBROADSTP","2025","2025","01","7","8530"
"1","342-SBROADSTP","2025","2025","01","8","8320"
"1","342-SBROADSTP","2025","2025","01","9","8845"
"1","342-SBROADSTP","2025","2025","01","10","9520"
"1","342-SBROADSTP","2025","2025","01","11","9775"
"1","342-SBROADSTP","2025","2025","01","12","10625"
"6","2511-JENASTP","2025","2025","01","1","1062"
"6","2511-JENASTP","2025","2025","01","2","1062"
"6","2511-JENASTP","2025","2025","01","3","1062"
"6","2511-JENASTP","2025","2025","01","4","1062"
"6","2511-JENASTP","2025","2025","01","5","1062"
"6","2511-JENASTP","2025","2025","01","6","1062"
"6","2511-JENASTP","2025","2025","01","7","1062"
"6","2511-JENASTP","2025","2025","01","8","1062"
"6","2511-JENASTP","2025","2025","01","9","1062"
"6","2511-JENASTP","2025","2025","01","10","1062"
"6","2511-JENASTP","2025","2025","01","11","1062"
"6","2511-JENASTP","2025","2025","01","12","1062"
"1","2-POYDRASST02P","2025","2025","01","1","1200"
"1","2-POYDRASST02P","2025","2025","01","2","1200"
"1","2-POYDRASST02P","2025","2025","01","3","1200"
"1","2-POYDRASST02P","2025","2025","01","4","1200"
"1","2-POYDRASST02P","2025","2025","01","5","1200"
"1","2-POYDRASST02P","2025","2025","01","6","1200"
"1","2-POYDRASST02P","2025","2025","01","7","1200"
"1","2-POYDRASST02P","2025","2025","01","8","1200"
"1","2-POYDRASST02P","2025","2025","01","9","1200"
"1","2-POYDRASST02P","2025","2025","01","10","1200"
"1","2-POYDRASST02P","2025","2025","01","11","1200"
"1","2-POYDRASST02P","2025","2025","01","12","1200"
"1","338-LAFAYETTESTP","2025","2025","04","1","1500"
"1","338-LAFAYETTESTP","2025","2025","04","2","1500"
"1","338-LAFAYETTESTP","2025","2025","04","3","1500"
"1","338-LAFAYETTESTP","2025","2025","04","4","1500"
"1","338-LAFAYETTESTP","2025","2025","04","5","1500"
"1","338-LAFAYETTESTP","2025","2025","04","6","1500"
"1","338-LAFAYETTESTP","2025","2025","04","7","1500"
"1","338-LAFAYETTESTP","2025","2025","04","8","1500"
"1","338-LAFAYETTESTP","2025","2025","04","9","1500"
"1","338-LAFAYETTESTP","2025","2025","04","10","1500"
"1","338-LAFAYETTESTP","2025","2025","04","11","1500"
"1","338-LAFAYETTESTP","2025","2025","04","12","1500"
"1","201-STCHARLESAV220P","2025","2025","01","1","650"
"1","201-STCHARLESAV220P","2025","2025","02","1","350"
"1","201-STCHARLESAV220P","2025","2025","05","1","100"
"1","201-STCHARLESAV220P","2025","2025","01","2","1200"
"1","201-STCHARLESAV220P","2025","2025","02","2","350"
"1","201-STCHARLESAV220P","2025","2025","05","2","100"
"1","201-STCHARLESAV220P","2025","2025","01","3","1200"
"1","201-STCHARLESAV220P","2025","2025","02","3","350"
"1","201-STCHARLESAV220P","2025","2025","05","3","100"
"1","201-STCHARLESAV220P","2025","2025","01","4","1200"
"1","201-STCHARLESAV220P","2025","2025","05","4","100"
"1","201-STCHARLESAV220P","2025","2025","01","6","650"
"1","201-STCHARLESAV220P","2025","2025","01","7","650"
"1","201-STCHARLESAV220P","2025","2025","01","5","1000"
"1","201-STCHARLESAV220P","2025","2025","05","5","100"
"1","201-STCHARLESAV220P","2025","2025","05","6","100"
"1","201-STCHARLESAV220P","2025","2025","05","7","100"
"1","201-STCHARLESAV220P","2025","2025","01","8","1000"
"1","201-STCHARLESAV220P","2025","2025","05","8","100"
"1","201-STCHARLESAV220P","2025","2025","01","9","500"
"1","201-STCHARLESAV220P","2025","2025","05","9","100"
"1","201-STCHARLESAV220P","2025","2025","01","10","1200"
"1","201-STCHARLESAV220P","2025","2025","05","10","100"
"1","201-STCHARLESAV220P","2025","2025","01","11","1200"
"1","201-STCHARLESAV220P","2025","2025","05","11","100"
"1","201-STCHARLESAV220P","2025","2025","01","12","1200"
"1","201-STCHARLESAV220P","2025","2025","05","12","100"
"6","4529-TCHOUPITOULASSTP","2025","2025","01","1","6775"
"6","4529-TCHOUPITOULASSTP","2025","2025","01","12","5812"
"7","626-SCARROLLTONAVP","2025","2025","02","1","23901"
"7","626-SCARROLLTONAVP","2025","2025","02","2","23001"
"7","626-SCARROLLTONAVP","2025","2025","02","3","22977"
"7","626-SCARROLLTONAVP","2025","2025","02","4","18803"
"7","626-SCARROLLTONAVP","2025","2025","02","5","19543"
"7","626-SCARROLLTONAVP","2025","2025","02","6","22471"
"7","626-SCARROLLTONAVP","2025","2025","02","7","19350"
"7","626-SCARROLLTONAVP","2025","2025","02","8","22010"
"7","626-SCARROLLTONAVP","2025","2025","02","9","24171"
"7","626-SCARROLLTONAVP","2025","2025","02","10","23181"
"7","626-SCARROLLTONAVP","2025","2025","02","11","23172"
"7","626-SCARROLLTONAVP","2025","2025","02","12","20853"
"2","630-STPETERSTP","2025","2025","02","1","55969"
"2","630-STPETERSTP","2025","2025","02","2","60805"
"2","630-STPETERSTP","2025","2025","02","3","92888"
"2","630-STPETERSTP","2025","2025","02","4","50897"
"2","630-STPETERSTP","2025","2025","02","5","56232"
"2","630-STPETERSTP","2025","2025","02","6","63415"
"2","630-STPETERSTP","2025","2025","02","7","49444"
"2","630-STPETERSTP","2025","2025","02","8","61046"
"2","630-STPETERSTP","2025","2025","02","9","47891"
"2","630-STPETERSTP","2025","2025","02","10","52246"
"2","630-STPETERSTP","2025","2025","02","11","58622"
"2","630-STPETERSTP","2025","2025","02","12","54722"
"1","1200-MAGAZINESTP","2025","2025","05","12","2500"
"6","1116-STELEMACHUSSTP","2025","2025","05","12","2500"
"1","701-TCHOUPITOULASSTP","2025","2025","01","1","36643"
"1","701-TCHOUPITOULASSTP","2025","2025","05","1","56051"
"1","701-TCHOUPITOULASSTP","2025","2025","01","2","39542"
"1","701-TCHOUPITOULASSTP","2025","2025","05","2","67687"
"1","701-TCHOUPITOULASSTP","2025","2025","01","3","40474"
"1","701-TCHOUPITOULASSTP","2025","2025","05","3","59428"
"1","701-TCHOUPITOULASSTP","2025","2025","01","4","37429"
"1","701-TCHOUPITOULASSTP","2025","2025","05","4","63906"
"1","701-TCHOUPITOULASSTP","2025","2025","01","5","34216"
"1","701-TCHOUPITOULASSTP","2025","2025","05","5","67088"
"1","701-TCHOUPITOULASSTP","2025","2025","01","6","34003"
"1","701-TCHOUPITOULASSTP","2025","2025","05","6","62053"
"1","701-TCHOUPITOULASSTP","2025","2025","01","7","32873"
"1","701-TCHOUPITOULASSTP","2025","2025","05","7","52834"
"1","701-TCHOUPITOULASSTP","2025","2025","01","8","35175"
"1","701-TCHOUPITOULASSTP","2025","2025","05","8","49729"
"1","701-TCHOUPITOULASSTP","2025","2025","01","9","34917"
"1","701-TCHOUPITOULASSTP","2025","2025","05","9","58001"
"1","701-TCHOUPITOULASSTP","2025","2025","01","10","36044"
"1","701-TCHOUPITOULASSTP","2025","2025","05","10","55679"
"1","701-TCHOUPITOULASSTP","2025","2025","01","11","37480"
"1","701-TCHOUPITOULASSTP","2025","2025","05","11","48683"
"1","701-TCHOUPITOULASSTP","2025","2025","01","12","35487"
"1","701-TCHOUPITOULASSTP","2025","2025","05","12","47189"
"3","4114-MARGNYSTP","2025","2025","99","1","5200"
"3","4114-MARGNYSTP","2025","2025","01","1","4000"
"3","4114-MARGNYSTP","2025","2025","02","1","1000"
"3","4114-MARGNYSTP","2025","2025","05","1","200"
"3","4114-MARGNYSTP","2025","2025","99","2","4400"
"3","4114-MARGNYSTP","2025","2025","01","2","3200"
"3","4114-MARGNYSTP","2025","2025","02","2","1000"
"3","4114-MARGNYSTP","2025","2025","05","2","200"
"3","4114-MARGNYSTP","2025","2025","99","3","4700"
"3","4114-MARGNYSTP","2025","2025","01","3","3500"
"3","4114-MARGNYSTP","2025","2025","02","3","1000"
"3","4114-MARGNYSTP","2025","2025","05","3","200"
"3","4114-MARGNYSTP","2025","2025","99","4","5200"
"3","4114-MARGNYSTP","2025","2025","01","4","4000"
"3","4114-MARGNYSTP","2025","2025","02","4","1000"
"3","4114-MARGNYSTP","2025","2025","05","4","200"
"3","4114-MARGNYSTP","2025","2025","99","5","5200"
"3","4114-MARGNYSTP","2025","2025","01","5","4000"
"3","4114-MARGNYSTP","2025","2025","02","5","1000"
"3","4114-MARGNYSTP","2025","2025","05","5","200"
"3","4114-MARGNYSTP","2025","2025","99","6","5200"
"3","4114-MARGNYSTP","2025","2025","01","6","4000"
"3","4114-MARGNYSTP","2025","2025","02","6","1000"
"3","4114-MARGNYSTP","2025","2025","05","6","200"
"3","4114-MARGNYSTP","2025","2025","99","7","6200"
"3","4114-MARGNYSTP","2025","2025","01","7","5000"
"3","4114-MARGNYSTP","2025","2025","02","7","1000"
"3","4114-MARGNYSTP","2025","2025","05","7","200"
"3","4114-MARGNYSTP","2025","2025","99","8","5700"
"3","4114-MARGNYSTP","2025","2025","01","8","4500"
"3","4114-MARGNYSTP","2025","2025","02","8","1000"
"3","4114-MARGNYSTP","2025","2025","05","8","200"
"3","4114-MARGNYSTP","2025","2025","99","9","5700"
"3","4114-MARGNYSTP","2025","2025","01","9","4500"
"3","4114-MARGNYSTP","2025","2025","02","9","1000"
"3","4114-MARGNYSTP","2025","2025","05","9","200"
"3","4114-MARGNYSTP","2025","2025","99","10","5700"
"3","4114-MARGNYSTP","2025","2025","01","10","4500"
"3","4114-MARGNYSTP","2025","2025","02","10","1000"
"3","4114-MARGNYSTP","2025","2025","05","10","200"
"3","4114-MARGNYSTP","2025","2025","99","11","5700"
"3","4114-MARGNYSTP","2025","2025","01","11","4500"
"3","4114-MARGNYSTP","2025","2025","02","11","1000"
"3","4114-MARGNYSTP","2025","2025","05","11","200"
"3","4114-MARGNYSTP","2025","2025","99","12","5200"
"3","4114-MARGNYSTP","2025","2025","01","12","4000"
"3","4114-MARGNYSTP","2025","2025","02","12","1000"
"3","4114-MARGNYSTP","2025","2025","05","12","200"
"3","1413-NCLAIBORNEAVP","2025","2025","01","1","9250"
"3","1413-NCLAIBORNEAVP","2025","2025","01","2","9365"
"3","1413-NCLAIBORNEAVP","2025","2025","01","3","9740"
"3","1413-NCLAIBORNEAVP","2025","2025","01","4","9110"
"3","1413-NCLAIBORNEAVP","2025","2025","01","5","8750"
"3","1413-NCLAIBORNEAVP","2025","2025","01","6","8945"
"3","1413-NCLAIBORNEAVP","2025","2025","01","7","9525"
"3","1413-NCLAIBORNEAVP","2025","2025","01","8","9680"
"3","1413-NCLAIBORNEAVP","2025","2025","01","9","10540"
"3","1413-NCLAIBORNEAVP","2025","2025","01","10","11620"
"3","1413-NCLAIBORNEAVP","2025","2025","01","11","12850"
"3","1413-NCLAIBORNEAVP","2025","2025","01","12","13650"
"6","3135-CALHOUNSTP","2025","2025","01","1","14300"
"6","3135-CALHOUNSTP","2025","2025","01","2","14300"
"6","3135-CALHOUNSTP","2025","2025","01","3","14300"
"6","3135-CALHOUNSTP","2025","2025","01","4","14300"
"6","3135-CALHOUNSTP","2025","2025","01","5","14300"
"6","3135-CALHOUNSTP","2025","2025","01","6","14300"
"6","3135-CALHOUNSTP","2025","2025","01","7","14300"
"6","3135-CALHOUNSTP","2025","2025","01","8","14300"
"6","3135-CALHOUNSTP","2025","2025","01","9","14300"
"6","3135-CALHOUNSTP","2025","2025","01","10","14300"
"6","3135-CALHOUNSTP","2025","2025","01","11","14300"
"6","3135-CALHOUNSTP","2025","2025","01","12","14300"
"3","7051-BULLARDAVP","2025","2025","05","1","910"
"3","7051-BULLARDAVP","2025","2025","05","2","910"
"3","7051-BULLARDAVP","2025","2025","05","3","910"
"3","7051-BULLARDAVP","2025","2025","05","4","910"
"3","7051-BULLARDAVP","2025","2025","05","5","910"
"3","7051-BULLARDAVP","2025","2025","05","6","910"
"3","7051-BULLARDAVP","2025","2025","05","7","910"
"3","7051-BULLARDAVP","2025","2025","05","8","910"
"3","7051-BULLARDAVP","2025","2025","05","9","910"
"3","7051-BULLARDAVP","2025","2025","05","10","910"
"3","7051-BULLARDAVP","2025","2025","05","11","910"
"3","7051-BULLARDAVP","2025","2025","05","12","910"
"6","5601-MAGAZINESTCP","2025","2025","01","1","315856"
"6","5601-MAGAZINESTCP","2025","2025","01","2","305719"
"6","5601-MAGAZINESTCP","2025","2025","01","3","320596"
"6","5601-MAGAZINESTCP","2025","2025","01","4","313722"
"6","5601-MAGAZINESTCP","2025","2025","01","5","313086"
"6","5601-MAGAZINESTCP","2025","2025","01","6","321800"
"6","5601-MAGAZINESTCP","2025","2025","01","7","314517"
"6","5601-MAGAZINESTCP","2025","2025","01","8","314282"
"6","5601-MAGAZINESTCP","2025","2025","01","9","330366"
"6","5601-MAGAZINESTCP","2025","2025","01","10","342175"
"6","5601-MAGAZINESTCP","2025","2025","01","11","345395"
"6","5601-MAGAZINESTCP","2025","2025","01","12","337453"
"1","701-POYDRASST130P","2025","2025","01","1","11390"
"1","701-POYDRASST130P","2025","2025","01","2","11390"
"1","701-POYDRASST130P","2025","2025","01","3","11390"
"1","701-POYDRASST130P","2025","2025","01","4","11390"
"1","701-POYDRASST130P","2025","2025","01","5","11390"
"1","701-POYDRASST130P","2025","2025","01","6","11390"
"1","701-POYDRASST130P","2025","2025","01","7","11390"
"1","701-POYDRASST130P","2025","2025","01","8","11390"
"1","701-POYDRASST130P","2025","2025","01","9","11390"
"1","701-POYDRASST130P","2025","2025","01","10","11390"
"1","701-POYDRASST130P","2025","2025","01","11","11390"
"1","701-POYDRASST130P","2025","2025","01","12","11390"
"7","5080-PONTCHARTRAINBDP","2025","2025","02","1","25830"
"7","5080-PONTCHARTRAINBDP","2025","2025","02","2","25023"
"7","5080-PONTCHARTRAINBDP","2025","2025","02","3","22969"
"7","5080-PONTCHARTRAINBDP","2025","2025","02","4","25483"
"7","5080-PONTCHARTRAINBDP","2025","2025","02","5","24392"
"7","5080-PONTCHARTRAINBDP","2025","2025","02","6","26750"
"7","5080-PONTCHARTRAINBDP","2025","2025","02","7","24619"
"7","5080-PONTCHARTRAINBDP","2025","2025","02","8","24543"
"7","5080-PONTCHARTRAINBDP","2025","2025","02","9","26150"
"7","5080-PONTCHARTRAINBDP","2025","2025","02","10","26032"
"7","5080-PONTCHARTRAINBDP","2025","2025","02","11","26032"
"7","5080-PONTCHARTRAINBDP","2025","2025","02","12","28210"
"2","135-CHARTRESSTP","2025","2025","05","1","8202"
"2","135-CHARTRESSTP","2025","2025","05","2","9963"
"2","135-CHARTRESSTP","2025","2025","05","3","9849"
"2","135-CHARTRESSTP","2025","2025","05","4","9976"
"2","135-CHARTRESSTP","2025","2025","05","5","8894"
"2","135-CHARTRESSTP","2025","2025","05","6","8160"
"2","135-CHARTRESSTP","2025","2025","05","7","7935"
"2","135-CHARTRESSTP","2025","2025","05","8","7966"
"2","135-CHARTRESSTP","2025","2025","05","9","9492"
"2","135-CHARTRESSTP","2025","2025","05","10","9951"
"2","135-CHARTRESSTP","2025","2025","05","11","9119"
"2","135-CHARTRESSTP","2025","2025","05","12","9233"
"2","608-IBERVILLESTP","2025","2025","05","1","5722"
"2","608-IBERVILLESTP","2025","2025","05","2","6608"
"2","608-IBERVILLESTP","2025","2025","05","3","6983"
"2","608-IBERVILLESTP","2025","2025","05","4","7233"
"2","608-IBERVILLESTP","2025","2025","05","5","7598"
"2","608-IBERVILLESTP","2025","2025","05","6","6784"
"2","608-IBERVILLESTP","2025","2025","05","7","5910"
"2","608-IBERVILLESTP","2025","2025","05","8","5737"
"2","608-IBERVILLESTP","2025","2025","05","9","5801"
"2","608-IBERVILLESTP","2025","2025","05","10","7920"
"2","608-IBERVILLESTP","2025","2025","05","11","6817"
"2","608-IBERVILLESTP","2025","2025","05","12","7820"
"7","140-WHARRISONAVP","2025","2025","01","1","11126"
"7","140-WHARRISONAVP","2025","2025","05","1","11384"
"7","140-WHARRISONAVP","2025","2025","01","2","12681"
"7","140-WHARRISONAVP","2025","2025","05","2","12108"
"7","140-WHARRISONAVP","2025","2025","01","3","15559"
"7","140-WHARRISONAVP","2025","2025","05","3","15561"
"7","140-WHARRISONAVP","2025","2025","01","4","7087"
"7","140-WHARRISONAVP","2025","2025","05","4","13802"
"7","140-WHARRISONAVP","2025","2025","01","5","8755"
"7","140-WHARRISONAVP","2025","2025","05","5","8394"
"7","140-WHARRISONAVP","2025","2025","01","6","16644"
"7","140-WHARRISONAVP","2025","2025","05","6","10794"
"7","140-WHARRISONAVP","2025","2025","01","7","8753"
"7","140-WHARRISONAVP","2025","2025","05","7","10589"
"7","140-WHARRISONAVP","2025","2025","01","8","14353"
"7","140-WHARRISONAVP","2025","2025","05","8","17957"
"7","140-WHARRISONAVP","2025","2025","01","9","20822"
"7","140-WHARRISONAVP","2025","2025","05","9","16401"
"7","140-WHARRISONAVP","2025","2025","01","10","14193"
"7","140-WHARRISONAVP","2025","2025","05","10","14786"
"7","140-WHARRISONAVP","2025","2025","01","11","9666"
"7","140-WHARRISONAVP","2025","2025","05","11","9586"
"7","140-WHARRISONAVP","2025","2025","01","12","14130"
"7","140-WHARRISONAVP","2025","2025","05","12","14239"
"2","620-JACKSONBREWERY110P","2025","2025","01","1","2130"
"2","620-JACKSONBREWERY110P","2025","2025","01","2","1630"
"2","620-JACKSONBREWERY110P","2025","2025","01","3","3890"
"2","620-JACKSONBREWERY110P","2025","2025","01","4","4742"
"2","620-JACKSONBREWERY110P","2025","2025","01","5","6905"
"2","620-JACKSONBREWERY110P","2025","2025","01","6","8720"
"2","620-JACKSONBREWERY110P","2025","2025","01","7","7002"
"2","620-JACKSONBREWERY110P","2025","2025","01","8","6212"
"2","620-JACKSONBREWERY110P","2025","2025","01","9","8423"
"2","620-JACKSONBREWERY110P","2025","2025","01","10","11233"
"2","620-JACKSONBREWERY110P","2025","2025","01","11","10210"
"2","620-JACKSONBREWERY110P","2025","2025","01","12","12735"
"1","641-TCHOUPITOULASSTP","2025","2025","04","1","29580"
"1","641-TCHOUPITOULASSTP","2025","2025","04","2","21279"
"1","641-TCHOUPITOULASSTP","2025","2025","04","3","19912"
"1","641-TCHOUPITOULASSTP","2025","2025","04","4","16459"
"1","641-TCHOUPITOULASSTP","2025","2025","04","5","23498"
"1","641-TCHOUPITOULASSTP","2025","2025","04","6","22402"
"1","641-TCHOUPITOULASSTP","2025","2025","04","7","20213"
"1","641-TCHOUPITOULASSTP","2025","2025","04","8","20837"
"1","641-TCHOUPITOULASSTP","2025","2025","04","9","20793"
"1","641-TCHOUPITOULASSTP","2025","2025","04","10","18117"
"1","641-TCHOUPITOULASSTP","2025","2025","04","11","21576"
"1","641-TCHOUPITOULASSTP","2025","2025","04","12","18773"
"6","5004-PRYTANIASTP","2025","2025","04","1","111300"
"6","5004-PRYTANIASTP","2025","2025","04","2","109641"
"6","5004-PRYTANIASTP","2025","2025","04","3","136230"
"6","5004-PRYTANIASTP","2025","2025","04","4","127810"
"6","5004-PRYTANIASTP","2025","2025","04","5","134987"
"6","5004-PRYTANIASTP","2025","2025","04","6","109380"
"6","5004-PRYTANIASTP","2025","2025","04","7","97676"
"6","5004-PRYTANIASTP","2025","2025","04","8","99113"
"6","5004-PRYTANIASTP","2025","2025","04","9","95942"
"6","5004-PRYTANIASTP","2025","2025","04","10","130820"
"6","5004-PRYTANIASTP","2025","2025","04","11","125295"
"6","5004-PRYTANIASTP","2025","2025","04","12","178463"
"3","2200-ROYALSTP","2025","2025","02","1","3200"
"3","2200-ROYALSTP","2025","2025","05","1","850"
"3","2200-ROYALSTP","2025","2025","02","2","3800"
"3","2200-ROYALSTP","2025","2025","05","2","850"
"3","2200-ROYALSTP","2025","2025","02","3","4500"
"3","2200-ROYALSTP","2025","2025","05","3","1200"
"3","2200-ROYALSTP","2025","2025","02","4","4500"
"3","2200-ROYALSTP","2025","2025","05","4","1500"
"3","2200-ROYALSTP","2025","2025","02","5","3600"
"3","2200-ROYALSTP","2025","2025","05","5","1200"
"3","2200-ROYALSTP","2025","2025","02","6","3200"
"3","2200-ROYALSTP","2025","2025","05","6","980"
"3","2200-ROYALSTP","2025","2025","02","7","3200"
"3","2200-ROYALSTP","2025","2025","05","7","950"
"3","2200-ROYALSTP","2025","2025","02","8","3200"
"3","2200-ROYALSTP","2025","2025","05","8","850"
"3","2200-ROYALSTP","2025","2025","02","9","4200"
"3","2200-ROYALSTP","2025","2025","05","9","1200"
"3","2200-ROYALSTP","2025","2025","02","10","4500"
"3","2200-ROYALSTP","2025","2025","05","10","1500"
"3","2200-ROYALSTP","2025","2025","02","11","3800"
"3","2200-ROYALSTP","2025","2025","05","11","1200"
"3","2200-ROYALSTP","2025","2025","02","12","3200"
"3","2200-ROYALSTP","2025","2025","05","12","950"
"7","710-DUBLINSTP","2025","2025","01","1","525"
"7","710-DUBLINSTP","2025","2025","03","1","350"
"7","710-DUBLINSTP","2025","2025","04","1","250"
"7","710-DUBLINSTP","2025","2025","05","1","120"
"7","710-DUBLINSTP","2025","2025","01","2","600"
"7","710-DUBLINSTP","2025","2025","03","2","550"
"7","710-DUBLINSTP","2025","2025","04","2","350"
"7","710-DUBLINSTP","2025","2025","05","2","150"
"7","710-DUBLINSTP","2025","2025","01","3","720"
"7","710-DUBLINSTP","2025","2025","03","3","550"
"7","710-DUBLINSTP","2025","2025","04","3","400"
"7","710-DUBLINSTP","2025","2025","05","3","125"
"7","710-DUBLINSTP","2025","2025","01","4","650"
"7","710-DUBLINSTP","2025","2025","03","4","450"
"7","710-DUBLINSTP","2025","2025","04","4","550"
"7","710-DUBLINSTP","2025","2025","05","4","150"
"7","710-DUBLINSTP","2025","2025","01","5","550"
"7","710-DUBLINSTP","2025","2025","03","5","650"
"7","710-DUBLINSTP","2025","2025","04","5","550"
"7","710-DUBLINSTP","2025","2025","05","5","200"
"7","710-DUBLINSTP","2025","2025","01","6","650"
"7","710-DUBLINSTP","2025","2025","03","6","600"
"7","710-DUBLINSTP","2025","2025","04","6","400"
"7","710-DUBLINSTP","2025","2025","05","6","220"
"7","710-DUBLINSTP","2025","2025","01","7","700"
"7","710-DUBLINSTP","2025","2025","03","7","500"
"7","710-DUBLINSTP","2025","2025","04","7","300"
"7","710-DUBLINSTP","2025","2025","05","7","150"
"7","710-DUBLINSTP","2025","2025","01","8","450"
"7","710-DUBLINSTP","2025","2025","03","8","350"
"7","710-DUBLINSTP","2025","2025","04","8","250"
"7","710-DUBLINSTP","2025","2025","05","8","75"
"7","710-DUBLINSTP","2025","2025","01","9","550"
"7","710-DUBLINSTP","2025","2025","03","9","350"
"7","710-DUBLINSTP","2025","2025","04","9","350"
"7","710-DUBLINSTP","2025","2025","05","9","75"
"7","710-DUBLINSTP","2025","2025","01","10","600"
"7","710-DUBLINSTP","2025","2025","03","10","500"
"7","710-DUBLINSTP","2025","2025","04","10","450"
"7","710-DUBLINSTP","2025","2025","05","10","200"
"7","710-DUBLINSTP","2025","2025","01","11","450"
"7","710-DUBLINSTP","2025","2025","03","11","600"
"7","710-DUBLINSTP","2025","2025","04","11","500"
"7","710-DUBLINSTP","2025","2025","05","11","220"
"7","710-DUBLINSTP","2025","2025","01","12","400"
"7","710-DUBLINSTP","2025","2025","03","12","500"
"7","710-DUBLINSTP","2025","2025","04","12","400"
"7","710-DUBLINSTP","2025","2025","05","12","150"
"2","913-NCLAIBORNEAVP","2025","2025","01","1","5150"
"2","913-NCLAIBORNEAVP","2025","2025","01","2","5230"
"2","913-NCLAIBORNEAVP","2025","2025","01","3","5540"
"2","913-NCLAIBORNEAVP","2025","2025","01","4","5680"
"2","913-NCLAIBORNEAVP","2025","2025","01","5","5225"
"2","913-NCLAIBORNEAVP","2025","2025","01","6","5165"
"2","913-NCLAIBORNEAVP","2025","2025","01","7","4940"
"2","913-NCLAIBORNEAVP","2025","2025","01","8","5370"
"2","913-NCLAIBORNEAVP","2025","2025","01","9","5660"
"2","913-NCLAIBORNEAVP","2025","2025","01","10","5745"
"2","913-NCLAIBORNEAVP","2025","2025","01","11","6050"
"2","913-NCLAIBORNEAVP","2025","2025","01","12","6190"
"6","529-JEFFERSONAVP","2025","2025","05","1","215"
"6","529-JEFFERSONAVP","2025","2025","05","2","230"
"6","529-JEFFERSONAVP","2025","2025","05","3","220"
"6","529-JEFFERSONAVP","2025","2025","05","4","185"
"6","529-JEFFERSONAVP","2025","2025","05","5","170"
"6","529-JEFFERSONAVP","2025","2025","05","6","155"
"6","529-JEFFERSONAVP","2025","2025","05","7","150"
"6","529-JEFFERSONAVP","2025","2025","05","8","180"
"6","529-JEFFERSONAVP","2025","2025","05","9","205"
"6","529-JEFFERSONAVP","2025","2025","05","10","200"
"6","529-JEFFERSONAVP","2025","2025","05","11","245"
"6","529-JEFFERSONAVP","2025","2025","05","12","260"
"3","1239-MONTEGUTSTP","2025","2025","04","1","109061"
"3","1239-MONTEGUTSTP","2025","2025","04","2","98174"
"3","1239-MONTEGUTSTP","2025","2025","04","3","114503"
"3","1239-MONTEGUTSTP","2025","2025","04","4","110741"
"3","1239-MONTEGUTSTP","2025","2025","04","5","75327"
"3","1239-MONTEGUTSTP","2025","2025","04","6","80964"
"3","1239-MONTEGUTSTP","2025","2025","04","7","91049"
"3","1239-MONTEGUTSTP","2025","2025","04","8","121493"
"3","1239-MONTEGUTSTP","2025","2025","04","9","82578"
"3","1239-MONTEGUTSTP","2025","2025","04","10","110004"
"3","1239-MONTEGUTSTP","2025","2025","04","11","74614"
"3","1239-MONTEGUTSTP","2025","2025","04","12","68593"
"1","2929-TULANEAV01P","2025","2025","01","1","200"
"1","2929-TULANEAV01P","2025","2025","01","2","200"
"1","2929-TULANEAV01P","2025","2025","01","3","200"
"1","2929-TULANEAV01P","2025","2025","01","4","200"
"1","2929-TULANEAV01P","2025","2025","01","5","200"
"1","2929-TULANEAV01P","2025","2025","01","6","200"
"1","2929-TULANEAV01P","2025","2025","01","7","200"
"1","2929-TULANEAV01P","2025","2025","01","8","200"
"1","2929-TULANEAV01P","2025","2025","01","9","200"
"1","2929-TULANEAV01P","2025","2025","01","10","200"
"1","2929-TULANEAV01P","2025","2025","01","11","200"
"1","2929-TULANEAV01P","2025","2025","01","12","200"
"6","5505-MAGAZINESTP","2025","2025","01","1","30500"
"6","5505-MAGAZINESTP","2025","2025","01","2","30500"
"6","5505-MAGAZINESTP","2025","2025","01","3","30500"
"6","5505-MAGAZINESTP","2025","2025","01","4","30500"
"6","5505-MAGAZINESTP","2025","2025","01","5","30500"
"6","5505-MAGAZINESTP","2025","2025","01","6","30500"
"6","5505-MAGAZINESTP","2025","2025","01","7","30500"
"6","5505-MAGAZINESTP","2025","2025","01","8","30500"
"6","5505-MAGAZINESTP","2025","2025","01","9","30500"
"6","5505-MAGAZINESTP","2025","2025","01","10","30500"
"6","5505-MAGAZINESTP","2025","2025","01","11","30500"
"6","5505-MAGAZINESTP","2025","2025","01","12","30500"
"1","1522-MAGAZINESTP","2025","2025","01","1","1000"
"1","1522-MAGAZINESTP","2025","2025","01","2","1000"
"1","1522-MAGAZINESTP","2025","2025","01","3","1000"
"1","1522-MAGAZINESTP","2025","2025","01","4","1000"
"1","1522-MAGAZINESTP","2025","2025","01","5","1000"
"1","1522-MAGAZINESTP","2025","2025","01","6","1000"
"1","1522-MAGAZINESTP","2025","2025","01","7","1000"
"1","1522-MAGAZINESTP","2025","2025","01","8","1000"
"1","1522-MAGAZINESTP","2025","2025","01","9","1000"
"1","1522-MAGAZINESTP","2025","2025","01","10","1000"
"1","1522-MAGAZINESTP","2025","2025","01","11","1000"
"1","1522-MAGAZINESTP","2025","2025","01","12","1000"
"2","65-FRENCHMARKETPLP","2025","2025","01","1","4000"
"2","65-FRENCHMARKETPLP","2025","2025","01","2","4000"
"2","65-FRENCHMARKETPLP","2025","2025","01","3","4000"
"2","65-FRENCHMARKETPLP","2025","2025","01","4","4000"
"2","65-FRENCHMARKETPLP","2025","2025","01","5","4000"
"2","65-FRENCHMARKETPLP","2025","2025","01","6","4000"
"2","65-FRENCHMARKETPLP","2025","2025","01","7","4000"
"2","65-FRENCHMARKETPLP","2025","2025","01","8","4000"
"2","65-FRENCHMARKETPLP","2025","2025","01","9","4000"
"2","65-FRENCHMARKETPLP","2025","2025","01","10","4000"
"2","65-FRENCHMARKETPLP","2025","2025","01","11","4000"
"2","65-FRENCHMARKETPLP","2025","2025","01","12","4000"
"3","1943-NRAMPARTSTP","2025","2025","01","1","5000"
"3","1943-NRAMPARTSTP","2025","2025","01","2","5000"
"3","1943-NRAMPARTSTP","2025","2025","01","3","5000"
"3","1943-NRAMPARTSTP","2025","2025","01","4","5000"
"3","1943-NRAMPARTSTP","2025","2025","01","5","5000"
"3","1943-NRAMPARTSTP","2025","2025","01","6","5000"
"3","1943-NRAMPARTSTP","2025","2025","01","7","5000"
"3","1943-NRAMPARTSTP","2025","2025","01","8","5000"
"3","1943-NRAMPARTSTP","2025","2025","01","9","5000"
"3","1943-NRAMPARTSTP","2025","2025","01","10","5000"
"3","1943-NRAMPARTSTP","2025","2025","01","11","5000"
"3","1943-NRAMPARTSTP","2025","2025","01","12","5000"
"3","2514-STCLAUDEAVP","2025","2025","01","1","4000"
"3","2514-STCLAUDEAVP","2025","2025","01","2","4000"
"3","2514-STCLAUDEAVP","2025","2025","01","3","4000"
"3","2514-STCLAUDEAVP","2025","2025","01","4","4000"
"3","2514-STCLAUDEAVP","2025","2025","01","5","4000"
"3","2514-STCLAUDEAVP","2025","2025","01","6","4000"
"3","2514-STCLAUDEAVP","2025","2025","01","7","4000"
"3","2514-STCLAUDEAVP","2025","2025","01","8","4000"
"3","2514-STCLAUDEAVP","2025","2025","01","9","4000"
"3","2514-STCLAUDEAVP","2025","2025","01","10","4000"
"3","2514-STCLAUDEAVP","2025","2025","01","11","4000"
"3","2514-STCLAUDEAVP","2025","2025","01","12","4000"
"6","4507-MAGAZINEST1P","2025","2025","01","1","16185"
"6","4507-MAGAZINEST1P","2025","2025","01","2","15156"
"6","4507-MAGAZINEST1P","2025","2025","01","3","13309"
"6","4507-MAGAZINEST1P","2025","2025","01","4","10481"
"6","4507-MAGAZINEST1P","2025","2025","01","5","12124"
"6","4507-MAGAZINEST1P","2025","2025","01","6","12356"
"6","4507-MAGAZINEST1P","2025","2025","01","7","12432"
"6","4507-MAGAZINEST1P","2025","2025","01","8","9848"
"6","4507-MAGAZINEST1P","2025","2025","01","9","10350"
"6","4507-MAGAZINEST1P","2025","2025","01","10","11499"
"6","4507-MAGAZINEST1P","2025","2025","01","11","11250"
"6","4507-MAGAZINEST1P","2025","2025","01","12","11505"
"2","231-NCARROLLTONAVBP","2025","2025","01","1","22294"
"2","231-NCARROLLTONAVBP","2025","2025","01","2","23004"
"2","231-NCARROLLTONAVBP","2025","2025","01","3","19240"
"2","231-NCARROLLTONAVBP","2025","2025","01","4","20460"
"2","231-NCARROLLTONAVBP","2025","2025","01","5","19821"
"2","231-NCARROLLTONAVBP","2025","2025","01","6","18944"
"2","231-NCARROLLTONAVBP","2025","2025","01","7","19622"
"2","231-NCARROLLTONAVBP","2025","2025","01","8","19151"
"2","231-NCARROLLTONAVBP","2025","2025","01","9","17947"
"2","231-NCARROLLTONAVBP","2025","2025","01","10","19714"
"2","231-NCARROLLTONAVBP","2025","2025","01","11","21263"
"2","231-NCARROLLTONAVBP","2025","2025","01","12","18845"
"3","2268-STCLAUDEAVP","2025","2025","01","1","10010"
"3","2268-STCLAUDEAVP","2025","2025","01","2","9442"
"3","2268-STCLAUDEAVP","2025","2025","01","3","10393"
"3","2268-STCLAUDEAVP","2025","2025","01","4","9502"
"3","2268-STCLAUDEAVP","2025","2025","01","5","9385"
"3","2268-STCLAUDEAVP","2025","2025","01","6","9909"
"3","2268-STCLAUDEAVP","2025","2025","01","7","11235"
"3","2268-STCLAUDEAVP","2025","2025","01","8","9862"
"3","2268-STCLAUDEAVP","2025","2025","01","9","9640"
"3","2268-STCLAUDEAVP","2025","2025","01","10","10072"
"3","2268-STCLAUDEAVP","2025","2025","01","11","10306"
"3","2268-STCLAUDEAVP","2025","2025","01","12","9519"
"7","1000-SCARROLLTONAVP","2025","2025","05","1","18809"
"7","1000-SCARROLLTONAVP","2025","2025","05","2","18809"
"7","1000-SCARROLLTONAVP","2025","2025","05","3","18809"
"7","1000-SCARROLLTONAVP","2025","2025","05","4","18809"
"7","1000-SCARROLLTONAVP","2025","2025","05","5","18809"
"7","1000-SCARROLLTONAVP","2025","2025","05","6","18809"
"7","1000-SCARROLLTONAVP","2025","2025","05","7","18809"
"7","1000-SCARROLLTONAVP","2025","2025","05","8","18809"
"7","1000-SCARROLLTONAVP","2025","2025","05","9","18809"
"7","1000-SCARROLLTONAVP","2025","2025","05","10","18809"
"7","1000-SCARROLLTONAVP","2025","2025","05","11","18809"
"7","1000-SCARROLLTONAVP","2025","2025","05","12","18809"
"2","700-NRAMPARTSTP","2025","2025","01","1","16000"
"2","700-NRAMPARTSTP","2025","2025","01","2","16000"
"2","700-NRAMPARTSTP","2025","2025","01","3","16000"
"2","700-NRAMPARTSTP","2025","2025","01","4","16000"
"2","700-NRAMPARTSTP","2025","2025","01","5","16000"
"2","700-NRAMPARTSTP","2025","2025","01","6","16000"
"2","700-NRAMPARTSTP","2025","2025","01","7","16000"
"2","700-NRAMPARTSTP","2025","2025","01","8","16000"
"2","700-NRAMPARTSTP","2025","2025","01","9","16000"
"2","700-NRAMPARTSTP","2025","2025","01","10","16000"
"2","700-NRAMPARTSTP","2025","2025","01","11","16000"
"2","700-NRAMPARTSTP","2025","2025","01","12","16000"
"1","848-BARONNESTP","2025","2025","05","1","125"
"1","848-BARONNESTP","2025","2025","05","2","98"
"1","848-BARONNESTP","2025","2025","05","3","115"
"1","848-BARONNESTP","2025","2025","05","4","142"
"1","848-BARONNESTP","2025","2025","05","5","124"
"1","848-BARONNESTP","2025","2025","05","6","110"
"1","848-BARONNESTP","2025","2025","05","7","150"
"1","848-BARONNESTP","2025","2025","05","8","105"
"1","848-BARONNESTP","2025","2025","05","9","108"
"1","848-BARONNESTP","2025","2025","05","10","139"
"1","848-BARONNESTP","2025","2025","05","11","154"
"1","848-BARONNESTP","2025","2025","05","12","145"
"6","6112-MAGAZINESTP","2025","2025","05","1","20624"
"6","6112-MAGAZINESTP","2025","2025","05","2","20624"
"6","6112-MAGAZINESTP","2025","2025","05","3","20624"
"6","6112-MAGAZINESTP","2025","2025","05","4","20624"
"6","6112-MAGAZINESTP","2025","2025","05","5","20624"
"6","6112-MAGAZINESTP","2025","2025","05","6","20624"
"6","6112-MAGAZINESTP","2025","2025","05","7","20624"
"6","6112-MAGAZINESTP","2025","2025","05","8","20624"
"6","6112-MAGAZINESTP","2025","2025","05","9","20624"
"6","6112-MAGAZINESTP","2025","2025","05","10","20624"
"6","6112-MAGAZINESTP","2025","2025","05","11","20624"
"6","6112-MAGAZINESTP","2025","2025","05","12","20624"
"6","3828-DRYADESSTP","2025","2025","01","1","2528"
"6","3828-DRYADESSTP","2025","2025","01","2","2575"
"6","3828-DRYADESSTP","2025","2025","01","3","2620"
"6","3828-DRYADESSTP","2025","2025","01","4","1907"
"6","3828-DRYADESSTP","2025","2025","01","5","1670"
"6","3828-DRYADESSTP","2025","2025","01","6","996"
"6","3828-DRYADESSTP","2025","2025","01","7","1797"
"6","3828-DRYADESSTP","2025","2025","01","8","1398"
"6","3828-DRYADESSTP","2025","2025","01","9","2700"
"6","3828-DRYADESSTP","2025","2025","01","10","1717"
"6","3828-DRYADESSTP","2025","2025","01","11","3338"
"6","3828-DRYADESSTP","2025","2025","01","12","1369"
"4","3001-TCHOUPITOULASSTP","2025","2025","99","1","20911"
"4","3001-TCHOUPITOULASSTP","2025","2025","01","1","18042"
"4","3001-TCHOUPITOULASSTP","2025","2025","02","1","105238"
"4","3001-TCHOUPITOULASSTP","2025","2025","03","1","38720"
"4","3001-TCHOUPITOULASSTP","2025","2025","04","1","11281"
"4","3001-TCHOUPITOULASSTP","2025","2025","05","1","121895"
"4","3001-TCHOUPITOULASSTP","2025","2025","99","2","20911"
"4","3001-TCHOUPITOULASSTP","2025","2025","01","2","20190"
"4","3001-TCHOUPITOULASSTP","2025","2025","02","2","105844"
"4","3001-TCHOUPITOULASSTP","2025","2025","03","2","26890"
"4","3001-TCHOUPITOULASSTP","2025","2025","04","2","15899"
"4","3001-TCHOUPITOULASSTP","2025","2025","05","2","133487"
"4","3001-TCHOUPITOULASSTP","2025","2025","99","3","17846"
"4","3001-TCHOUPITOULASSTP","2025","2025","01","3","20516"
"4","3001-TCHOUPITOULASSTP","2025","2025","02","3","108455"
"4","3001-TCHOUPITOULASSTP","2025","2025","03","3","29423"
"4","3001-TCHOUPITOULASSTP","2025","2025","04","3","9989"
"4","3001-TCHOUPITOULASSTP","2025","2025","05","3","128360"
"4","3001-TCHOUPITOULASSTP","2025","2025","99","4","19536"
"4","3001-TCHOUPITOULASSTP","2025","2025","01","4","20783"
"4","3001-TCHOUPITOULASSTP","2025","2025","02","4","95753"
"4","3001-TCHOUPITOULASSTP","2025","2025","03","4","29653"
"4","3001-TCHOUPITOULASSTP","2025","2025","04","4","8482"
"4","3001-TCHOUPITOULASSTP","2025","2025","05","4","121773"
"4","3001-TCHOUPITOULASSTP","2025","2025","99","5","19536"
"4","3001-TCHOUPITOULASSTP","2025","2025","01","5","19092"
"4","3001-TCHOUPITOULASSTP","2025","2025","02","5","88872"
"4","3001-TCHOUPITOULASSTP","2025","2025","03","5","30350"
"4","3001-TCHOUPITOULASSTP","2025","2025","04","5","7055"
"4","3001-TCHOUPITOULASSTP","2025","2025","05","5","127133"
"4","3001-TCHOUPITOULASSTP","2025","2025","99","6","19536"
"4","3001-TCHOUPITOULASSTP","2025","2025","01","6","18613"
"4","3001-TCHOUPITOULASSTP","2025","2025","02","6","97084"
"4","3001-TCHOUPITOULASSTP","2025","2025","03","6","37745"
"4","3001-TCHOUPITOULASSTP","2025","2025","04","6","6529"
"4","3001-TCHOUPITOULASSTP","2025","2025","05","6","119934"
"4","3001-TCHOUPITOULASSTP","2025","2025","99","7","19536"
"4","3001-TCHOUPITOULASSTP","2025","2025","01","7","17812"
"4","3001-TCHOUPITOULASSTP","2025","2025","02","7","92713"
"4","3001-TCHOUPITOULASSTP","2025","2025","03","7","32586"
"4","3001-TCHOUPITOULASSTP","2025","2025","04","7","7983"
"4","3001-TCHOUPITOULASSTP","2025","2025","05","7","118759"
"4","3001-TCHOUPITOULASSTP","2025","2025","99","8","19536"
"4","3001-TCHOUPITOULASSTP","2025","2025","01","8","26974"
"4","3001-TCHOUPITOULASSTP","2025","2025","02","8","92749"
"4","3001-TCHOUPITOULASSTP","2025","2025","03","8","15986"
"4","3001-TCHOUPITOULASSTP","2025","2025","04","8","11026"
"4","3001-TCHOUPITOULASSTP","2025","2025","05","8","105329"
"4","3001-TCHOUPITOULASSTP","2025","2025","99","9","20015"
"4","3001-TCHOUPITOULASSTP","2025","2025","01","9","25739"
"4","3001-TCHOUPITOULASSTP","2025","2025","02","9","92761"
"4","3001-TCHOUPITOULASSTP","2025","2025","03","9","15854"
"4","3001-TCHOUPITOULASSTP","2025","2025","04","9","9412"
"4","3001-TCHOUPITOULASSTP","2025","2025","05","9","105288"
"4","3001-TCHOUPITOULASSTP","2025","2025","99","10","20015"
"4","3001-TCHOUPITOULASSTP","2025","2025","01","10","25696"
"4","3001-TCHOUPITOULASSTP","2025","2025","02","10","92761"
"4","3001-TCHOUPITOULASSTP","2025","2025","03","10","15854"
"4","3001-TCHOUPITOULASSTP","2025","2025","04","10","9105"
"4","3001-TCHOUPITOULASSTP","2025","2025","05","10","105288"
"4","3001-TCHOUPITOULASSTP","2025","2025","99","11","20015"
"4","3001-TCHOUPITOULASSTP","2025","2025","01","11","24912"
"4","3001-TCHOUPITOULASSTP","2025","2025","02","11","80499"
"4","3001-TCHOUPITOULASSTP","2025","2025","03","11","15854"
"4","3001-TCHOUPITOULASSTP","2025","2025","04","11","8704"
"4","3001-TCHOUPITOULASSTP","2025","2025","05","11","74544"
"4","3001-TCHOUPITOULASSTP","2025","2025","99","12","2818"
"4","3001-TCHOUPITOULASSTP","2025","2025","01","12","24941"
"4","3001-TCHOUPITOULASSTP","2025","2025","02","12","77506"
"4","3001-TCHOUPITOULASSTP","2025","2025","03","12","5705"
"4","3001-TCHOUPITOULASSTP","2025","2025","04","12","5538"
"4","3001-TCHOUPITOULASSTP","2025","2025","05","12","82357"
"3","640-FRENCHMENSTP","2025","2025","02","1","15475"
"3","640-FRENCHMENSTP","2025","2025","02","2","20789"
"3","640-FRENCHMENSTP","2025","2025","02","3","21423"
"3","640-FRENCHMENSTP","2025","2025","02","4","18458"
"3","640-FRENCHMENSTP","2025","2025","02","5","15236"
"3","640-FRENCHMENSTP","2025","2025","02","6","16990"
"3","640-FRENCHMENSTP","2025","2025","02","7","17005"
"3","640-FRENCHMENSTP","2025","2025","02","8","18523"
"3","640-FRENCHMENSTP","2025","2025","02","9","17859"
"3","640-FRENCHMENSTP","2025","2025","02","10","16256"
"3","640-FRENCHMENSTP","2025","2025","02","11","15265"
"3","640-FRENCHMENSTP","2025","2025","02","12","15004"
